cod_municipio,municipio,uf,nome_uf,cod_regiao_intermediaria,regiao_intermediaria,cod_regiao_imediata,regiao_imediata,populacao_total,masc_total,fem_total,masc_16_19,fem_16_19,masc_20_29,fem_20_29,masc_30_39,fem_30_39,masc_40_49,fem_40_49,masc_50mais,fem_50mais,renda_ate_2sm,renda_2_a_5sm,renda_5_a_10sm,renda_mais_10sm,idade_exata_disponivel
1100015,Alta Floresta D'Oeste,RO,Rondônia,1102,Ji-Paraná,110005,Cacoal,21345,10744,10601,685,634,1510,1508,1528,1627,1479,1642,2927,2730,4131,2129,524,152,True
1100379,Alto Alegre dos Parecis,RO,Rondônia,1102,Ji-Paraná,110005,Cacoal,11466,5870,5596,364,354,813,759,826,868,841,807,1590,1384,2360,869,198,41,True
1100403,Alto Paraíso,RO,Rondônia,1101,Porto Velho,110002,Ariquemes,16320,8342,7978,538,515,1214,1242,1155,1216,1229,1152,2238,1875,3037,1463,351,94,True
1100346,Alvorada D'Oeste,RO,Rondônia,1102,Ji-Paraná,110004,Ji-Paraná,13113,6612,6501,373,389,882,879,866,953,957,994,2063,1943,2813,1408,408,122,True
1100023,Ariquemes,RO,Rondônia,1101,Porto Velho,110002,Ariquemes,96257,47464,48793,3115,3104,7944,8272,7346,8049,6716,7270,10757,11015,11456,9747,3493,1351,True
1100452,Buritis,RO,Rondônia,1101,Porto Velho,110002,Ariquemes,27885,14111,13774,974,956,2154,2147,2065,2290,2086,2019,3362,2935,5421,2824,696,202,True
1100031,Cabixi,RO,Rondônia,1102,Ji-Paraná,110006,Vilhena,5335,2696,2639,146,137,264,274,365,410,400,363,923,843,1148,545,132,35,True
1100601,Cacaulândia,RO,Rondônia,1101,Porto Velho,110002,Ariquemes,4150,2138,2012,134,100,264,269,319,319,287,280,606,519,900,522,166,43,True
1100049,Cacoal,RO,Rondônia,1102,Ji-Paraná,110005,Cacoal,86405,42157,44248,2552,2551,7052,7475,6757,7133,5971,6570,10310,11182,10541,8593,3132,1186,True
1100700,Campo Novo de Rondônia,RO,Rondônia,1101,Porto Velho,110002,Ariquemes,8838,4658,4180,309,269,628,572,615,635,687,669,1263,974,2171,825,163,47,True
1100809,Candeias do Jamari,RO,Rondônia,1101,Porto Velho,110001,Porto Velho,22304,11464,10840,787,721,1793,1752,1673,1640,1516,1510,2622,2268,2761,1777,524,137,True
1100908,Castanheiras,RO,Rondônia,1102,Ji-Paraná,110005,Cacoal,3233,1658,1575,83,85,184,214,212,219,268,249,543,476,623,347,88,19,True
1100056,Cerejeiras,RO,Rondônia,1102,Ji-Paraná,110006,Vilhena,15802,7781,8021,462,431,1179,1137,1173,1332,1084,1141,2083,2150,2711,1783,565,163,True
1100924,Chupinguaia,RO,Rondônia,1102,Ji-Paraná,110006,Vilhena,9284,4711,4573,297,295,724,743,764,757,693,648,965,819,1101,823,234,49,True
1100064,Colorado do Oeste,RO,Rondônia,1102,Ji-Paraná,110006,Vilhena,15663,7801,7862,438,437,1042,1064,1081,1159,1169,1175,2369,2394,3137,1818,610,202,True
1100072,Corumbiara,RO,Rondônia,1102,Ji-Paraná,110006,Vilhena,7503,3909,3594,229,212,514,503,606,577,559,566,1156,962,1543,816,162,30,True
1100080,Costa Marques,RO,Rondônia,1102,Ji-Paraná,110004,Ji-Paraná,12543,6462,6081,479,449,943,958,944,904,915,857,1435,1195,2180,941,276,82,True
1100940,Cujubim,RO,Rondônia,1101,Porto Velho,110002,Ariquemes,14841,7685,7156,470,473,1115,1176,1166,1168,1176,1066,1703,1280,2270,1558,429,126,True
1100098,Espigão D'Oeste,RO,Rondônia,1102,Ji-Paraná,110005,Cacoal,29306,14709,14597,902,893,2161,2214,2317,2388,2172,2170,3687,3544,4219,2858,841,235,True
1101005,Governador Jorge Teixeira,RO,Rondônia,1101,Porto Velho,110003,Jaru,7957,4057,3900,249,231,530,545,577,564,588,598,1196,1047,1823,838,182,42,True
1100106,Guajará-Mirim,RO,Rondônia,1101,Porto Velho,110001,Porto Velho,38936,19352,19584,1439,1369,2965,2858,2624,2784,2515,2691,3982,4104,4892,3294,1295,475,True
1101104,Itapuã do Oeste,RO,Rondônia,1101,Porto Velho,110001,Porto Velho,8546,4455,4091,294,244,632,631,650,617,582,560,1054,903,1409,756,198,34,True
1100114,Jaru,RO,Rondônia,1101,Porto Velho,110003,Jaru,50410,24783,25627,1457,1594,3874,4205,3906,4040,3645,3903,6155,6255,7947,5199,1434,507,True
1100122,Ji-Paraná,RO,Rondônia,1102,Ji-Paraná,110004,Ji-Paraná,123868,60766,63102,3819,3780,9675,10006,9725,10510,8580,9314,14237,15491,14480,13045,4731,2103,True
1100130,Machadinho D'Oeste,RO,Rondônia,1101,Porto Velho,110003,Jaru,30574,15890,14684,1054,910,2144,2166,2330,2432,2393,2202,3852,3217,5355,2297,648,172,True
1101203,Ministro Andreazza,RO,Rondônia,1102,Ji-Paraná,110005,Cacoal,6466,3283,3183,207,201,442,418,402,454,481,540,1065,942,1583,897,231,53,True
1101302,Mirante da Serra,RO,Rondônia,1102,Ji-Paraná,110004,Ji-Paraná,9235,4669,4566,286,283,658,636,637,662,699,736,1377,1282,2065,1017,241,67,True
1101401,Monte Negro,RO,Rondônia,1101,Porto Velho,110002,Ariquemes,11548,5995,5553,377,345,838,791,776,853,893,858,1705,1463,2383,1192,316,78,True
1100148,Nova Brasilândia D'Oeste,RO,Rondônia,1102,Ji-Paraná,110005,Cacoal,15679,8012,7667,473,493,1195,1042,1159,1242,1244,1202,2218,2061,3562,1609,393,105,True
1100338,Nova Mamoré,RO,Rondônia,1101,Porto Velho,110001,Porto Velho,25319,12967,12352,892,881,1938,1958,1854,1930,1858,1786,2800,2314,3983,1521,333,102,True
1101435,Nova União,RO,Rondônia,1102,Ji-Paraná,110004,Ji-Paraná,6200,3157,3043,208,181,444,375,438,460,468,501,925,831,1331,578,123,28,True
1100502,Novo Horizonte do Oeste,RO,Rondônia,1102,Ji-Paraná,110005,Cacoal,7667,3923,3744,235,198,502,478,517,570,575,582,1270,1116,1835,773,153,36,True
1100155,Ouro Preto do Oeste,RO,Rondônia,1102,Ji-Paraná,110004,Ji-Paraná,34890,17089,17801,985,993,2434,2539,2583,2840,2489,2603,4753,5160,5469,4106,1335,459,True
1101450,Parecis,RO,Rondônia,1102,Ji-Paraná,110005,Cacoal,4113,2157,1956,132,118,283,272,314,317,316,297,599,453,789,385,89,27,True
1100189,Pimenta Bueno,RO,Rondônia,1102,Ji-Paraná,110005,Cacoal,34834,17361,17473,1089,1083,2765,2771,2663,2771,2493,2579,4192,4353,4259,3764,1280,496,True
1101468,Pimenteiras do Oeste,RO,Rondônia,1102,Ji-Paraná,110006,Vilhena,2139,1082,1057,62,69,137,120,156,157,155,157,265,234,366,218,57,16,True
1100205,Porto Velho,RO,Rondônia,1101,Porto Velho,110001,Porto Velho,457556,223686,233870,14483,14011,36944,39307,37429,39738,31705,34539,46569,51205,35220,41504,22372,12785,True
1100254,Presidente Médici,RO,Rondônia,1102,Ji-Paraná,110004,Ji-Paraná,19285,9612,9673,537,533,1237,1236,1289,1385,1404,1473,3022,3060,3840,1961,635,174,True
1101476,Primavera de Rondônia,RO,Rondônia,1102,Ji-Paraná,110005,Cacoal,3076,1580,1496,79,62,159,184,226,230,234,231,500,455,619,296,88,30,True
1100262,Rio Crespo,RO,Rondônia,1101,Porto Velho,110002,Ariquemes,3469,1847,1622,131,87,236,241,249,263,279,241,510,426,543,278,71,23,True
1100288,Rolim de Moura,RO,Rondônia,1102,Ji-Paraná,110005,Cacoal,56260,27707,28553,1645,1639,4489,4725,4411,4710,3887,4168,6879,7138,7222,5741,1777,580,True
1100296,Santa Luzia D'Oeste,RO,Rondônia,1102,Ji-Paraná,110005,Cacoal,7419,3732,3687,208,191,439,433,496,530,549,580,1226,1179,1558,802,215,74,True
1101484,São Felipe D'Oeste,RO,Rondônia,1102,Ji-Paraná,110005,Cacoal,5258,2694,2564,152,134,286,289,345,400,412,414,967,811,1091,541,112,30,True
1101492,São Francisco do Guaporé,RO,Rondônia,1102,Ji-Paraná,110004,Ji-Paraná,16184,8212,7972,549,494,1212,1273,1211,1382,1186,1112,1835,1660,2723,1314,326,99,True
1100320,São Miguel do Guaporé,RO,Rondônia,1102,Ji-Paraná,110004,Ji-Paraná,21573,10971,10602,680,654,1679,1717,1630,1735,1622,1576,2744,2399,3799,1681,422,99,True
1101500,Seringueiras,RO,Rondônia,1102,Ji-Paraná,110004,Ji-Paraná,11158,5717,5441,361,358,864,860,828,859,788,754,1513,1303,2141,778,187,46,True
1101559,Teixeirópolis,RO,Rondônia,1102,Ji-Paraná,110004,Ji-Paraná,4256,2157,2099,114,137,289,268,297,262,294,350,733,641,757,520,135,25,True
1101609,Theobroma,RO,Rondônia,1101,Porto Velho,110003,Jaru,8113,4189,3924,244,229,462,453,552,536,635,670,1405,1151,1950,766,194,41,True
1101708,Urupá,RO,Rondônia,1102,Ji-Paraná,110004,Ji-Paraná,10725,5439,5286,339,314,731,752,773,822,807,774,1601,1483,2251,1133,278,60,True
1101757,Vale do Anari,RO,Rondônia,1101,Porto Velho,110003,Jaru,7788,4060,3728,236,211,488,481,513,591,601,592,1221,981,1814,620,170,47,True
1101807,Vale do Paraíso,RO,Rondônia,1102,Ji-Paraná,110004,Ji-Paraná,6479,3306,3173,198,184,408,421,432,424,465,570,1128,954,1435,658,189,50,True
1100304,Vilhena,RO,Rondônia,1102,Ji-Paraná,110006,Vilhena,95385,46787,48598,2966,2899,7616,7915,7829,8373,6704,7285,10337,11034,8739,9144,3560,1520,True
1200013,Acrelândia,AC,Acre,1201,Rio Branco,120001,Rio Branco,14021,7154,6867,555,484,1081,1143,988,1025,946,895,1543,1259,2279,733,181,45,True
1200054,Assis Brasil,AC,Acre,1201,Rio Branco,120002,Brasiléia,8017,4096,3921,326,301,583,624,578,566,476,442,641,591,782,369,104,30,True
1200104,Brasiléia,AC,Acre,1201,Rio Branco,120002,Brasiléia,26000,13112,12888,930,867,2152,2337,1922,2017,1713,1697,2630,2351,3485,1427,453,143,True
1200138,Bujari,AC,Acre,1201,Rio Branco,120001,Rio Branco,12917,6715,6202,476,462,984,994,838,863,916,872,1503,1200,1516,500,141,48,True
1200179,Capixaba,AC,Acre,1201,Rio Branco,120001,Rio Branco,10392,5438,4954,430,370,784,782,662,685,700,666,1271,1036,1502,540,142,41,True
1200203,Cruzeiro do Sul,AC,Acre,1202,Cruzeiro do Sul,120004,Cruzeiro do Sul,91249,45263,45986,3825,3657,8438,8675,6522,7041,5919,5777,6978,7554,9787,4901,1772,763,True
1200252,Epitaciolândia,AC,Acre,1201,Rio Branco,120002,Brasiléia,18757,9427,9330,640,621,1614,1687,1439,1459,1164,1195,1899,1717,2711,983,325,125,True
1200302,Feijó,AC,Acre,1202,Cruzeiro do Sul,120005,Tarauacá,35040,18000,17040,1583,1535,3153,2916,2236,2265,1933,1814,2595,2349,4202,1240,382,115,True
1200328,Jordão,AC,Acre,1202,Cruzeiro do Sul,120005,Tarauacá,8855,4581,4274,434,442,745,666,516,466,360,314,339,242,764,214,41,13,True
1200336,Mâncio Lima,AC,Acre,1202,Cruzeiro do Sul,120004,Cruzeiro do Sul,19240,9845,9395,839,710,1663,1688,1373,1433,1200,1086,1511,1438,2244,736,206,58,True
1200344,Manoel Urbano,AC,Acre,1201,Rio Branco,120003,Sena Madureira,11970,6307,5663,521,487,1094,962,903,840,786,638,918,684,1049,457,105,50,True
1200351,Marechal Thaumaturgo,AC,Acre,1202,Cruzeiro do Sul,120004,Cruzeiro do Sul,16986,8905,8081,892,836,1585,1380,1150,1081,874,681,881,721,1688,483,62,16,True
1200385,Plácido de Castro,AC,Acre,1201,Rio Branco,120001,Rio Branco,16560,8509,8051,630,572,1301,1260,1093,1156,1102,1093,1979,1652,3064,950,262,84,True
1200807,Porto Acre,AC,Acre,1201,Rio Branco,120001,Rio Branco,16693,8673,8020,686,584,1316,1237,1078,1153,1138,1031,1975,1665,2573,707,152,42,True
1200393,Porto Walter,AC,Acre,1202,Cruzeiro do Sul,120004,Cruzeiro do Sul,10623,5574,5049,548,477,990,923,696,598,575,472,575,480,918,358,68,18,True
1200401,Rio Branco,AC,Acre,1201,Rio Branco,120001,Rio Branco,362247,174332,187915,12563,12314,30166,32932,27849,31337,24178,27498,33147,39264,40067,29178,12827,7857,True
1200427,Rodrigues Alves,AC,Acre,1202,Cruzeiro do Sul,120004,Cruzeiro do Sul,14928,7783,7145,702,633,1348,1302,1046,991,908,851,1164,968,2132,503,106,18,True
1200435,Santa Rosa do Purus,AC,Acre,1201,Rio Branco,120003,Sena Madureira,6512,3305,3207,290,270,487,433,368,387,274,201,261,236,372,142,60,25,True
1200500,Sena Madureira,AC,Acre,1201,Rio Branco,120003,Sena Madureira,40764,20948,19816,1786,1608,3705,3519,3037,2977,2698,2468,3458,3199,5425,2093,643,236,True
1200450,Senador Guiomard,AC,Acre,1201,Rio Branco,120001,Rio Branco,21015,10601,10414,773,735,1608,1657,1470,1539,1373,1440,2360,2290,3245,1460,417,157,True
1200609,Tarauacá,AC,Acre,1202,Cruzeiro do Sul,120005,Tarauacá,42706,22159,20547,2072,1930,3837,3487,2840,2764,2252,2088,2964,2715,4575,1497,397,176,True
1200708,Xapuri,AC,Acre,1201,Rio Branco,120002,Brasiléia,18232,9404,8828,732,667,1540,1539,1351,1287,1184,1125,1874,1641,2632,1015,283,101,True
1300029,Alvarães,AM,Amazonas,1302,Tefé,130005,Tefé,15802,8202,7600,756,719,1471,1411,1087,983,791,667,1048,865,1619,487,94,23,True
1300060,Amaturá,AM,Amazonas,1302,Tefé,130006,Tabatinga,10703,5482,5221,429,408,882,893,709,612,492,450,708,578,1011,283,51,29,True
1300086,Anamã,AM,Amazonas,1301,Manaus,130004,Manacapuru,9940,5203,4737,468,444,916,863,735,655,617,493,745,611,1174,490,115,26,True
1300102,Anori,AM,Amazonas,1301,Manaus,130003,Coari,17152,8966,8186,718,667,1531,1378,1335,1187,1087,988,1372,1201,1976,756,177,55,True
1300144,Apuí,AM,Amazonas,1303,Lábrea,130009,Manicoré,20611,10868,9743,717,669,1686,1616,1839,1746,1518,1243,2137,1604,2460,1183,328,82,True
1300201,Atalaia do Norte,AM,Amazonas,1302,Tefé,130006,Tabatinga,15152,7804,7348,722,631,1238,1209,913,939,674,580,806,684,1137,546,134,28,True
1300300,Autazes,AM,Amazonas,1301,Manaus,130001,Manaus,40838,21455,19383,1775,1601,3306,3130,2740,2562,2391,2068,3595,2938,4495,1359,299,104,True
1300409,Barcelos,AM,Amazonas,1301,Manaus,130002,São Gabriel da Cachoeira,18233,9532,8701,767,713,1489,1403,1209,1075,988,828,1304,1100,1844,831,225,84,True
1300508,Barreirinha,AM,Amazonas,1304,Parintins,130010,Parintins,30544,15924,14620,1474,1333,2728,2436,2001,1837,1620,1353,2335,2024,3823,765,163,50,True
1300607,Benjamin Constant,AM,Amazonas,1302,Tefé,130006,Tabatinga,37584,19044,18540,1657,1484,3186,3142,2349,2603,1807,1616,2585,2377,3762,1318,283,95,True
1300631,Beruri,AM,Amazonas,1301,Manaus,130003,Coari,20508,10678,9830,1013,978,1849,1646,1304,1244,1017,873,1418,1116,1714,549,143,55,True
1300680,Boa Vista do Ramos,AM,Amazonas,1304,Parintins,130010,Parintins,23749,12481,11268,965,932,2291,2085,1724,1528,1435,1142,2024,1700,1755,497,108,27,True
1300706,Boca do Acre,AM,Amazonas,1303,Lábrea,130008,Lábrea,35035,18162,16873,1446,1386,3071,2984,2600,2480,2315,2025,3396,2884,4627,1350,366,114,True
1300805,Borba,AM,Amazonas,1301,Manaus,130001,Manaus,32470,17041,15429,1530,1409,2885,2572,2300,2062,1810,1586,2556,2283,4288,1100,249,96,True
1300839,Caapiranga,AM,Amazonas,1301,Manaus,130004,Manacapuru,13447,6998,6449,635,572,1305,1242,978,886,792,721,1118,885,1356,451,117,44,True
1300904,Canutama,AM,Amazonas,1303,Lábrea,130008,Lábrea,16723,8952,7771,758,580,1461,1365,1295,1100,1149,908,1806,1410,1824,454,109,50,True
1301001,Carauari,AM,Amazonas,1302,Tefé,130005,Tefé,28701,14721,13980,1298,1270,2706,2552,2066,1965,1541,1456,2113,1941,3565,1062,269,76,True
1301100,Careiro,AM,Amazonas,1301,Manaus,130001,Manaus,30693,15951,14742,1187,1064,2208,2159,2017,1950,2012,1817,3613,3005,4566,1386,302,50,True
1301159,Careiro da Várzea,AM,Amazonas,1301,Manaus,130001,Manaus,19554,10247,9307,752,733,1461,1358,1283,1233,1315,1212,2420,1890,3740,1083,165,34,True
1301209,Coari,AM,Amazonas,1301,Manaus,130003,Coari,70413,35771,34642,3135,3038,6154,6165,4842,4808,4217,3985,5345,4776,7929,3754,1149,467,True
1301308,Codajás,AM,Amazonas,1301,Manaus,130003,Coari,23544,12216,11328,1056,1053,2116,1895,1675,1668,1426,1208,1916,1658,3052,891,231,79,True
1301407,Eirunepé,AM,Amazonas,1302,Tefé,130007,Eirunepé,32883,16635,16248,1568,1492,2786,2701,2242,2163,1869,1741,2241,2236,3814,1216,279,111,True
1301506,Envira,AM,Amazonas,1302,Tefé,130007,Eirunepé,17099,8743,8356,758,729,1638,1521,1206,1134,969,916,1139,1033,2180,571,113,40,True
1301605,Fonte Boa,AM,Amazonas,1302,Tefé,130005,Tefé,25643,13222,12421,1139,1074,2337,2304,1816,1647,1408,1197,1761,1537,2386,820,194,65,True
1301654,Guajará,AM,Amazonas,1302,Tefé,130007,Eirunepé,13815,7110,6705,624,579,1314,1238,974,942,780,681,1046,965,1740,452,98,31,True
1301704,Humaitá,AM,Amazonas,1303,Lábrea,130009,Manicoré,57327,29415,27912,2316,2090,5489,5246,4473,4495,3427,3172,4838,4190,5352,2372,760,284,True
1301803,Ipixuna,AM,Amazonas,1302,Tefé,130007,Eirunepé,24219,12357,11862,1063,1008,2410,2387,1782,1670,1209,1122,1368,1187,2464,605,112,34,True
1301852,Iranduba,AM,Amazonas,1301,Manaus,130001,Manaus,61133,31349,29784,2296,2190,4950,4897,4403,4385,4192,3798,6338,5515,5883,2387,582,163,True
1301902,Itacoatiara,AM,Amazonas,1304,Parintins,130011,Itacoatiara,103421,52780,50641,4262,4035,8806,8659,7289,7401,6880,6454,9447,8856,11435,5111,1495,512,True
1301951,Itamarati,AM,Amazonas,1302,Tefé,130007,Eirunepé,10917,5647,5270,529,486,1043,964,721,665,544,458,597,521,866,195,36,13,True
1302009,Itapiranga,AM,Amazonas,1304,Parintins,130011,Itacoatiara,10162,5222,4940,433,376,847,810,711,713,660,585,940,828,1075,394,96,46,True
1302108,Japurá,AM,Amazonas,1302,Tefé,130005,Tefé,8801,4656,4145,390,349,917,771,580,517,412,353,527,369,719,363,71,13,True
1302207,Juruá,AM,Amazonas,1302,Tefé,130005,Tefé,10672,5525,5147,501,493,1063,966,745,682,548,529,663,580,1307,392,94,35,True
1302306,Jutaí,AM,Amazonas,1302,Tefé,130005,Tefé,24981,12857,12124,1195,1136,2142,2091,1572,1518,1181,976,1324,1117,2045,624,119,41,True
1302405,Lábrea,AM,Amazonas,1303,Lábrea,130008,Lábrea,45076,23515,21561,1983,1882,4219,3974,3442,3095,2597,2357,3378,2980,5384,1370,330,103,True
1302504,Manacapuru,AM,Amazonas,1301,Manaus,130004,Manacapuru,101826,51944,49882,4306,4073,8956,8671,7307,7507,6273,5868,8862,8320,10243,4799,1443,428,True
1302553,Manaquiri,AM,Amazonas,1301,Manaus,130001,Manaus,16791,8709,8082,650,578,1288,1228,1097,1058,1113,971,1834,1515,3421,1016,159,48,True
1302603,Manaus,AM,Amazonas,1301,Manaus,130001,Manaus,2060744,996198,1064546,69002,68440,178749,187140,159977,175451,142972,159324,181082,218779,172108,157362,66127,40395,True
1302702,Manicoré,AM,Amazonas,1303,Lábrea,130009,Manicoré,53522,27381,26141,2237,2119,4815,4822,3891,3729,3041,2757,4435,3642,5910,2282,610,173,True
1302801,Maraã,AM,Amazonas,1302,Tefé,130005,Tefé,15409,8045,7364,759,738,1452,1335,1040,888,734,632,906,672,1648,522,143,51,True
1302900,Maués,AM,Amazonas,1304,Parintins,130010,Parintins,60994,31918,29076,2714,2464,5022,4685,4152,3767,3352,2801,4843,4199,6575,2098,474,175,True
1303007,Nhamundá,AM,Amazonas,1304,Parintins,130010,Parintins,20004,10315,9689,814,764,1658,1626,1547,1399,1183,1041,1868,1624,2433,599,114,42,True
1303106,Nova Olinda do Norte,AM,Amazonas,1301,Manaus,130001,Manaus,27000,14001,12999,1188,1093,2379,2186,1751,1727,1492,1251,2149,1948,3484,1255,208,90,True
1303205,Novo Airão,AM,Amazonas,1301,Manaus,130004,Manacapuru,15547,7939,7608,633,632,1172,1116,1085,1090,865,817,1294,1216,1875,655,179,72,True
1303304,Novo Aripuanã,AM,Amazonas,1303,Lábrea,130009,Manicoré,23761,12347,11414,1082,1008,2219,2151,1650,1622,1401,1200,2110,1706,2561,914,217,71,True
1303403,Parintins,AM,Amazonas,1304,Parintins,130010,Parintins,96323,48680,47643,4169,3980,8656,8517,6685,6736,5706,5503,8482,8511,12769,5168,1496,640,True
1303502,Pauini,AM,Amazonas,1303,Lábrea,130008,Lábrea,18935,10056,8877,891,831,1919,1626,1333,1168,1030,823,1135,1058,2020,579,142,41,True
1303536,Presidente Figueiredo,AM,Amazonas,1301,Manaus,130001,Manaus,30517,15457,15060,1156,1134,2356,2321,2017,2168,2029,1981,3225,2719,3720,2033,610,201,True
1303569,Rio Preto da Eva,AM,Amazonas,1301,Manaus,130001,Manaus,24881,12831,12050,896,839,1900,1865,1648,1657,1636,1516,2917,2452,3698,1539,343,96,True
1303601,Santa Isabel do Rio Negro,AM,Amazonas,1301,Manaus,130002,São Gabriel da Cachoeira,13896,7133,6763,580,576,1109,1035,918,854,671,557,871,814,1067,434,104,29,True
1303700,Santo Antônio do Içá,AM,Amazonas,1302,Tefé,130006,Tabatinga,27769,14163,13606,1250,1239,2431,2355,1815,1694,1237,1078,1595,1411,2300,714,150,44,True
1303809,São Gabriel da Cachoeira,AM,Amazonas,1301,Manaus,130002,São Gabriel da Cachoeira,49591,25234,24357,2225,2134,4066,3904,3129,2978,2381,2074,3165,3026,2946,1462,648,265,True
1303908,São Paulo de Olivença,AM,Amazonas,1302,Tefé,130006,Tabatinga,32739,16831,15908,1439,1355,2820,2626,2019,1936,1549,1358,1933,1717,3568,895,167,48,True
1303957,São Sebastião do Uatumã,AM,Amazonas,1304,Parintins,130011,Itacoatiara,11660,6173,5487,447,425,1086,1011,877,888,720,583,916,736,1211,501,99,25,True
1304005,Silves,AM,Amazonas,1304,Parintins,130011,Itacoatiara,11535,6043,5492,481,413,982,880,804,720,663,574,1063,868,1133,382,99,23,True
1304062,Tabatinga,AM,Amazonas,1302,Tefé,130006,Tabatinga,66589,33199,33390,2766,2903,5784,5838,4311,4692,3273,3299,4439,4363,5619,2425,831,346,True
1304104,Tapauá,AM,Amazonas,1303,Lábrea,130008,Lábrea,19267,10059,9208,902,782,1718,1628,1519,1381,1128,926,1352,1139,2703,672,152,56,True
1304203,Tefé,AM,Amazonas,1302,Tefé,130005,Tefé,73597,37672,35925,3448,3212,6726,6664,5220,5006,4140,3838,5085,4791,6210,3680,1300,456,True
1304237,Tonantins,AM,Amazonas,1302,Tefé,130006,Tabatinga,19038,9836,9202,869,822,1792,1632,1373,1176,904,766,1051,917,1443,535,101,33,True
1304260,Uarini,AM,Amazonas,1302,Tefé,130005,Tefé,14361,7601,6760,728,687,1365,1243,1032,911,788,656,930,665,1454,403,83,27,True
1304302,Urucará,AM,Amazonas,1304,Parintins,130011,Itacoatiara,18568,9748,8820,717,698,1623,1472,1366,1355,1272,1010,1899,1534,2202,783,173,63,True
1304401,Urucurituba,AM,Amazonas,1304,Parintins,130011,Itacoatiara,23945,12124,11821,955,936,2260,2462,1907,1862,1502,1295,2088,1778,2087,731,178,54,True
1400050,Alto Alegre,RR,Roraima,1401,Boa Vista,140001,Boa Vista,20076,10476,9600,912,799,1335,1351,1097,946,934,913,1483,1163,1463,501,191,46,True
1400027,Amajari,RR,Roraima,1401,Boa Vista,140002,Pacaraima,13390,7008,6380,618,583,879,934,781,669,581,517,987,658,884,278,65,12,True
1400100,Boa Vista,RR,Roraima,1401,Boa Vista,140001,Boa Vista,404642,198488,206154,14307,14256,37541,39683,32816,34931,25378,28128,31023,34258,29958,23241,12000,7724,True
1400159,Bonfim,RR,Roraima,1401,Boa Vista,140001,Boa Vista,13912,7230,6682,593,526,1122,941,818,825,697,632,1132,959,1359,429,121,44,True
1400175,Cantá,RR,Roraima,1401,Boa Vista,140001,Boa Vista,18681,9958,8721,684,596,1382,1193,1247,1120,1132,987,2151,1642,2092,521,198,89,True
1400209,Caracaraí,RR,Roraima,1402,Rorainópolis - Caracaraí,140004,Caracaraí,20834,10859,9975,811,713,1522,1503,1427,1324,1259,1232,2193,1736,2578,995,311,124,True
1400233,Caroebe,RR,Roraima,1402,Rorainópolis - Caracaraí,140003,Rorainópolis,10556,5638,4918,414,380,897,826,797,751,729,620,1000,732,1327,518,131,36,True
1400282,Iracema,RR,Roraima,1402,Rorainópolis - Caracaraí,140004,Caracaraí,9573,5072,4501,393,365,765,694,634,618,584,505,1046,716,1136,369,118,33,True
1400308,Mucajaí,RR,Roraima,1401,Boa Vista,140001,Boa Vista,17979,9255,8724,669,646,1310,1377,1227,1236,1101,1029,2006,1559,2089,743,270,84,True
1400407,Normandia,RR,Roraima,1401,Boa Vista,140002,Pacaraima,13784,7104,6680,602,565,963,938,745,690,528,500,634,484,806,335,97,30,True
1400456,Pacaraima,RR,Roraima,1401,Boa Vista,140002,Pacaraima,17885,9107,8778,730,731,1415,1433,1140,1150,878,829,1061,976,1130,532,181,71,True
1400472,Rorainópolis,RR,Roraima,1402,Rorainópolis - Caracaraí,140003,Rorainópolis,32468,16760,15708,1173,1088,2736,2756,2537,2478,1972,1914,3191,2464,3376,1234,344,122,True
1400506,São João da Baliza,RR,Roraima,1402,Rorainópolis - Caracaraí,140003,Rorainópolis,8852,4733,4119,329,323,785,716,727,685,610,495,856,612,1039,428,143,33,True
1400605,São Luiz do Anauá,RR,Roraima,1402,Rorainópolis - Caracaraí,140003,Rorainópolis,7313,3890,3423,273,237,619,530,650,588,484,406,768,649,1006,367,133,43,True
1400704,Uiramutã,RR,Roraima,1401,Boa Vista,140002,Pacaraima,13343,6842,6501,602,573,872,871,692,636,440,328,417,339,754,161,48,20,True
1500107,Abaetetuba,PA,Pará,1501,Belém,150003,Abaetetuba,157847,78978,78869,5666,5511,14565,14581,12829,13162,10453,10392,14645,15179,19160,7567,1924,608,True
1500131,Abel Figueiredo,PA,Pará,1503,Marabá,150009,Marabá,6136,3113,3023,220,189,440,453,449,452,419,401,720,706,1196,444,111,31,True
1500206,Acará,PA,Pará,1501,Belém,150001,Belém,59007,30541,28466,2453,2248,4948,4676,4471,4392,3726,3357,5875,5116,8433,1980,254,79,True
1500305,Afuá,PA,Pará,1507,Breves,150020,Breves,37765,19708,18057,1591,1535,3643,3245,2704,2408,2160,1825,2919,2478,3995,910,202,57,True
1500347,Água Azul do Norte,PA,Pará,1504,Redenção,150014,Xinguara,18074,9693,8381,632,564,1521,1427,1625,1484,1439,1085,1679,1337,3030,1973,335,87,True
1500404,Alenquer,PA,Pará,1505,Santarém,150015,Santarém,69368,35683,33685,2889,2764,5817,5590,5221,5063,4166,3764,5975,5546,8282,1872,368,102,True
1500503,Almeirim,PA,Pará,1506,Altamira,150019,Almeirim - Porto de Moz,34210,17603,16607,1333,1341,2894,2801,2470,2417,2097,1954,3042,2624,3921,2084,796,431,True
1500602,Altamira,PA,Pará,1506,Altamira,150018,Altamira,126069,62819,63250,4279,4302,10614,11112,10082,10676,8520,8623,11459,11194,13109,7763,2544,979,True
1500701,Anajás,PA,Pará,1507,Breves,150020,Breves,28011,14508,13503,1317,1266,2685,2448,1957,1876,1488,1257,1757,1506,3603,811,153,63,True
1500800,Ananindeua,PA,Pará,1501,Belém,150001,Belém,477950,226886,251064,14951,14746,38071,40544,37182,42861,35013,40313,49478,62607,57481,42320,14763,5921,True
1500859,Anapu,PA,Pará,1506,Altamira,150018,Altamira,31801,16579,15222,1324,1180,2680,2739,2466,2430,1994,1768,2823,2044,3077,946,264,68,True
1500909,Augusto Corrêa,PA,Pará,1502,Castanhal,150005,Bragança,44532,22773,21759,1832,1769,3802,3564,3345,3200,2715,2392,4159,3852,6526,1018,149,35,True
1500958,Aurora do Pará,PA,Pará,1502,Castanhal,150007,Paragominas,23711,12043,11668,968,870,1915,1992,1679,1802,1485,1404,2321,2068,4114,841,158,34,True
1501006,Aveiro,PA,Pará,1505,Santarém,150016,Itaituba,18156,9519,8637,728,668,1498,1359,1291,1112,1006,889,1876,1512,2191,411,91,24,True
1501105,Bagre,PA,Pará,1507,Breves,150020,Breves,31888,16251,15637,1613,1509,2961,2876,2160,1982,1423,1227,1662,1435,2739,735,84,27,True
1501204,Baião,PA,Pará,1503,Marabá,150011,Tucuruí,51612,25903,25709,1915,1963,4610,5192,4208,4287,3500,3144,4992,4458,5789,1593,244,53,True
1501253,Bannach,PA,Pará,1504,Redenção,150012,Redenção,4029,2163,1866,151,146,352,278,311,306,295,272,475,340,617,224,47,26,True
1501303,Barcarena,PA,Pará,1501,Belém,150001,Belém,126650,63394,63256,4620,4523,11060,11129,10558,11032,8549,8766,11045,10963,13133,7265,2043,717,True
1501402,Belém,PA,Pará,1501,Belém,150001,Belém,1302845,610402,692443,38222,37480,99167,104736,93107,107253,93094,108840,157366,210223,142508,114942,52461,41103,True
1501451,Belterra,PA,Pará,1505,Santarém,150015,Santarém,18025,9124,8901,727,708,1391,1363,1121,1247,1185,1142,1946,1874,2541,739,180,58,True
1501501,Benevides,PA,Pará,1501,Belém,150001,Belém,63547,31242,32305,2159,2138,4983,5402,5028,5439,4536,4724,6339,6689,8048,3917,927,251,True
1501576,Bom Jesus do Tocantins,PA,Pará,1503,Marabá,150009,Marabá,17932,9936,7996,553,564,1742,1301,1880,1261,1382,1033,2066,1704,2405,898,208,77,True
1501600,Bonito,PA,Pará,1502,Castanhal,150006,Capanema,12622,6477,6145,475,510,1050,1033,1081,1006,914,782,1368,1245,2560,527,59,26,True
1501709,Bragança,PA,Pará,1502,Castanhal,150005,Bragança,122956,61455,61501,4757,4543,10054,10122,9557,9934,8241,7998,12059,12494,16922,5847,1443,549,True
1501725,Brasil Novo,PA,Pará,1506,Altamira,150018,Altamira,24694,12623,12071,886,894,2011,1966,1983,1930,1817,1561,2769,2257,2586,887,254,121,True
1501758,Brejo Grande do Araguaia,PA,Pará,1503,Marabá,150009,Marabá,6775,3435,3340,266,238,481,479,465,480,462,451,803,727,1277,389,73,30,True
1501782,Breu Branco,PA,Pará,1503,Marabá,150011,Tucuruí,45708,23099,22609,1736,1738,3617,3771,3310,3481,2828,2721,4713,4156,8436,2466,448,122,True
1501808,Breves,PA,Pará,1507,Breves,150020,Breves,106832,55143,51689,4806,4416,10162,9592,7387,6984,5603,5210,7617,7310,11532,3562,862,251,True
1501907,Bujaru,PA,Pará,1501,Belém,150001,Belém,24368,12349,12019,1016,1024,2026,1967,1716,1727,1564,1415,2357,2239,4494,871,118,25,True
1502004,Cachoeira do Arari,PA,Pará,1507,Breves,150021,Soure-Salvaterra,23977,12124,11853,854,829,2078,2160,1926,1903,1494,1373,2322,2129,3156,742,134,27,True
1501956,Cachoeira do Piriá,PA,Pará,1502,Castanhal,150005,Bragança,19630,10351,9279,879,864,1700,1553,1562,1431,1243,1026,1795,1410,4560,582,46,15,True
1502103,Cametá,PA,Pará,1501,Belém,150002,Cametá,133847,68592,65255,5547,5117,12656,12007,10771,10124,8263,7528,11621,11587,15981,4522,922,295,True
1502152,Canaã dos Carajás,PA,Pará,1503,Marabá,150010,Parauapebas,77058,39376,37682,2642,2569,7214,7534,8031,7673,5442,4751,4672,4201,3656,2233,736,292,True
1502202,Capanema,PA,Pará,1502,Castanhal,150006,Capanema,70317,34278,36039,2367,2354,5659,5936,5535,5980,4846,5279,7522,8497,10455,4117,1233,468,True
1502301,Capitão Poço,PA,Pará,1502,Castanhal,150008,Capitão Poço,56483,28658,27825,2156,2021,4846,4918,4533,4641,3729,3690,5828,5463,9764,1891,389,129,True
1502400,Castanhal,PA,Pará,1502,Castanhal,150004,Castanhal,191986,92274,99712,6333,6502,15780,17095,15200,17272,13165,14670,18498,21815,24737,13304,3944,1530,True
1502509,Chaves,PA,Pará,1507,Breves,150020,Breves,20735,11104,9631,921,847,1907,1617,1496,1367,1227,945,1615,1372,2783,473,117,31,True
1502608,Colares,PA,Pará,1501,Belém,150001,Belém,12861,6444,6417,474,428,929,936,928,1007,840,772,1554,1544,1984,470,96,30,True
1502707,Conceição do Araguaia,PA,Pará,1504,Redenção,150012,Redenção,44617,22490,22127,1545,1369,3413,3472,2932,3089,3127,3089,5866,5733,7744,2862,822,304,True
1502756,Concórdia do Pará,PA,Pará,1501,Belém,150001,Belém,26829,13531,13298,1186,1045,2167,2200,2111,2136,1609,1573,2297,2244,4338,1396,201,67,True
1502764,Cumaru do Norte,PA,Pará,1504,Redenção,150012,Redenção,13990,7685,6305,497,441,1390,1163,1173,1018,1010,737,1374,789,1434,662,212,70,True
1502772,Curionópolis,PA,Pará,1503,Marabá,150010,Parauapebas,19950,10196,9754,743,689,1631,1614,1487,1538,1206,1148,2194,1868,3289,1083,217,74,True
1502806,Curralinho,PA,Pará,1507,Breves,150020,Breves,33833,17821,16012,1599,1450,3342,3072,2590,2258,1881,1543,2275,1992,3811,942,206,59,True
1502855,Curuá,PA,Pará,1505,Santarém,150017,Oriximiná,14117,7338,6779,643,575,1197,1110,1079,1027,888,777,1275,1115,1894,398,58,16,True
1502905,Curuçá,PA,Pará,1502,Castanhal,150004,Castanhal,41245,20738,20507,1495,1565,3189,3183,3122,3256,2870,2734,5018,4708,5905,1291,306,73,True
1502939,Dom Eliseu,PA,Pará,1502,Castanhal,150007,Paragominas,58484,28907,29577,2210,2361,4934,5085,4819,5247,4096,3800,4720,4682,8563,2867,626,237,True
1502954,Eldorado do Carajás,PA,Pará,1503,Marabá,150010,Parauapebas,28192,14443,13749,1133,1076,2181,2120,1974,2170,1762,1677,3104,2626,5456,1608,336,106,True
1503002,Faro,PA,Pará,1505,Santarém,150017,Oriximiná,8713,4474,4239,399,389,761,753,617,604,516,494,823,716,1120,324,58,12,True
1503044,Floresta do Araguaia,PA,Pará,1504,Redenção,150012,Redenção,17898,9498,8400,689,603,1527,1407,1414,1322,1303,1169,2048,1615,3109,884,195,79,True
1503077,Garrafão do Norte,PA,Pará,1502,Castanhal,150008,Capitão Poço,24703,12694,12009,1066,1033,2101,2045,1893,1926,1618,1491,2499,2123,4381,924,118,51,True
1503093,Goianésia do Pará,PA,Pará,1503,Marabá,150011,Tucuruí,26331,13505,12826,1001,945,1952,1956,2017,2099,1932,1810,2763,2383,4842,1698,359,111,True
1503101,Gurupá,PA,Pará,1507,Breves,150020,Breves,31743,16684,15059,1469,1386,3165,2806,2285,2091,1724,1497,2354,1946,3567,1147,188,48,True
1503200,Igarapé-Açu,PA,Pará,1502,Castanhal,150004,Castanhal,35797,17767,18030,1244,1157,2862,3013,2711,2861,2416,2414,4094,4286,6474,1594,374,111,True
1503309,Igarapé-Miri,PA,Pará,1501,Belém,150003,Abaetetuba,64831,33274,31557,2581,2426,5746,5501,5227,5141,4310,3946,5829,5646,8302,2236,406,98,True
1503408,Inhangapi,PA,Pará,1502,Castanhal,150004,Castanhal,10325,5229,5096,359,355,836,856,803,825,693,591,1096,1053,1779,509,58,22,True
1503457,Ipixuna do Pará,PA,Pará,1502,Castanhal,150007,Paragominas,30325,15634,14691,1261,1180,2375,2453,2256,2260,1826,1727,2836,2350,8031,1760,236,55,True
1503507,Irituia,PA,Pará,1502,Castanhal,150004,Castanhal,30946,15905,15041,1196,1097,2415,2262,2307,2245,2103,1986,3497,3329,5640,1208,202,60,True
1503606,Itaituba,PA,Pará,1505,Santarém,150016,Itaituba,122916,61915,61001,4312,4315,11397,11740,9868,10011,7476,7586,11462,10465,12447,6747,2075,726,True
1503705,Itupiranga,PA,Pará,1503,Marabá,150009,Marabá,49754,26048,23706,2012,1866,4170,3873,3955,3822,3550,3006,5056,4078,8646,1890,454,158,True
1503754,Jacareacanga,PA,Pará,1505,Santarém,150016,Itaituba,23250,12151,11099,1129,978,2007,1830,1447,1382,1062,995,1388,969,1053,520,192,78,True
1503804,Jacundá,PA,Pará,1503,Marabá,150009,Marabá,37707,18504,19203,1407,1423,2626,2831,2731,2981,2652,2709,3940,4108,7649,2997,631,192,True
1503903,Juruti,PA,Pará,1505,Santarém,150017,Oriximiná,50881,26154,24727,2216,2158,4350,4192,3851,3648,3027,2686,3966,3597,5963,1997,471,135,True
1504000,Limoeiro do Ajuru,PA,Pará,1501,Belém,150002,Cametá,29569,15291,14278,1229,1217,3004,2791,2453,2200,1801,1587,2330,2029,3583,732,151,28,True
1504059,Mãe do Rio,PA,Pará,1502,Castanhal,150007,Paragominas,34353,16887,17466,1333,1285,2884,3150,2581,2841,2279,2330,3253,3406,4511,1677,366,123,True
1504109,Magalhães Barata,PA,Pará,1502,Castanhal,150004,Castanhal,8102,4142,3960,312,252,569,538,588,568,567,524,1020,1026,1360,347,64,18,True
1504208,Marabá,PA,Pará,1503,Marabá,150009,Marabá,265836,132141,133695,9844,9719,22782,23495,21860,23635,17659,17907,23037,23407,28642,18131,6378,2764,True
1504307,Maracanã,PA,Pará,1502,Castanhal,150004,Castanhal,25971,13292,12679,985,939,2038,1910,1924,1813,1738,1649,3241,3052,4969,1079,155,47,True
1504406,Marapanim,PA,Pará,1502,Castanhal,150004,Castanhal,26560,13639,12921,860,802,1956,1846,1950,2060,2020,1772,3502,3309,4532,1442,294,103,True
1504422,Marituba,PA,Pará,1501,Belém,150001,Belém,110685,53624,57061,3879,3697,9291,9742,8827,9976,7643,8875,9941,11512,14919,8840,1877,376,True
1504455,Medicilândia,PA,Pará,1506,Altamira,150018,Altamira,27094,14325,12769,996,913,2248,2103,2124,2039,2024,1646,3031,2260,4788,1508,370,143,True
1504505,Melgaço,PA,Pará,1507,Breves,150020,Breves,27881,14568,13313,1456,1342,2646,2402,1829,1596,1275,1082,1509,1271,2935,576,120,33,True
1504604,Mocajuba,PA,Pará,1501,Belém,150002,Cametá,27025,13682,13343,1181,1156,2563,2456,2015,1968,1628,1534,2451,2407,3707,985,240,69,True
1504703,Moju,PA,Pará,1501,Belém,150003,Abaetetuba,84028,43847,40181,3430,3297,7693,7231,6837,6479,5624,4690,7259,6001,10490,3074,490,142,True
1504752,Mojuí dos Campos,PA,Pará,1505,Santarém,150015,Santarém,23501,12231,11270,870,842,1873,1769,1735,1720,1613,1453,2821,2421,0,0,0,0,True
1504802,Monte Alegre,PA,Pará,1505,Santarém,150015,Santarém,59995,30344,29651,2279,2263,4866,4893,4167,4329,4049,3872,6629,6211,9283,2341,527,160,True
1504901,Muaná,PA,Pará,1507,Breves,150021,Soure-Salvaterra,45368,22997,22371,1871,1804,4103,4115,3584,3587,2832,2638,3819,3465,5108,1328,265,62,True
1504950,Nova Esperança do Piriá,PA,Pará,1502,Castanhal,150008,Capitão Poço,20475,10514,9961,853,829,1742,1736,1597,1553,1338,1190,1746,1379,3384,588,97,29,True
1504976,Nova Ipixuna,PA,Pará,1503,Marabá,150009,Marabá,13955,7294,6661,525,465,1045,998,1036,1023,1007,913,1738,1440,2597,773,158,52,True
1505007,Nova Timboteua,PA,Pará,1502,Castanhal,150006,Capanema,12806,6503,6303,445,394,889,863,987,1024,967,931,1794,1762,2644,667,165,39,True
1505031,Novo Progresso,PA,Pará,1505,Santarém,150016,Itaituba,33615,17475,16140,1193,1147,2952,2935,2833,2843,2299,2115,3389,2439,3010,2505,784,326,True
1505064,Novo Repartimento,PA,Pará,1503,Marabá,150011,Tucuruí,60678,31279,29399,2453,2291,5097,5005,4519,4672,3856,3663,5922,4789,9575,2933,670,202,True
1505106,Óbidos,PA,Pará,1505,Santarém,150017,Oriximiná,52004,26632,25372,2191,1988,3989,3927,3627,3522,3463,3148,5222,4908,8080,2003,390,128,True
1505205,Oeiras do Pará,PA,Pará,1501,Belém,150002,Cametá,33801,17620,16181,1531,1404,3160,2882,2495,2294,1933,1726,2453,2232,4085,895,165,42,True
1505304,Oriximiná,PA,Pará,1505,Santarém,150017,Oriximiná,67868,34231,33637,2950,2736,5430,5506,4621,4825,4128,4132,5985,5596,8309,3027,897,379,True
1505403,Ourém,PA,Pará,1502,Castanhal,150008,Capitão Poço,17845,9042,8803,665,630,1424,1372,1374,1420,1201,1186,1968,1919,3004,721,152,47,True
1505437,Ourilândia do Norte,PA,Pará,1504,Redenção,150013,Tucumã - São Félix do Xingu,32447,16531,15916,1173,1106,2524,2721,2643,2794,2096,2072,3038,2531,3499,2300,578,187,True
1505486,Pacajá,PA,Pará,1503,Marabá,150011,Tucuruí,41091,21628,19463,1559,1454,3580,3304,3290,3112,2749,2387,4056,3053,5909,1442,299,111,True
1505494,Palestina do Pará,PA,Pará,1503,Marabá,150009,Marabá,6885,3538,3347,302,229,502,495,508,492,472,425,817,762,1355,368,76,28,True
1505502,Paragominas,PA,Pará,1502,Castanhal,150007,Paragominas,105044,52020,53024,4068,3997,8980,9402,8664,9422,6938,7227,8562,8721,13778,7190,1968,712,True
1505536,Parauapebas,PA,Pará,1503,Marabá,150010,Parauapebas,267812,133910,133902,9309,9523,23594,25163,26389,27174,18874,18199,17140,16598,17578,15205,5419,2122,True
1505551,Pau D'Arco,PA,Pará,1504,Redenção,150012,Redenção,6906,3546,3360,213,210,505,486,496,495,464,439,910,752,1051,342,74,11,True
1505601,Peixe-Boi,PA,Pará,1502,Castanhal,150006,Capanema,8285,4202,4083,293,261,545,560,620,633,645,595,1159,1058,1558,304,57,21,True
1505635,Piçarra,PA,Pará,1503,Marabá,150009,Marabá,12832,6734,6098,467,415,996,1002,962,976,957,817,1426,1148,2345,689,143,37,True
1505650,Placas,PA,Pará,1505,Santarém,150016,Itaituba,18660,9849,8811,751,678,1558,1422,1494,1427,1277,1055,2088,1555,4116,916,188,45,True
1505700,Ponta de Pedras,PA,Pará,1507,Breves,150021,Soure-Salvaterra,24907,12805,12102,1086,975,2082,2053,2010,1901,1632,1488,2432,2236,4085,1011,219,45,True
1505809,Portel,PA,Pará,1507,Breves,150020,Breves,62492,32620,29872,3091,2878,6163,5749,4343,3821,3381,2857,3960,3492,6244,1678,431,109,True
1505908,Porto de Moz,PA,Pará,1506,Altamira,150019,Almeirim - Porto de Moz,40587,21113,19474,1848,1805,3935,3677,3258,3057,2479,2069,2717,2219,3960,1018,210,46,True
1506005,Prainha,PA,Pará,1505,Santarém,150015,Santarém,35542,18452,17090,1537,1424,3274,3139,2633,2505,2285,1809,2993,2490,4633,824,163,35,True
1506104,Primavera,PA,Pará,1502,Castanhal,150006,Capanema,10851,5482,5369,381,368,774,806,820,810,797,720,1315,1316,1935,452,94,29,True
1506112,Quatipuru,PA,Pará,1502,Castanhal,150006,Capanema,11524,5848,5675,454,386,816,821,816,820,833,784,1438,1435,2323,528,86,35,True
1506138,Redenção,PA,Pará,1504,Redenção,150012,Redenção,85380,42016,43364,2856,2868,7160,7647,6736,7238,5777,6027,8203,8450,9905,6471,1988,765,True
1506161,Rio Maria,PA,Pará,1504,Redenção,150014,Xinguara,18378,9319,9059,663,617,1478,1430,1335,1401,1327,1295,2276,2082,2934,1478,383,144,True
1506187,Rondon do Pará,PA,Pará,1503,Marabá,150009,Marabá,53143,27356,25787,1849,1833,4937,4421,5048,4719,3905,3392,6033,5874,8015,2792,598,219,True
1506195,Rurópolis,PA,Pará,1505,Santarém,150016,Itaituba,35769,18371,17398,1263,1323,2829,2940,2769,2709,2311,1931,3736,3006,6633,1610,246,65,True
1506203,Salinópolis,PA,Pará,1502,Castanhal,150006,Capanema,44689,22500,22189,1579,1558,3825,3680,3624,3777,3234,3063,4604,4688,5211,2683,696,235,True
1506302,Salvaterra,PA,Pará,1507,Breves,150021,Soure-Salvaterra,24091,12029,12062,868,803,1996,2006,1873,1948,1564,1548,2449,2484,3324,1026,275,79,True
1506351,Santa Bárbara do Pará,PA,Pará,1501,Belém,150001,Belém,21087,10485,10602,741,691,1493,1674,1601,1693,1503,1524,2355,2375,2868,1010,204,57,True
1506401,Santa Cruz do Arari,PA,Pará,1507,Breves,150021,Soure-Salvaterra,7438,3885,3553,455,384,683,617,554,565,467,444,725,637,920,266,36,16,True
1506500,Santa Izabel do Pará,PA,Pará,1501,Belém,150001,Belém,66989,33617,33372,2300,2223,5729,5819,5467,5712,4781,4836,6829,6912,9359,3959,981,293,True
1506559,Santa Luzia do Pará,PA,Pará,1502,Castanhal,150005,Bragança,20326,10213,10113,841,802,1618,1617,1518,1546,1287,1312,2100,2082,3469,674,104,42,True
1506583,Santa Maria das Barreiras,PA,Pará,1504,Redenção,150012,Redenção,16498,8743,7755,610,563,1200,1140,1193,1178,1179,1072,2198,1562,3391,832,160,66,True
1506609,Santa Maria do Pará,PA,Pará,1502,Castanhal,150004,Castanhal,24624,12147,12477,853,823,1966,2020,1840,2023,1674,1823,2882,2949,4472,1162,278,92,True
1506708,Santana do Araguaia,PA,Pará,1504,Redenção,150012,Redenção,32403,16664,15739,1144,1093,2559,2662,2409,2485,2245,2092,3477,2829,7890,3779,689,168,True
1506807,Santarém,PA,Pará,1505,Santarém,150015,Santarém,330355,161830,168525,12324,12255,27884,29750,24330,26378,20723,21843,30449,33884,38659,19135,5920,2450,True
1506906,Santarém Novo,PA,Pará,1502,Castanhal,150006,Capanema,6116,3205,2911,228,212,464,474,479,439,481,369,729,705,1089,225,36,12,True
1507003,Santo Antônio do Tauá,PA,Pará,1501,Belém,150001,Belém,27461,13760,13701,965,893,2045,2163,2075,2146,1924,1948,3066,3108,4568,1606,332,78,True
1507102,São Caetano de Odivelas,PA,Pará,1501,Belém,150001,Belém,16606,8441,8165,590,537,1258,1206,1265,1295,1198,1072,2035,2023,2975,836,175,25,True
1507151,São Domingos do Araguaia,PA,Pará,1503,Marabá,150009,Marabá,21082,10712,10370,864,798,1650,1631,1512,1587,1379,1376,2274,2195,4001,1398,250,71,True
1507201,São Domingos do Capim,PA,Pará,1502,Castanhal,150004,Castanhal,30589,16009,14580,1425,1276,2623,2355,2144,2027,1962,1731,2975,2602,5071,822,141,32,True
1507300,São Félix do Xingu,PA,Pará,1504,Redenção,150013,Tucumã - São Félix do Xingu,65251,34733,30518,2338,2202,5558,5210,5707,5375,4848,3949,6841,4676,12453,6158,1434,392,True
1507409,São Francisco do Pará,PA,Pará,1502,Castanhal,150004,Castanhal,14894,7546,7348,536,483,1078,1111,1143,1145,1017,1041,1908,1865,2777,835,157,50,True
1507458,São Geraldo do Araguaia,PA,Pará,1503,Marabá,150009,Marabá,24255,12242,12013,814,826,1914,2017,1804,1795,1612,1589,2554,2387,4364,1569,360,121,True
1507466,São João da Ponta,PA,Pará,1502,Castanhal,150004,Castanhal,4430,2287,2143,165,142,316,277,276,333,302,259,617,551,996,211,24,7,True
1507474,São João de Pirabas,PA,Pará,1502,Castanhal,150006,Capanema,20689,10658,10031,744,736,1589,1485,1582,1531,1489,1311,2456,2392,3530,807,159,54,True
1507508,São João do Araguaia,PA,Pará,1503,Marabá,150009,Marabá,13664,7290,6374,513,447,1007,889,959,925,956,783,1747,1404,2232,481,98,31,True
1507607,São Miguel do Guamá,PA,Pará,1502,Castanhal,150004,Castanhal,52878,26173,26705,2098,2031,4224,4579,3938,4211,3468,3445,4938,5186,8869,2692,522,199,True
1507706,São Sebastião da Boa Vista,PA,Pará,1507,Breves,150020,Breves,25643,13329,12314,1051,1039,2446,2303,2137,1928,1575,1275,2044,1883,3816,780,140,31,True
1507755,Sapucaia,PA,Pará,1504,Redenção,150014,Xinguara,5847,2968,2879,195,193,496,560,429,433,390,363,568,492,829,364,106,39,True
1507805,Senador José Porfírio,PA,Pará,1506,Altamira,150018,Altamira,22452,12119,10333,870,825,1854,1669,1812,1563,1687,1288,2064,1443,2019,451,117,33,True
1507904,Soure,PA,Pará,1507,Breves,150021,Soure-Salvaterra,24196,11936,12260,870,814,2000,2030,1785,1860,1519,1612,2537,2854,3532,1200,345,157,True
1507953,Tailândia,PA,Pará,1501,Belém,150003,Abaetetuba,72480,36565,35915,2915,2931,6706,6877,5877,6225,4548,4348,5137,4635,9323,4275,1014,227,True
1507961,Terra Alta,PA,Pará,1502,Castanhal,150004,Castanhal,10400,5297,5103,357,328,768,792,777,760,756,677,1243,1219,1798,494,86,22,True
1507979,Terra Santa,PA,Pará,1505,Santarém,150017,Oriximiná,18780,9518,9262,674,636,1617,1558,1529,1515,1229,1135,1744,1613,2159,997,204,38,True
1508001,Tomé-Açu,PA,Pará,1501,Belém,150001,Belém,67395,34283,33112,2564,2501,5853,5927,5220,5320,4348,4043,5565,5171,8374,3369,697,260,True
1508035,Tracuateua,PA,Pará,1502,Castanhal,150005,Bragança,28589,14700,13889,1117,1047,2117,2092,2253,2159,2050,1759,3175,2973,4806,897,150,35,True
1508050,Trairão,PA,Pará,1505,Santarém,150016,Itaituba,15233,8015,7218,583,549,1289,1282,1217,1164,1078,879,1536,1148,2160,1032,273,87,True
1508084,Tucumã,PA,Pará,1504,Redenção,150013,Tucumã - São Félix do Xingu,39547,19755,19792,1280,1328,3324,3528,3188,3484,2716,2662,3802,3315,4929,2876,834,323,True
1508100,Tucuruí,PA,Pará,1503,Marabá,150011,Tucuruí,91292,45164,46128,3542,3356,7732,7830,6800,7364,5944,6294,8665,9284,11176,7609,2687,1156,True
1508126,Ulianópolis,PA,Pará,1502,Castanhal,150007,Paragominas,37948,18987,18961,1263,1307,3405,3705,3784,3650,2795,2449,3176,2885,4422,2740,595,158,True
1508159,Uruará,PA,Pará,1506,Altamira,150018,Altamira,43523,22792,20731,1596,1494,3705,3590,3494,3367,2980,2624,4568,3475,6340,3118,758,221,True
1508209,Vigia,PA,Pará,1501,Belém,150001,Belém,50827,25693,25134,1785,1602,4045,4018,4209,4222,3656,3480,5676,5831,7348,2950,672,184,True
1508308,Viseu,PA,Pará,1502,Castanhal,150005,Bragança,58683,30467,28216,2728,2402,4783,4537,4367,4079,3500,3084,5455,4925,8703,1479,218,53,True
1508357,Vitória do Xingu,PA,Pará,1506,Altamira,150018,Altamira,15595,8024,7571,580,524,1322,1219,1193,1157,989,995,1551,1274,1840,643,146,49,True
1508407,Xinguara,PA,Pará,1504,Redenção,150014,Xinguara,52893,26590,26303,1808,1805,4733,4653,4402,4481,3611,3559,5024,4844,6193,3388,893,360,True
1600105,Amapá,AP,Amapá,1602,Oiapoque - Porto Grande,160003,Oiapoque,7940,4127,3813,312,270,695,647,582,544,474,409,756,667,959,457,172,104,True
1600204,Calçoene,AP,Amapá,1602,Oiapoque - Porto Grande,160003,Oiapoque,10586,5560,5026,395,395,926,814,716,766,655,613,1094,743,1265,487,188,63,True
1600212,Cutias,AP,Amapá,1602,Oiapoque - Porto Grande,160003,Oiapoque,4461,2291,2170,199,185,375,348,324,296,237,242,396,288,650,241,69,27,True
1600238,Ferreira Gomes,AP,Amapá,1602,Oiapoque - Porto Grande,160004,Porto Grande,6654,3353,3301,260,243,512,523,451,458,402,397,588,498,662,331,121,61,True
1600253,Itaubal,AP,Amapá,1601,Macapá,160001,Macapá,5595,2896,2699,259,203,433,450,386,366,318,308,467,370,648,139,54,14,True
1600279,Laranjal do Jari,AP,Amapá,1601,Macapá,160002,Laranjal do Jari,35061,17774,17287,1446,1336,2902,3086,2384,2629,2167,2163,3429,2983,5422,2827,799,271,True
1600303,Macapá,AP,Amapá,1601,Macapá,160001,Macapá,440387,214091,226296,15834,15472,38748,41509,34154,37341,27980,31124,35734,41228,35067,28521,15881,11064,True
1600402,Mazagão,AP,Amapá,1601,Macapá,160001,Macapá,21867,11370,10497,1036,923,1977,1885,1486,1384,1253,1119,1720,1477,2101,760,247,96,True
1600501,Oiapoque,AP,Amapá,1602,Oiapoque - Porto Grande,160003,Oiapoque,27312,14009,13303,1063,1110,2504,2369,2044,2045,1609,1552,1926,1584,1949,1278,545,259,True
1600154,Pedra Branca do Amapari,AP,Amapá,1602,Oiapoque - Porto Grande,160004,Porto Grande,12220,6366,5854,514,485,976,1011,918,893,696,619,867,645,1443,662,197,70,True
1600535,Porto Grande,AP,Amapá,1602,Oiapoque - Porto Grande,160004,Porto Grande,17831,9159,8672,731,697,1376,1461,1245,1282,1170,1054,1694,1344,2431,955,323,98,True
1600550,Pracuúba,AP,Amapá,1602,Oiapoque - Porto Grande,160003,Oiapoque,3803,1993,1810,158,154,295,266,261,264,212,187,324,249,497,140,55,23,True
1600600,Santana,AP,Amapá,1601,Macapá,160001,Macapá,107450,53455,53995,4079,4088,10058,9981,8392,8750,6667,7074,8667,9271,10551,6784,2859,1233,True
1600055,Serra do Navio,AP,Amapá,1602,Oiapoque - Porto Grande,160004,Porto Grande,4673,2414,2259,206,180,423,376,378,387,308,285,393,332,571,339,120,47,True
1600709,Tartarugalzinho,AP,Amapá,1602,Oiapoque - Porto Grande,160003,Oiapoque,12916,6773,6143,539,501,976,927,887,890,719,646,1144,912,1707,517,165,56,True
1600808,Vitória do Jari,AP,Amapá,1601,Macapá,160002,Laranjal do Jari,11291,5811,5480,463,447,1020,980,764,780,674,638,938,806,1543,649,191,48,True
1700251,Abreulândia,TO,Tocantins,1701,Palmas,170003,Paraíso do Tocantins,2576,1365,1211,87,83,164,154,183,165,204,190,383,307,487,126,32,10,True
1700301,Aguiarnópolis,TO,Tocantins,1702,Araguaína,170008,Tocantinópolis,4484,2243,2241,178,177,346,324,331,367,294,323,489,478,762,392,98,33,True
1700350,Aliança do Tocantins,TO,Tocantins,1703,Gurupi,170010,Gurupi,5134,2572,2562,171,140,350,360,315,331,375,394,767,781,1048,442,105,29,True
1700400,Almas,TO,Tocantins,1703,Gurupi,170011,Dianópolis,6480,3352,3128,227,204,491,457,441,435,418,377,825,782,1293,433,105,52,True
1700707,Alvorada,TO,Tocantins,1703,Gurupi,170010,Gurupi,8785,4309,4476,295,290,653,679,634,668,652,659,1088,1137,1282,840,259,107,True
1701002,Ananás,TO,Tocantins,1702,Araguaína,170005,Araguaína,10325,5239,5086,384,357,791,818,765,739,691,680,1232,1204,1610,748,175,61,True
1701051,Angico,TO,Tocantins,1702,Araguaína,170005,Araguaína,2876,1514,1362,104,93,185,173,202,206,195,194,418,353,549,215,38,8,True
1701101,Aparecida do Rio Negro,TO,Tocantins,1701,Palmas,170001,Palmas,4856,2531,2325,165,168,325,296,351,360,349,324,678,580,842,270,55,17,True
1701309,Aragominas,TO,Tocantins,1702,Araguaína,170005,Araguaína,5290,2796,2494,172,138,330,295,360,368,431,377,855,691,1154,338,90,21,True
1701903,Araguacema,TO,Tocantins,1701,Palmas,170003,Paraíso do Tocantins,5927,3077,2850,207,167,394,340,397,427,393,380,893,801,1150,360,73,40,True
1702000,Araguaçu,TO,Tocantins,1703,Gurupi,170010,Gurupi,8065,4152,3913,245,191,547,503,513,523,599,633,1324,1221,1852,672,172,68,True
1702109,Araguaína,TO,Tocantins,1702,Araguaína,170005,Araguaína,170905,82845,88060,5530,5851,14509,15527,13500,14581,11682,12444,16106,18669,19029,14535,5605,2885,True
1702158,Araguanã,TO,Tocantins,1702,Araguaína,170005,Araguaína,4302,2196,2106,147,147,305,309,292,301,300,266,551,523,910,318,69,18,True
1702208,Araguatins,TO,Tocantins,1702,Araguaína,170009,Araguatins,31918,16069,15849,1281,1232,2541,2414,2173,2312,2134,2126,3656,3562,5437,1588,550,210,True
1702307,Arapoema,TO,Tocantins,1702,Araguaína,170005,Araguaína,5550,2847,2703,190,166,400,414,376,378,429,416,749,698,1142,586,127,48,True
1702406,Arraias,TO,Tocantins,1703,Gurupi,170011,Dianópolis,10287,5276,5011,339,318,754,681,709,715,716,672,1522,1397,1812,625,200,123,True
1702554,Augustinópolis,TO,Tocantins,1702,Araguaína,170009,Araguatins,17413,8466,8947,652,650,1319,1532,1324,1425,1083,1142,1712,1890,2784,1020,281,94,True
1702703,Aurora do Tocantins,TO,Tocantins,1703,Gurupi,170011,Dianópolis,3342,1702,1640,120,100,198,189,243,210,247,304,541,491,656,193,54,23,True
1702901,Axixá do Tocantins,TO,Tocantins,1702,Araguaína,170009,Araguatins,10262,5026,5236,398,429,747,805,687,733,630,618,1012,1105,1585,603,155,37,True
1703008,Babaçulândia,TO,Tocantins,1702,Araguaína,170005,Araguaína,7880,4134,3746,249,225,483,451,529,494,591,518,1328,1192,1560,640,154,32,True
1703057,Bandeirantes do Tocantins,TO,Tocantins,1702,Araguaína,170007,Colinas do Tocantins,3407,1791,1616,132,105,276,257,265,269,290,237,369,331,569,192,42,14,True
1703073,Barra do Ouro,TO,Tocantins,1702,Araguaína,170005,Araguaína,4476,2348,2128,210,169,359,314,311,298,289,262,538,456,700,195,41,7,True
1703107,Barrolândia,TO,Tocantins,1701,Palmas,170003,Paraíso do Tocantins,4841,2470,2371,141,154,334,299,328,336,373,310,743,725,959,383,98,25,True
1703206,Bernardo Sayão,TO,Tocantins,1702,Araguaína,170007,Colinas do Tocantins,4213,2145,2068,124,114,294,288,304,279,310,319,597,532,921,303,73,15,True
1703305,Bom Jesus do Tocantins,TO,Tocantins,1702,Araguaína,170006,Guaraí,4038,2099,1939,144,130,322,320,308,314,250,241,457,384,584,306,77,20,True
1703602,Brasilândia do Tocantins,TO,Tocantins,1702,Araguaína,170007,Colinas do Tocantins,1974,1010,964,65,64,126,127,126,139,153,141,277,247,358,160,41,15,True
1703701,Brejinho de Nazaré,TO,Tocantins,1701,Palmas,170002,Porto Nacional,4725,2406,2319,139,149,282,273,312,354,333,300,756,704,1006,329,109,26,True
1703800,Buriti do Tocantins,TO,Tocantins,1702,Araguaína,170009,Araguatins,10307,5116,5191,371,367,819,831,758,769,625,634,1126,1188,1524,516,105,29,True
1703826,Cachoeirinha,TO,Tocantins,1702,Araguaína,170008,Tocantinópolis,1961,1045,916,70,55,140,129,128,119,139,127,268,241,370,136,22,4,True
1703842,Campos Lindos,TO,Tocantins,1702,Araguaína,170005,Araguaína,8653,4498,4155,376,350,796,736,633,589,518,430,738,682,1241,366,73,23,True
1703867,Cariri do Tocantins,TO,Tocantins,1703,Gurupi,170010,Gurupi,3633,1870,1763,116,106,246,242,258,269,278,248,517,472,632,308,86,16,True
1703883,Carmolândia,TO,Tocantins,1702,Araguaína,170005,Araguaína,2201,1092,1109,81,74,161,148,118,147,161,154,284,307,397,189,40,12,True
1703891,Carrasco Bonito,TO,Tocantins,1702,Araguaína,170009,Araguatins,3318,1713,1605,132,125,249,248,269,229,189,187,375,352,672,188,29,6,True
1703909,Caseara,TO,Tocantins,1701,Palmas,170003,Paraíso do Tocantins,4847,2533,2314,182,162,348,332,334,355,369,300,613,555,792,288,87,34,True
1704105,Centenário,TO,Tocantins,1702,Araguaína,170006,Guaraí,2131,1123,1008,86,74,122,111,150,156,163,130,347,292,463,112,30,8,True
1705102,Chapada da Natividade,TO,Tocantins,1701,Palmas,170002,Porto Nacional,3117,1640,1477,110,107,192,207,217,197,213,187,500,380,572,159,28,16,True
1704600,Chapada de Areia,TO,Tocantins,1701,Palmas,170003,Paraíso do Tocantins,1501,798,703,39,38,71,87,107,97,96,101,286,207,319,95,10,3,True
1705508,Colinas do Tocantins,TO,Tocantins,1702,Araguaína,170007,Colinas do Tocantins,34138,16750,17388,1131,1218,2709,2911,2627,2745,2298,2445,3518,3830,4838,2541,846,400,True
1716703,Colméia,TO,Tocantins,1702,Araguaína,170006,Guaraí,8941,4577,4364,274,264,649,602,629,634,621,660,1352,1248,1787,672,169,64,True
1705557,Combinado,TO,Tocantins,1703,Gurupi,170011,Dianópolis,4756,2384,2372,149,173,313,326,368,389,383,362,629,573,889,369,107,34,True
1705607,Conceição do Tocantins,TO,Tocantins,1703,Gurupi,170011,Dianópolis,3887,1963,1924,133,99,274,291,251,251,235,230,559,503,762,236,57,19,True
1706001,Couto Magalhães,TO,Tocantins,1702,Araguaína,170006,Guaraí,5331,2769,2562,190,154,328,344,381,399,369,315,791,676,1001,267,50,31,True
1706100,Cristalândia,TO,Tocantins,1701,Palmas,170003,Paraíso do Tocantins,6371,3239,3132,183,178,352,340,431,404,477,510,1066,1019,1288,555,153,85,True
1706258,Crixás do Tocantins,TO,Tocantins,1703,Gurupi,170010,Gurupi,1470,749,721,56,37,85,102,95,102,129,110,213,208,316,121,20,7,True
1706506,Darcinópolis,TO,Tocantins,1702,Araguaína,170005,Araguaína,5827,2982,2845,196,217,428,422,444,434,416,377,686,608,993,320,61,12,True
1707009,Dianópolis,TO,Tocantins,1703,Gurupi,170011,Dianópolis,17736,8913,8823,607,613,1435,1373,1352,1429,1216,1187,1972,1974,2682,1467,541,283,True
1707108,Divinópolis do Tocantins,TO,Tocantins,1701,Palmas,170003,Paraíso do Tocantins,7024,3596,3428,229,213,462,461,491,512,526,467,1057,940,1205,458,110,46,True
1707207,Dois Irmãos do Tocantins,TO,Tocantins,1701,Palmas,170004,Miracema do Tocantins,6327,3386,2941,199,153,374,351,413,426,532,438,1085,894,1432,453,84,26,True
1707306,Dueré,TO,Tocantins,1703,Gurupi,170010,Gurupi,4248,2268,1980,125,123,271,268,314,258,340,265,728,600,935,313,68,42,True
1707405,Esperantina,TO,Tocantins,1702,Araguaína,170009,Araguatins,7530,3851,3679,326,265,565,518,504,553,437,427,898,841,1725,279,52,12,True
1707553,Fátima,TO,Tocantins,1701,Palmas,170002,Porto Nacional,3467,1752,1715,117,117,255,225,214,237,244,264,480,479,678,306,83,18,True
1707652,Figueirópolis,TO,Tocantins,1703,Gurupi,170010,Gurupi,5211,2648,2563,141,141,328,330,339,355,401,379,844,801,1003,462,107,57,True
1707702,Filadélfia,TO,Tocantins,1702,Araguaína,170005,Araguaína,7712,4009,3703,250,230,514,489,503,504,557,476,1213,1103,1434,392,113,40,True
1708205,Formoso do Araguaia,TO,Tocantins,1703,Gurupi,170010,Gurupi,18760,9716,9044,646,621,1308,1253,1339,1325,1439,1316,2547,2228,2893,1498,375,137,True
1708304,Goianorte,TO,Tocantins,1702,Araguaína,170006,Guaraí,4738,2464,2274,182,142,325,309,348,333,356,336,703,625,980,293,70,22,True
1709005,Goiatins,TO,Tocantins,1702,Araguaína,170005,Araguaína,12410,6432,5978,490,481,871,868,803,771,728,635,1406,1212,1969,488,104,46,True
1709302,Guaraí,TO,Tocantins,1702,Araguaína,170006,Guaraí,24669,12275,12394,823,762,1895,1912,1816,1861,1786,1883,3059,3205,3479,2185,768,360,True
1709500,Gurupi,TO,Tocantins,1703,Gurupi,170010,Gurupi,85107,41346,43761,2596,2622,6798,7204,6589,7187,6266,6647,9422,10578,9164,8122,3429,1898,True
1709807,Ipueiras,TO,Tocantins,1701,Palmas,170002,Porto Nacional,1590,833,757,53,56,68,80,88,113,136,118,261,202,318,143,15,3,True
1710508,Itacajá,TO,Tocantins,1702,Araguaína,170007,Colinas do Tocantins,6767,3481,3286,239,218,448,438,424,397,404,427,879,822,1247,411,96,34,True
1710706,Itaguatins,TO,Tocantins,1702,Araguaína,170009,Araguatins,5172,2674,2498,196,159,333,286,352,380,367,303,766,735,1068,321,62,25,True
1710904,Itapiratins,TO,Tocantins,1702,Araguaína,170007,Colinas do Tocantins,3577,1851,1726,121,106,248,250,260,241,273,246,512,434,715,255,45,20,True
1711100,Itaporã do Tocantins,TO,Tocantins,1702,Araguaína,170006,Guaraí,2404,1236,1168,86,75,166,162,174,174,181,175,348,302,485,192,32,14,True
1711506,Jaú do Tocantins,TO,Tocantins,1703,Gurupi,170010,Gurupi,3334,1726,1608,109,102,155,171,215,215,251,221,595,514,728,250,56,21,True
1711803,Juarina,TO,Tocantins,1702,Araguaína,170007,Colinas do Tocantins,2243,1144,1099,79,68,147,157,139,152,170,140,316,295,441,109,12,4,True
1711902,Lagoa da Confusão,TO,Tocantins,1701,Palmas,170003,Paraíso do Tocantins,15274,7965,7307,547,535,1327,1219,1208,1173,1045,947,1448,1198,1498,796,212,78,True
1711951,Lagoa do Tocantins,TO,Tocantins,1701,Palmas,170001,Palmas,3516,1789,1727,141,131,260,243,197,225,209,206,417,362,595,157,28,9,True
1712009,Lajeado,TO,Tocantins,1701,Palmas,170001,Palmas,3357,1777,1580,101,100,220,209,260,236,243,238,463,361,387,219,78,35,True
1712157,Lavandeira,TO,Tocantins,1703,Gurupi,170011,Dianópolis,1626,849,777,61,53,84,110,107,93,132,140,249,201,317,100,24,5,True
1712405,Lizarda,TO,Tocantins,1701,Palmas,170001,Palmas,2991,1594,1397,124,105,188,131,189,183,174,144,470,405,599,97,20,9,True
1712454,Luzinópolis,TO,Tocantins,1702,Araguaína,170008,Tocantinópolis,2717,1384,1333,98,83,178,160,206,210,203,196,317,312,491,144,31,10,True
1712504,Marianópolis do Tocantins,TO,Tocantins,1701,Palmas,170003,Paraíso do Tocantins,4615,2447,2168,136,157,370,304,339,320,357,320,630,475,814,341,76,30,True
1712702,Mateiros,TO,Tocantins,1701,Palmas,170001,Palmas,2730,1436,1294,118,89,243,222,215,209,187,162,244,206,332,126,36,18,True
1712801,Maurilândia do Tocantins,TO,Tocantins,1702,Araguaína,170008,Tocantinópolis,3046,1570,1476,111,115,190,203,204,215,207,178,374,331,630,151,25,3,True
1713205,Miracema do Tocantins,TO,Tocantins,1701,Palmas,170004,Miracema do Tocantins,18500,9222,9278,635,649,1365,1293,1280,1331,1325,1370,2487,2486,3054,1756,582,249,True
1713304,Miranorte,TO,Tocantins,1701,Palmas,170004,Miracema do Tocantins,12692,6448,6244,422,426,891,906,928,958,941,903,1726,1680,2183,1032,266,88,True
1713601,Monte do Carmo,TO,Tocantins,1701,Palmas,170002,Porto Nacional,5694,2946,2748,184,152,331,331,379,381,419,368,895,779,1284,377,76,29,True
1713700,Monte Santo do Tocantins,TO,Tocantins,1701,Palmas,170003,Paraíso do Tocantins,2396,1245,1151,66,65,130,151,142,160,188,143,448,349,449,112,11,5,True
1713957,Muricilândia,TO,Tocantins,1702,Araguaína,170005,Araguaína,3367,1745,1622,117,107,224,240,242,245,262,211,457,380,602,164,33,11,True
1714203,Natividade,TO,Tocantins,1701,Palmas,170002,Porto Nacional,8743,4487,4256,273,245,638,582,689,666,618,531,1228,1157,1543,561,191,85,True
1714302,Nazaré,TO,Tocantins,1702,Araguaína,170008,Tocantinópolis,4521,2262,2259,159,143,272,274,314,339,308,310,636,663,833,257,43,17,True
1714880,Nova Olinda,TO,Tocantins,1702,Araguaína,170005,Araguaína,10367,5384,4983,349,341,778,724,730,718,712,659,1383,1223,1916,708,151,49,True
1715002,Nova Rosalândia,TO,Tocantins,1701,Palmas,170003,Paraíso do Tocantins,3362,1713,1649,97,94,212,193,242,238,212,244,532,474,711,236,56,16,True
1715101,Novo Acordo,TO,Tocantins,1701,Palmas,170001,Palmas,3952,1996,1956,145,156,272,241,305,271,250,233,476,498,647,242,63,30,True
1715150,Novo Alegre,TO,Tocantins,1703,Gurupi,170011,Dianópolis,1846,929,917,55,48,82,96,116,141,164,144,322,283,427,165,57,13,True
1715259,Novo Jardim,TO,Tocantins,1703,Gurupi,170011,Dianópolis,2230,1138,1092,85,83,157,162,151,157,159,138,277,240,436,156,26,4,True
1715507,Oliveira de Fátima,TO,Tocantins,1701,Palmas,170002,Porto Nacional,1164,582,582,29,37,74,69,77,99,82,91,150,124,197,80,18,6,True
1721000,Palmas,TO,Tocantins,1701,Palmas,170001,Palmas,302207,147283,154924,9741,10000,28184,29628,25403,27972,21413,23865,25099,27134,21751,23155,12392,9294,True
1715705,Palmeirante,TO,Tocantins,1702,Araguaína,170007,Colinas do Tocantins,4798,2545,2253,167,159,325,291,303,335,378,313,758,578,915,272,51,14,True
1713809,Palmeiras do Tocantins,TO,Tocantins,1702,Araguaína,170008,Tocantinópolis,4872,2493,2379,159,155,341,347,376,338,296,323,651,617,922,355,86,27,True
1715754,Palmeirópolis,TO,Tocantins,1703,Gurupi,170010,Gurupi,6961,3518,3443,226,215,461,455,469,516,532,517,1016,989,1367,497,159,61,True
1716109,Paraíso do Tocantins,TO,Tocantins,1701,Palmas,170003,Paraíso do Tocantins,52346,25906,26440,1674,1737,4212,4260,4084,4273,3773,3907,5751,6163,5803,4751,1720,724,True
1716208,Paranã,TO,Tocantins,1703,Gurupi,170010,Gurupi,10531,5543,4988,364,339,662,616,791,671,764,658,1532,1358,1862,448,130,56,True
1716307,Pau D'Arco,TO,Tocantins,1702,Araguaína,170005,Araguaína,4043,2116,1927,119,97,325,264,282,278,254,282,569,483,802,338,62,14,True
1716505,Pedro Afonso,TO,Tocantins,1702,Araguaína,170006,Guaraí,14016,7114,6902,476,474,1175,1081,1112,1134,1054,1009,1468,1383,1389,1078,475,189,True
1716604,Peixe,TO,Tocantins,1703,Gurupi,170010,Gurupi,9317,4801,4516,296,250,534,539,619,617,679,712,1600,1322,1955,757,210,82,True
1716653,Pequizeiro,TO,Tocantins,1702,Araguaína,170006,Guaraí,4921,2558,2363,172,161,337,324,334,342,374,367,727,624,1054,333,68,17,True
1717008,Pindorama do Tocantins,TO,Tocantins,1701,Palmas,170002,Porto Nacional,4475,2342,2133,169,157,295,276,278,287,310,266,709,581,826,242,51,25,True
1717206,Piraquê,TO,Tocantins,1702,Araguaína,170005,Araguaína,2282,1244,1038,86,58,122,124,155,160,172,154,396,281,512,202,37,7,True
1717503,Pium,TO,Tocantins,1701,Palmas,170003,Paraíso do Tocantins,7096,3662,3434,207,238,422,429,493,485,478,480,971,784,1184,556,109,47,True
1717800,Ponte Alta do Bom Jesus,TO,Tocantins,1703,Gurupi,170011,Dianópolis,4220,2201,2019,145,120,270,259,288,255,312,294,712,619,918,204,60,21,True
1717909,Ponte Alta do Tocantins,TO,Tocantins,1701,Palmas,170002,Porto Nacional,7575,4032,3543,289,242,523,486,538,498,541,434,1087,871,1286,386,99,36,True
1718006,Porto Alegre do Tocantins,TO,Tocantins,1703,Gurupi,170011,Dianópolis,2866,1476,1390,112,90,211,189,194,224,196,167,350,322,451,158,35,11,True
1718204,Porto Nacional,TO,Tocantins,1701,Palmas,170002,Porto Nacional,64407,31954,32453,2083,1990,4686,4968,5211,5482,4493,4527,6888,7079,6673,4075,1619,770,True
1718303,Praia Norte,TO,Tocantins,1702,Araguaína,170009,Araguatins,9044,4640,4404,407,371,693,647,722,742,558,499,842,766,1375,313,42,3,True
1718402,Presidente Kennedy,TO,Tocantins,1702,Araguaína,170006,Guaraí,3047,1517,1530,98,92,219,205,211,183,224,237,431,464,640,286,67,22,True
1718451,Pugmil,TO,Tocantins,1701,Palmas,170003,Paraíso do Tocantins,2193,1138,1055,77,72,181,142,147,139,141,160,320,279,433,212,39,16,True
1718501,Recursolândia,TO,Tocantins,1702,Araguaína,170006,Guaraí,3421,1944,1477,148,114,250,224,246,215,267,191,508,277,614,127,31,9,True
1718550,Riachinho,TO,Tocantins,1702,Araguaína,170005,Araguaína,3960,2056,1904,137,122,241,278,270,285,295,258,546,469,858,141,7,3,True
1718659,Rio da Conceição,TO,Tocantins,1703,Gurupi,170011,Dianópolis,1764,886,878,58,66,129,140,139,134,112,105,173,176,277,94,17,6,True
1718709,Rio dos Bois,TO,Tocantins,1701,Palmas,170004,Miracema do Tocantins,2738,1390,1348,90,94,161,186,202,181,197,170,386,357,488,183,24,7,True
1718758,Rio Sono,TO,Tocantins,1701,Palmas,170001,Palmas,4834,2572,2262,173,135,279,256,294,281,357,284,813,673,1086,262,76,20,True
1718808,Sampaio,TO,Tocantins,1702,Araguaína,170009,Araguatins,4215,2139,2076,202,166,327,317,271,289,238,267,470,452,725,175,43,6,True
1718840,Sandolândia,TO,Tocantins,1703,Gurupi,170010,Gurupi,3699,1957,1742,141,107,213,189,239,265,296,280,562,455,757,236,45,13,True
1718865,Santa Fé do Araguaia,TO,Tocantins,1702,Araguaína,170005,Araguaína,7212,3665,3547,266,257,550,541,521,539,498,449,850,735,1139,434,94,26,True
1718881,Santa Maria do Tocantins,TO,Tocantins,1702,Araguaína,170006,Guaraí,2680,1390,1290,83,73,160,162,189,196,175,151,398,348,456,210,44,11,True
1718899,Santa Rita do Tocantins,TO,Tocantins,1701,Palmas,170002,Porto Nacional,2219,1159,1060,67,66,149,157,139,130,192,179,346,228,427,142,31,6,True
1718907,Santa Rosa do Tocantins,TO,Tocantins,1701,Palmas,170002,Porto Nacional,4653,2413,2240,160,146,333,305,337,346,296,277,624,541,929,230,49,15,True
1719004,Santa Tereza do Tocantins,TO,Tocantins,1701,Palmas,170001,Palmas,2781,1432,1349,97,85,189,206,182,166,178,163,346,313,382,196,38,13,True
1720002,Santa Terezinha do Tocantins,TO,Tocantins,1702,Araguaína,170008,Tocantinópolis,2406,1223,1183,91,77,148,153,172,163,145,167,347,306,476,137,33,9,True
1720101,São Bento do Tocantins,TO,Tocantins,1702,Araguaína,170009,Araguatins,5647,2940,2707,230,193,410,392,427,394,374,372,678,570,776,237,40,16,True
1720150,São Félix do Tocantins,TO,Tocantins,1701,Palmas,170001,Palmas,1778,917,861,88,75,124,122,132,124,114,94,188,160,219,56,21,3,True
1720200,São Miguel do Tocantins,TO,Tocantins,1702,Araguaína,170009,Araguatins,13241,6637,6604,452,457,1033,1030,955,1034,912,885,1406,1407,1991,529,79,22,True
1720259,São Salvador do Tocantins,TO,Tocantins,1703,Gurupi,170010,Gurupi,2373,1218,1155,63,70,138,128,155,178,161,156,396,327,484,173,37,12,True
1720309,São Sebastião do Tocantins,TO,Tocantins,1702,Araguaína,170009,Araguatins,4100,2107,1993,173,147,265,274,297,311,300,259,452,430,784,146,37,10,True
1720499,São Valério,TO,Tocantins,1703,Gurupi,170010,Gurupi,4422,2276,2146,142,104,238,228,320,307,289,322,742,644,823,235,61,23,True
1720655,Silvanópolis,TO,Tocantins,1701,Palmas,170002,Porto Nacional,5108,2590,2518,177,169,313,332,358,361,355,319,699,674,1005,352,100,30,True
1720804,Sítio Novo do Tocantins,TO,Tocantins,1702,Araguaína,170009,Araguatins,10830,5468,5362,388,381,833,819,849,859,681,668,1258,1249,1529,307,70,20,True
1720853,Sucupira,TO,Tocantins,1703,Gurupi,170010,Gurupi,1577,823,754,49,49,101,87,112,106,125,130,228,195,326,138,26,7,True
1708254,Tabocão,TO,Tocantins,1702,Araguaína,170006,Guaraí,3455,1733,1722,113,119,270,284,244,263,262,203,393,360,367,214,56,12,True
1720903,Taguatinga,TO,Tocantins,1703,Gurupi,170011,Dianópolis,14011,7182,6829,497,448,1058,983,994,1027,1045,994,1979,1822,2772,849,217,100,True
1720937,Taipas do Tocantins,TO,Tocantins,1703,Gurupi,170011,Dianópolis,2021,1063,958,77,43,121,124,158,137,157,116,279,251,318,120,22,13,True
1720978,Talismã,TO,Tocantins,1703,Gurupi,170010,Gurupi,2456,1274,1182,68,73,140,144,186,179,186,196,404,315,454,238,52,16,True
1721109,Tocantínia,TO,Tocantins,1701,Palmas,170004,Miracema do Tocantins,6981,3550,3431,262,271,478,422,426,431,345,314,546,533,1058,311,87,36,True
1721208,Tocantinópolis,TO,Tocantins,1702,Araguaína,170008,Tocantinópolis,22535,11120,11415,758,734,1714,1678,1646,1730,1393,1488,2373,2690,3710,1643,503,238,True
1721257,Tupirama,TO,Tocantins,1702,Araguaína,170006,Guaraí,1909,1006,903,58,47,140,138,161,125,139,126,256,229,262,117,36,21,True
1721307,Tupiratins,TO,Tocantins,1702,Araguaína,170007,Colinas do Tocantins,1874,972,902,56,52,116,103,105,109,132,139,321,276,389,113,23,5,True
1722081,Wanderlândia,TO,Tocantins,1702,Araguaína,170005,Araguaína,10522,5294,5228,377,385,730,717,687,760,721,757,1288,1262,1853,705,184,50,True
1722107,Xambioá,TO,Tocantins,1702,Araguaína,170005,Araguaína,10517,5274,5243,352,323,779,760,799,799,752,709,1231,1353,1868,817,220,82,True
2100055,Açailândia,MA,Maranhão,2105,Imperatriz,210021,Açailândia,106298,52372,53926,4019,3882,8429,8608,8295,9008,7127,7600,10349,11034,16572,7223,1709,722,True
2100105,Afonso Cunha,MA,Maranhão,2103,Caxias,210013,Caxias,6144,3131,3013,256,273,468,499,443,401,343,352,578,559,902,192,28,3,True
2100154,Água Doce do Maranhão,MA,Maranhão,2101,São Luís,210007,Tutóia - Araioses,12142,6210,5932,485,456,904,921,896,920,842,770,1444,1345,1899,450,53,7,True
2100204,Alcântara,MA,Maranhão,2101,São Luís,210001,São Luís,18431,9380,9051,744,621,1192,1028,1251,1377,1222,1178,2312,2269,4516,822,148,32,True
2100303,Aldeias Altas,MA,Maranhão,2103,Caxias,210013,Caxias,23286,11665,11621,1011,939,1680,1772,1572,1719,1325,1276,2227,2299,4113,721,96,18,True
2100402,Altamira do Maranhão,MA,Maranhão,2102,Santa Inês - Bacabal,210010,Bacabal,6447,3264,3183,248,223,505,457,489,440,413,445,770,819,1923,375,63,9,True
2100436,Alto Alegre do Maranhão,MA,Maranhão,2102,Santa Inês - Bacabal,210010,Bacabal,24048,11850,12198,976,937,1870,1928,1703,1968,1395,1502,2373,2552,4428,895,95,31,True
2100477,Alto Alegre do Pindaré,MA,Maranhão,2102,Santa Inês - Bacabal,210009,Santa Inês,25710,12972,12738,1131,1013,1881,1833,1772,1820,1521,1622,2669,2644,5216,781,123,28,True
2100501,Alto Parnaíba,MA,Maranhão,2105,Imperatriz,210022,Balsas,11106,5747,5359,419,443,948,828,921,787,651,577,1205,1138,1527,458,101,45,True
2100550,Amapá do Maranhão,MA,Maranhão,2102,Santa Inês - Bacabal,210011,Governador Nunes Freire,7170,3655,3515,326,286,618,603,537,534,419,405,640,600,1156,195,33,9,True
2100600,Amarante do Maranhão,MA,Maranhão,2105,Imperatriz,210019,Imperatriz,36723,18913,17810,1549,1500,2772,2578,2456,2437,2087,1955,3311,3022,6771,1367,241,63,True
2100709,Anajatuba,MA,Maranhão,2101,São Luís,210004,Itapecuru Mirim,25322,12877,12445,845,748,1935,1854,2017,2031,1756,1678,2979,2894,4479,902,144,28,True
2100808,Anapurus,MA,Maranhão,2101,São Luís,210003,Chapadinha,13766,6872,6894,598,545,1105,1143,1049,1110,832,874,1335,1400,2371,489,102,31,True
2100832,Apicum-Açu,MA,Maranhão,2101,São Luís,210008,Cururupu,17519,9065,8454,690,606,1595,1429,1471,1406,1122,1005,1732,1643,2591,610,91,24,True
2100873,Araguanã,MA,Maranhão,2102,Santa Inês - Bacabal,210009,Santa Inês,11171,5620,5551,422,422,858,861,806,824,695,661,1233,1181,2459,407,33,16,True
2100907,Araioses,MA,Maranhão,2101,São Luís,210007,Tutóia - Araioses,39052,19996,19056,1501,1351,2846,2834,3031,3024,2710,2441,4679,4555,6879,1264,180,48,True
2100956,Arame,MA,Maranhão,2105,Imperatriz,210020,Barra do Corda,25434,13106,12328,1183,1065,1976,1864,1744,1701,1501,1372,2189,2099,4449,781,118,53,True
2101004,Arari,MA,Maranhão,2101,São Luís,210005,Viana,29457,14593,14864,1077,1016,2333,2233,2196,2364,1962,2064,3322,3517,4263,1549,400,99,True
2101103,Axixá,MA,Maranhão,2101,São Luís,210001,São Luís,11769,5859,5910,500,442,931,927,867,918,755,771,1204,1322,1832,506,78,32,True
2101202,Bacabal,MA,Maranhão,2102,Santa Inês - Bacabal,210010,Bacabal,103703,49714,53989,3742,3786,7908,8550,7650,8475,6705,7349,10237,12872,17044,6223,1468,590,True
2101251,Bacabeira,MA,Maranhão,2101,São Luís,210001,São Luís,16952,8413,8539,648,629,1311,1397,1371,1495,1103,1115,1579,1609,2519,575,112,42,True
2101301,Bacuri,MA,Maranhão,2101,São Luís,210008,Cururupu,16236,8257,7979,588,539,1300,1182,1249,1211,1027,1006,1793,1923,3135,615,98,34,True
2101350,Bacurituba,MA,Maranhão,2101,São Luís,210002,Pinheiro,5252,2708,2544,198,193,342,318,388,404,380,330,736,657,1126,146,22,5,True
2101400,Balsas,MA,Maranhão,2105,Imperatriz,210022,Balsas,101607,50120,51487,3861,3864,9285,9683,8525,8759,6395,6516,8109,8634,10702,6487,2097,963,True
2101509,Barão de Grajaú,MA,Maranhão,2104,Presidente Dutra,210017,São João dos Patos,18984,9442,9542,644,581,1517,1527,1532,1581,1300,1281,2140,2407,2893,1080,254,63,True
2101608,Barra do Corda,MA,Maranhão,2105,Imperatriz,210020,Barra do Corda,84272,41686,42586,3180,3125,6295,6477,5930,6253,5082,5338,8997,9479,14558,3443,774,329,True
2101707,Barreirinhas,MA,Maranhão,2101,São Luís,210006,Barreirinhas,65585,33365,32220,2933,2752,5586,5394,5013,5254,3994,3887,5581,5365,8041,1884,355,130,True
2101772,Bela Vista do Maranhão,MA,Maranhão,2102,Santa Inês - Bacabal,210009,Santa Inês,11750,5853,5897,469,457,924,955,858,891,681,769,1152,1223,2210,476,63,12,True
2101731,Belágua,MA,Maranhão,2101,São Luís,210003,Chapadinha,8460,4482,3978,398,349,795,740,599,567,444,366,627,544,919,120,14,6,True
2101806,Benedito Leite,MA,Maranhão,2104,Presidente Dutra,210017,São João dos Patos,5469,2810,2659,196,172,410,364,404,378,339,304,776,757,919,232,42,16,True
2101905,Bequimão,MA,Maranhão,2101,São Luís,210002,Pinheiro,19566,9885,9681,672,617,1240,1246,1455,1520,1390,1315,2732,2645,4372,621,110,21,True
2101939,Bernardo do Mearim,MA,Maranhão,2102,Santa Inês - Bacabal,210012,Pedreiras,5829,2914,2915,207,183,396,425,420,408,423,394,757,761,987,308,57,4,True
2101970,Boa Vista do Gurupi,MA,Maranhão,2102,Santa Inês - Bacabal,210011,Governador Nunes Freire,7574,3844,3730,338,331,615,570,509,545,384,418,711,684,1343,337,54,11,True
2102002,Bom Jardim,MA,Maranhão,2102,Santa Inês - Bacabal,210009,Santa Inês,33040,16649,16391,1328,1248,2487,2458,2301,2332,1980,2007,3387,3445,6420,1112,181,59,True
2102036,Bom Jesus das Selvas,MA,Maranhão,2105,Imperatriz,210021,Açailândia,28599,14743,13856,1238,1140,2175,2125,2097,2169,1812,1578,2673,2311,3451,893,125,29,True
2102077,Bom Lugar,MA,Maranhão,2102,Santa Inês - Bacabal,210010,Bacabal,12208,6207,6001,475,471,953,949,922,882,866,812,1408,1420,2825,422,40,11,True
2102101,Brejo,MA,Maranhão,2101,São Luís,210003,Chapadinha,34096,17124,16972,1485,1362,2579,2528,2547,2573,2151,2055,3492,3791,5624,1063,180,73,True
2102150,Brejo de Areia,MA,Maranhão,2102,Santa Inês - Bacabal,210010,Bacabal,9218,4772,4446,407,375,827,708,689,663,577,523,943,838,909,262,28,4,True
2102200,Buriti,MA,Maranhão,2101,São Luís,210003,Chapadinha,29685,15156,14529,1290,1211,2521,2355,2077,2034,1661,1541,2756,2836,4636,686,101,37,True
2102309,Buriti Bravo,MA,Maranhão,2103,Caxias,210014,Timon,22445,11197,11248,892,826,1591,1570,1507,1531,1372,1376,2586,2804,4167,879,145,49,True
2102325,Buriticupu,MA,Maranhão,2105,Imperatriz,210021,Açailândia,55477,27739,27738,2411,2274,4301,4460,3768,4214,3330,3372,5175,5095,10855,2187,392,133,True
2102358,Buritirana,MA,Maranhão,2105,Imperatriz,210019,Imperatriz,12918,6550,6368,492,462,871,819,868,949,860,842,1570,1544,2827,755,80,20,True
2102374,Cachoeira Grande,MA,Maranhão,2101,São Luís,210001,São Luís,9716,5053,4663,458,436,751,737,700,715,575,509,921,821,1114,182,24,4,True
2102408,Cajapió,MA,Maranhão,2101,São Luís,210005,Viana,10104,5100,5004,403,411,736,719,795,800,673,619,1106,1067,1988,239,34,5,True
2102507,Cajari,MA,Maranhão,2101,São Luís,210005,Viana,16405,8329,8076,642,596,1169,1140,1183,1173,1032,940,1648,1665,3067,376,78,10,True
2102556,Campestre do Maranhão,MA,Maranhão,2105,Imperatriz,210019,Imperatriz,12284,6206,6078,500,424,918,947,915,988,839,796,1320,1277,2189,992,170,43,True
2102606,Cândido Mendes,MA,Maranhão,2102,Santa Inês - Bacabal,210011,Governador Nunes Freire,19919,10242,9677,745,723,1574,1449,1556,1573,1319,1101,2079,1882,2967,615,115,28,True
2102705,Cantanhede,MA,Maranhão,2101,São Luís,210004,Itapecuru Mirim,24289,12147,12142,1003,1039,2209,2264,1684,1761,1463,1458,2445,2352,3577,560,95,32,True
2102754,Capinzal do Norte,MA,Maranhão,2102,Santa Inês - Bacabal,210012,Pedreiras,11374,5614,5760,389,381,835,838,875,867,739,742,1240,1360,2169,425,69,18,True
2102804,Carolina,MA,Maranhão,2105,Imperatriz,210022,Balsas,24062,12246,11816,883,758,1797,1668,1764,1758,1478,1505,3076,3173,3600,1397,357,157,True
2102903,Carutapera,MA,Maranhão,2102,Santa Inês - Bacabal,210011,Governador Nunes Freire,24238,12356,11882,933,871,1891,2017,1925,1962,1557,1473,2355,2211,3661,895,173,54,True
2103000,Caxias,MA,Maranhão,2103,Caxias,210013,Caxias,156810,75251,81559,5768,5667,11691,12300,11201,12448,9751,10833,16518,20617,26218,8182,2051,860,True
2103109,Cedral,MA,Maranhão,2101,São Luís,210008,Cururupu,10198,5222,4976,367,334,767,724,759,783,768,704,1354,1280,1971,416,63,14,True
2103125,Central do Maranhão,MA,Maranhão,2101,São Luís,210008,Cururupu,7080,3665,3415,298,279,486,497,497,527,418,414,812,739,1475,266,29,6,True
2103158,Centro do Guilherme,MA,Maranhão,2102,Santa Inês - Bacabal,210011,Governador Nunes Freire,12286,6300,5986,528,549,1073,984,881,894,657,606,1001,883,1553,579,76,27,True
2103174,Centro Novo do Maranhão,MA,Maranhão,2102,Santa Inês - Bacabal,210011,Governador Nunes Freire,16246,8473,7773,691,686,1490,1377,1095,1111,924,825,1383,1213,2762,653,123,33,True
2103208,Chapadinha,MA,Maranhão,2101,São Luís,210003,Chapadinha,81279,39868,41411,3306,3191,6294,6612,6093,6563,4609,4888,7761,8722,11838,3087,635,259,True
2103257,Cidelândia,MA,Maranhão,2105,Imperatriz,210019,Imperatriz,12872,6554,6318,518,470,968,874,890,954,886,832,1510,1461,2393,759,114,32,True
2103307,Codó,MA,Maranhão,2103,Caxias,210015,Codó,113996,55065,58931,4266,4245,8289,8739,7997,8707,6507,7215,12112,14556,20707,5272,977,337,True
2103406,Coelho Neto,MA,Maranhão,2103,Caxias,210013,Caxias,41658,20538,21120,1684,1643,3001,2980,2950,3140,2386,2615,4624,5227,7798,1871,359,98,True
2103505,Colinas,MA,Maranhão,2104,Presidente Dutra,210018,Colinas,40293,19663,20630,1463,1492,3320,3419,2939,3058,2415,2546,4023,4580,7163,1471,333,139,True
2103554,Conceição do Lago-Açu,MA,Maranhão,2102,Santa Inês - Bacabal,210010,Bacabal,14915,7692,7223,675,601,1224,1150,1092,1066,999,914,1328,1259,2658,482,56,12,True
2103604,Coroatá,MA,Maranhão,2103,Caxias,210015,Codó,59437,29239,30198,2306,2150,4274,4507,4194,4544,3640,3826,6523,7410,11758,2288,407,119,True
2103703,Cururupu,MA,Maranhão,2101,São Luís,210008,Cururupu,31472,15875,15597,1133,1088,2228,2151,2342,2306,2092,2001,4037,4268,6119,1541,267,83,True
2103752,Davinópolis,MA,Maranhão,2105,Imperatriz,210019,Imperatriz,14297,7188,7109,502,507,1151,1203,1164,1156,941,901,1413,1497,2382,706,92,20,True
2103802,Dom Pedro,MA,Maranhão,2104,Presidente Dutra,210016,Presidente Dutra,23053,11204,11849,785,779,1786,1743,1663,1816,1508,1622,2543,3005,4303,1275,238,74,True
2103901,Duque Bacelar,MA,Maranhão,2103,Caxias,210013,Caxias,10223,5150,5073,462,440,845,815,736,742,572,561,1055,1079,1609,300,40,9,True
2104008,Esperantinópolis,MA,Maranhão,2102,Santa Inês - Bacabal,210012,Pedreiras,18311,9063,9248,672,646,1352,1367,1378,1363,1163,1220,2156,2371,3518,767,120,43,True
2104057,Estreito,MA,Maranhão,2105,Imperatriz,210019,Imperatriz,33294,16707,16587,1181,1134,2601,2706,2650,2823,2243,2168,3395,3314,4696,2706,869,356,True
2104073,Feira Nova do Maranhão,MA,Maranhão,2105,Imperatriz,210022,Balsas,8048,4200,3848,342,310,649,619,564,501,556,509,991,877,1417,277,38,11,True
2104081,Fernando Falcão,MA,Maranhão,2105,Imperatriz,210020,Barra do Corda,10811,5623,5188,478,394,977,864,778,706,611,538,845,768,1446,231,18,4,True
2104099,Formosa da Serra Negra,MA,Maranhão,2105,Imperatriz,210020,Barra do Corda,17719,9287,8432,715,661,1576,1460,1334,1286,1187,1042,2004,1657,2346,584,110,25,True
2104107,Fortaleza dos Nogueiras,MA,Maranhão,2105,Imperatriz,210022,Balsas,12640,6399,6241,454,474,1082,1065,1026,1024,822,732,1350,1293,1821,599,134,57,True
2104206,Fortuna,MA,Maranhão,2104,Presidente Dutra,210016,Presidente Dutra,16976,8618,8358,678,576,1229,1158,1118,1154,1029,996,1968,2105,2697,649,141,40,True
2104305,Godofredo Viana,MA,Maranhão,2102,Santa Inês - Bacabal,210011,Governador Nunes Freire,10166,5256,4910,344,316,860,797,915,878,669,604,999,815,1759,493,85,30,True
2104404,Gonçalves Dias,MA,Maranhão,2104,Presidente Dutra,210016,Presidente Dutra,17206,8556,8650,633,614,1241,1273,1138,1178,1153,1088,2051,2237,3277,746,150,47,True
2104503,Governador Archer,MA,Maranhão,2104,Presidente Dutra,210016,Presidente Dutra,10231,5093,5138,334,356,865,837,796,739,645,612,1114,1283,1811,459,87,23,True
2104552,Governador Edison Lobão,MA,Maranhão,2105,Imperatriz,210019,Imperatriz,18411,9324,9087,704,612,1487,1422,1422,1463,1197,1201,1936,1902,2868,1032,164,38,True
2104602,Governador Eugênio Barros,MA,Maranhão,2104,Presidente Dutra,210016,Presidente Dutra,13930,6984,6946,529,490,1067,1010,945,937,920,881,1605,1773,2982,707,108,37,True
2104628,Governador Luiz Rocha,MA,Maranhão,2104,Presidente Dutra,210016,Presidente Dutra,7057,3613,3444,312,237,524,492,496,498,482,468,841,828,1403,269,43,6,True
2104651,Governador Newton Bello,MA,Maranhão,2102,Santa Inês - Bacabal,210009,Santa Inês,10713,5556,5157,442,460,1079,964,829,833,678,631,940,891,2161,384,48,9,True
2104677,Governador Nunes Freire,MA,Maranhão,2102,Santa Inês - Bacabal,210011,Governador Nunes Freire,22920,11444,11476,953,930,1851,1824,1721,1833,1298,1364,2107,2197,4298,942,190,58,True
2104701,Graça Aranha,MA,Maranhão,2104,Presidente Dutra,210016,Presidente Dutra,6023,3014,3009,227,192,404,394,428,434,392,394,759,861,1283,246,53,7,True
2104800,Grajaú,MA,Maranhão,2105,Imperatriz,210020,Barra do Corda,73431,36986,36445,2979,2753,5973,6012,5556,5701,4335,4082,6369,6524,9507,2884,657,246,True
2104909,Guimarães,MA,Maranhão,2101,São Luís,210008,Cururupu,10290,5133,5157,360,272,573,611,764,787,738,711,1408,1526,2586,474,94,24,True
2105005,Humberto de Campos,MA,Maranhão,2101,São Luís,210006,Barreirinhas,25678,13326,12352,1218,1161,2224,1891,1780,1767,1549,1393,2506,2249,3818,520,69,25,True
2105104,Icatu,MA,Maranhão,2101,São Luís,210001,São Luís,24786,12660,12124,1066,972,2102,1969,1823,1730,1561,1426,2500,2389,4379,647,80,32,True
2105153,Igarapé do Meio,MA,Maranhão,2102,Santa Inês - Bacabal,210009,Santa Inês,13974,6949,7025,574,530,1057,1116,1024,1087,788,834,1281,1360,2163,575,100,14,True
2105203,Igarapé Grande,MA,Maranhão,2102,Santa Inês - Bacabal,210012,Pedreiras,10226,5069,5157,367,348,722,711,751,786,718,701,1274,1381,1992,546,91,37,True
2105302,Imperatriz,MA,Maranhão,2105,Imperatriz,210019,Imperatriz,272605,130938,141667,8823,8942,22983,24804,21824,23814,18426,20415,26148,31831,33767,21742,7379,3765,True
2105351,Itaipava do Grajaú,MA,Maranhão,2105,Imperatriz,210020,Barra do Corda,13794,7110,6684,588,500,1067,1019,963,962,783,709,1291,1167,2383,330,52,13,True
2105401,Itapecuru Mirim,MA,Maranhão,2101,São Luís,210004,Itapecuru Mirim,60246,29426,30820,2276,2192,4410,4718,4685,5120,3534,3663,5583,6288,11343,2241,439,140,True
2105427,Itinga do Maranhão,MA,Maranhão,2105,Imperatriz,210021,Açailândia,22502,11221,11281,778,788,1684,1784,1748,1771,1521,1578,2496,2477,4424,1308,271,97,True
2105450,Jatobá,MA,Maranhão,2104,Presidente Dutra,210018,Colinas,7471,3777,3694,292,267,625,583,525,533,505,496,778,793,1592,294,42,6,True
2105476,Jenipapo dos Vieiras,MA,Maranhão,2105,Imperatriz,210020,Barra do Corda,16743,8600,8143,719,662,1201,1162,1106,966,877,791,1101,1023,2218,320,38,12,True
2105500,João Lisboa,MA,Maranhão,2105,Imperatriz,210019,Imperatriz,24701,12207,12494,947,932,1986,1955,1844,1943,1572,1653,2489,2769,3562,1171,235,58,True
2105609,Joselândia,MA,Maranhão,2102,Santa Inês - Bacabal,210012,Pedreiras,14917,7568,7349,557,511,1020,1073,1141,1072,999,911,1644,1694,2825,599,132,23,True
2105658,Junco do Maranhão,MA,Maranhão,2102,Santa Inês - Bacabal,210011,Governador Nunes Freire,5146,2573,2573,189,175,411,395,328,380,326,324,549,520,705,196,26,9,True
2105708,Lago da Pedra,MA,Maranhão,2102,Santa Inês - Bacabal,210010,Bacabal,44365,21943,22422,1687,1625,3594,3616,3187,3359,2750,2793,4655,5219,8048,2163,365,145,True
2105807,Lago do Junco,MA,Maranhão,2102,Santa Inês - Bacabal,210012,Pedreiras,9506,4767,4739,399,342,680,702,669,674,643,631,1115,1171,1919,328,43,20,True
2105948,Lago dos Rodrigues,MA,Maranhão,2102,Santa Inês - Bacabal,210012,Pedreiras,8758,4376,4382,307,291,625,636,637,636,608,588,1087,1178,1465,403,55,14,True
2105906,Lago Verde,MA,Maranhão,2102,Santa Inês - Bacabal,210010,Bacabal,14769,7322,7447,638,630,1058,1133,1037,1085,933,936,1504,1561,2775,510,76,13,True
2105922,Lagoa do Mato,MA,Maranhão,2104,Presidente Dutra,210017,São João dos Patos,10572,5316,5256,392,386,829,767,776,831,709,639,1250,1216,2029,395,65,10,True
2105963,Lagoa Grande do Maranhão,MA,Maranhão,2102,Santa Inês - Bacabal,210010,Bacabal,11411,5902,5509,463,428,917,878,848,845,704,653,1112,1030,1651,241,22,6,True
2105989,Lajeado Novo,MA,Maranhão,2105,Imperatriz,210019,Imperatriz,7057,3671,3386,264,248,475,476,520,522,516,452,900,784,1285,333,44,13,True
2106003,Lima Campos,MA,Maranhão,2102,Santa Inês - Bacabal,210012,Pedreiras,11271,5499,5772,391,401,742,776,876,902,689,691,1350,1561,2202,642,111,32,True
2106102,Loreto,MA,Maranhão,2105,Imperatriz,210022,Balsas,11597,5948,5649,448,405,1013,946,896,829,719,663,1354,1338,1959,446,82,29,True
2106201,Luís Domingues,MA,Maranhão,2102,Santa Inês - Bacabal,210011,Governador Nunes Freire,7158,3671,3487,251,241,587,544,596,595,503,464,743,672,1105,269,57,12,True
2106300,Magalhães de Almeida,MA,Maranhão,2101,São Luís,210007,Tutóia - Araioses,13807,6994,6813,530,490,976,1058,990,1044,979,898,1622,1656,2961,618,73,30,True
2106326,Maracaçumé,MA,Maranhão,2102,Santa Inês - Bacabal,210011,Governador Nunes Freire,21145,10367,10778,802,834,1601,1718,1540,1684,1199,1236,1804,1865,3185,960,178,44,True
2106359,Marajá do Sena,MA,Maranhão,2102,Santa Inês - Bacabal,210010,Bacabal,7018,3860,3158,387,240,607,519,510,482,497,425,617,451,1081,110,17,2,True
2106375,Maranhãozinho,MA,Maranhão,2102,Santa Inês - Bacabal,210011,Governador Nunes Freire,13761,6956,6805,563,540,1099,1119,1032,1041,760,725,1152,1137,2239,534,59,10,True
2106409,Mata Roma,MA,Maranhão,2101,São Luís,210003,Chapadinha,17090,8607,8483,752,690,1341,1292,1267,1344,1013,939,1596,1632,2460,458,78,15,True
2106508,Matinha,MA,Maranhão,2101,São Luís,210005,Viana,22017,10976,11041,799,752,1569,1510,1607,1685,1457,1467,2415,2555,4213,854,140,46,True
2106607,Matões,MA,Maranhão,2103,Caxias,210014,Timon,32111,16142,15969,1410,1291,2303,2316,2158,2236,1924,1829,3488,3611,5416,1028,146,49,True
2106631,Matões do Norte,MA,Maranhão,2101,São Luís,210004,Itapecuru Mirim,17432,8836,8596,746,705,1794,1841,1247,1303,1131,1064,1548,1375,1839,427,38,8,True
2106672,Milagres do Maranhão,MA,Maranhão,2101,São Luís,210003,Chapadinha,8795,4541,4254,399,345,687,676,646,609,586,523,898,875,1453,240,20,3,True
2106706,Mirador,MA,Maranhão,2104,Presidente Dutra,210018,Colinas,21025,10749,10276,843,747,1704,1653,1562,1451,1397,1256,2303,2348,3218,529,104,31,True
2106755,Miranda do Norte,MA,Maranhão,2101,São Luís,210004,Itapecuru Mirim,23864,11874,11990,904,924,2107,2150,2073,2176,1502,1536,2241,2396,3367,1357,205,53,True
2106805,Mirinzal,MA,Maranhão,2101,São Luís,210008,Cururupu,13956,7022,6932,533,483,997,1035,973,1062,936,938,1668,1558,2490,661,133,33,True
2106904,Monção,MA,Maranhão,2102,Santa Inês - Bacabal,210009,Santa Inês,27720,13918,13802,1188,1112,2056,2056,1893,2010,1599,1551,2706,2767,5743,979,107,38,True
2107001,Montes Altos,MA,Maranhão,2105,Imperatriz,210019,Imperatriz,9089,4707,4382,347,285,669,664,603,610,610,591,1151,1042,1671,361,66,27,True
2107100,Morros,MA,Maranhão,2101,São Luís,210001,São Luís,18547,9503,9044,844,724,1562,1413,1354,1380,1214,1148,1743,1684,2566,520,99,30,True
2107209,Nina Rodrigues,MA,Maranhão,2101,São Luís,210004,Itapecuru Mirim,14176,6831,7345,580,568,1146,1389,1012,1314,725,893,1244,1173,1789,342,64,22,True
2107258,Nova Colinas,MA,Maranhão,2105,Imperatriz,210022,Balsas,5021,2633,2388,220,200,400,356,375,360,319,289,589,526,848,190,40,10,True
2107308,Nova Iorque,MA,Maranhão,2104,Presidente Dutra,210017,São João dos Patos,4309,2169,2140,136,147,342,292,313,287,292,243,564,640,862,237,42,15,True
2107357,Nova Olinda do Maranhão,MA,Maranhão,2102,Santa Inês - Bacabal,210009,Santa Inês,14276,7071,7205,588,581,1075,1074,951,1111,915,860,1553,1578,3167,896,107,42,True
2107407,Olho d'Água das Cunhãs,MA,Maranhão,2102,Santa Inês - Bacabal,210010,Bacabal,17912,8870,9042,635,617,1398,1354,1283,1349,1290,1308,2136,2342,3404,753,139,42,True
2107456,Olinda Nova do Maranhão,MA,Maranhão,2101,São Luís,210005,Viana,13564,6876,6688,577,517,1027,979,1018,1133,896,774,1382,1487,2400,413,63,19,True
2107506,Paço do Lumiar,MA,Maranhão,2101,São Luís,210001,São Luís,145643,69377,76266,4327,4539,11200,12377,12704,14501,10405,11832,12707,15456,14039,8424,2658,773,True
2107605,Palmeirândia,MA,Maranhão,2101,São Luís,210002,Pinheiro,21054,10472,10582,723,689,1428,1522,1760,1819,1402,1429,2197,2355,3645,541,50,19,True
2107704,Paraibano,MA,Maranhão,2104,Presidente Dutra,210017,São João dos Patos,18266,9000,9266,601,603,1330,1339,1337,1332,1173,1124,2159,2528,3611,855,193,55,True
2107803,Parnarama,MA,Maranhão,2103,Caxias,210014,Timon,31235,15606,15629,1190,1160,2163,2172,2161,2224,1973,1937,3560,3701,6431,1446,216,72,True
2107902,Passagem Franca,MA,Maranhão,2104,Presidente Dutra,210017,São João dos Patos,17211,8509,8702,615,608,1238,1351,1230,1212,1046,1094,1908,2166,3395,617,115,45,True
2108009,Pastos Bons,MA,Maranhão,2104,Presidente Dutra,210017,São João dos Patos,18802,9441,9361,707,640,1515,1449,1460,1378,1132,1154,2088,2236,3316,741,140,49,True
2108058,Paulino Neves,MA,Maranhão,2101,São Luís,210007,Tutóia - Araioses,17056,8746,8310,782,688,1365,1405,1242,1269,958,882,1624,1543,1998,435,49,24,True
2108108,Paulo Ramos,MA,Maranhão,2102,Santa Inês - Bacabal,210010,Bacabal,20341,10177,10164,865,793,1541,1604,1442,1510,1270,1221,2146,2259,3221,819,144,39,True
2108207,Pedreiras,MA,Maranhão,2102,Santa Inês - Bacabal,210012,Pedreiras,36847,17497,19350,1233,1245,2658,2717,2558,2969,2503,2763,4224,5419,6704,2502,627,270,True
2108256,Pedro do Rosário,MA,Maranhão,2101,São Luís,210002,Pinheiro,24304,12144,12160,992,911,1742,1783,1758,1915,1444,1306,2314,2310,3664,640,69,19,True
2108306,Penalva,MA,Maranhão,2101,São Luís,210005,Viana,32498,16118,16380,1275,1177,2306,2408,2236,2297,1923,1919,3117,3403,5740,1443,184,37,True
2108405,Peri Mirim,MA,Maranhão,2101,São Luís,210002,Pinheiro,11108,5575,5533,393,368,724,737,850,862,760,757,1471,1474,2696,398,78,25,True
2108454,Peritoró,MA,Maranhão,2103,Caxias,210015,Codó,20474,10209,10265,853,779,1491,1538,1367,1516,1320,1224,2113,2407,3864,556,100,33,True
2108504,Pindaré-Mirim,MA,Maranhão,2102,Santa Inês - Bacabal,210009,Santa Inês,31416,15220,16196,1255,1248,2320,2436,2214,2558,1980,2117,3071,3545,5361,1541,369,102,True
2108603,Pinheiro,MA,Maranhão,2101,São Luís,210002,Pinheiro,84350,40510,43840,2928,2862,6178,6877,6269,7243,5408,5899,8721,10086,12312,4475,1037,340,True
2108702,Pio XII,MA,Maranhão,2102,Santa Inês - Bacabal,210009,Santa Inês,21886,10830,11056,864,825,1661,1647,1590,1686,1441,1493,2228,2496,3693,894,138,37,True
2108801,Pirapemas,MA,Maranhão,2101,São Luís,210004,Itapecuru Mirim,17714,8831,8883,742,738,1458,1494,1640,1538,941,1034,1650,1780,3023,536,115,20,True
2108900,Poção de Pedras,MA,Maranhão,2102,Santa Inês - Bacabal,210012,Pedreiras,17161,8604,8557,611,575,1096,1073,1196,1252,1255,1253,2319,2418,3785,892,133,47,True
2109007,Porto Franco,MA,Maranhão,2105,Imperatriz,210019,Imperatriz,23878,11853,12025,800,796,1837,1926,1906,2014,1557,1630,2562,2651,3078,1611,492,217,True
2109056,Porto Rico do Maranhão,MA,Maranhão,2101,São Luís,210008,Cururupu,5918,3040,2878,243,182,356,352,418,455,430,377,850,829,1146,254,24,9,True
2109106,Presidente Dutra,MA,Maranhão,2104,Presidente Dutra,210016,Presidente Dutra,45155,22025,23130,1447,1556,3589,3768,3457,3686,2974,3025,4803,5460,7734,2565,663,323,True
2109205,Presidente Juscelino,MA,Maranhão,2101,São Luís,210001,São Luís,11338,5840,5498,549,463,890,857,824,804,645,613,945,956,1749,255,45,16,True
2109239,Presidente Médici,MA,Maranhão,2102,Santa Inês - Bacabal,210011,Governador Nunes Freire,4696,2350,2346,182,170,397,359,332,368,267,295,528,534,1008,213,26,11,True
2109270,Presidente Sarney,MA,Maranhão,2101,São Luís,210002,Pinheiro,17511,8709,8802,684,673,1201,1313,1219,1272,1025,1018,1659,1757,2838,635,69,11,True
2109304,Presidente Vargas,MA,Maranhão,2101,São Luís,210004,Itapecuru Mirim,10501,5211,5290,437,434,758,746,817,883,606,580,846,847,1903,272,60,16,True
2109403,Primeira Cruz,MA,Maranhão,2101,São Luís,210006,Barreirinhas,13614,7184,6430,706,549,1184,994,946,913,866,729,1344,1206,2262,278,37,14,True
2109452,Raposa,MA,Maranhão,2101,São Luís,210001,São Luís,30835,15048,15787,1062,1094,2537,2741,2427,2723,2147,2339,2622,2731,4510,1377,200,68,True
2109502,Riachão,MA,Maranhão,2105,Imperatriz,210022,Balsas,22145,11407,10738,833,784,1772,1542,1617,1543,1485,1377,2741,2593,3588,837,158,66,True
2109551,Ribamar Fiquene,MA,Maranhão,2105,Imperatriz,210019,Imperatriz,7420,3787,3633,271,239,480,501,533,542,504,520,937,839,1183,452,73,19,True
2109601,Rosário,MA,Maranhão,2101,São Luís,210001,São Luís,38335,18640,19695,1393,1410,2816,3068,3088,3270,2329,2549,3799,4337,6370,1951,456,123,True
2109700,Sambaíba,MA,Maranhão,2105,Imperatriz,210022,Balsas,5568,2898,2670,197,196,452,408,404,361,328,311,718,712,970,196,48,17,True
2109759,Santa Filomena do Maranhão,MA,Maranhão,2104,Presidente Dutra,210016,Presidente Dutra,6676,3483,3193,279,257,580,499,514,459,455,407,697,644,1329,173,21,3,True
2109809,Santa Helena,MA,Maranhão,2101,São Luís,210002,Pinheiro,41516,20297,21219,1593,1580,3351,3576,3116,3394,2390,2497,3959,4198,5985,1756,344,81,True
2109908,Santa Inês,MA,Maranhão,2102,Santa Inês - Bacabal,210009,Santa Inês,84848,40722,44126,3156,3090,6682,7129,6135,6946,5543,6144,8282,10085,12100,5452,1385,544,True
2110005,Santa Luzia,MA,Maranhão,2102,Santa Inês - Bacabal,210009,Santa Inês,57621,28952,28669,2438,2210,4318,4242,3872,4266,3462,3569,5937,5993,11818,2724,430,154,True
2110039,Santa Luzia do Paruá,MA,Maranhão,2102,Santa Inês - Bacabal,210011,Governador Nunes Freire,24302,12129,12173,916,887,1921,2136,1954,1991,1541,1548,2489,2519,3658,1292,192,69,True
2110104,Santa Quitéria do Maranhão,MA,Maranhão,2101,São Luís,210003,Chapadinha,23957,11915,12042,976,940,1964,1960,1629,1736,1445,1463,2437,2641,4776,1120,129,42,True
2110203,Santa Rita,MA,Maranhão,2101,São Luís,210001,São Luís,36985,18463,18522,1361,1213,3033,3101,3028,3126,2306,2298,3270,3527,5172,1563,295,68,True
2110237,Santana do Maranhão,MA,Maranhão,2101,São Luís,210007,Tutóia - Araioses,10547,5296,5251,407,385,722,803,762,799,670,641,1196,1131,1902,355,31,10,True
2110278,Santo Amaro do Maranhão,MA,Maranhão,2101,São Luís,210006,Barreirinhas,13949,7130,6819,558,561,1250,1133,999,1026,862,784,1294,1176,1835,324,56,9,True
2110302,Santo Antônio dos Lopes,MA,Maranhão,2102,Santa Inês - Bacabal,210012,Pedreiras,14304,7120,7184,515,458,1181,1141,1048,1112,952,932,1586,1762,2496,693,101,37,True
2110401,São Benedito do Rio Preto,MA,Maranhão,2101,São Luís,210003,Chapadinha,18343,9317,9026,818,764,1569,1483,1253,1291,1025,989,1643,1693,2884,424,72,22,True
2110500,São Bento,MA,Maranhão,2101,São Luís,210002,Pinheiro,46366,22305,24061,1531,1497,3363,3620,3357,3716,3158,3287,4694,5285,6360,1659,285,74,True
2110609,São Bernardo,MA,Maranhão,2101,São Luís,210007,Tutóia - Araioses,26943,13449,13494,1036,1075,2075,2082,2033,2153,1727,1693,2894,2996,4421,978,152,52,True
2110658,São Domingos do Azeitão,MA,Maranhão,2104,Presidente Dutra,210017,São João dos Patos,7984,4032,3952,298,283,714,620,562,565,511,446,821,830,1132,235,48,21,True
2110708,São Domingos do Maranhão,MA,Maranhão,2104,Presidente Dutra,210016,Presidente Dutra,34034,16992,17042,1239,1232,2619,2510,2433,2540,2305,2307,3717,3975,6452,1328,248,93,True
2110807,São Félix de Balsas,MA,Maranhão,2105,Imperatriz,210022,Balsas,4402,2265,2137,138,128,341,270,324,289,302,257,633,610,884,186,32,14,True
2110856,São Francisco do Brejão,MA,Maranhão,2105,Imperatriz,210021,Açailândia,9043,4539,4504,355,313,670,691,665,666,621,616,997,971,1788,498,92,20,True
2110906,São Francisco do Maranhão,MA,Maranhão,2104,Presidente Dutra,210017,São João dos Patos,12064,6115,5949,419,387,972,866,823,836,776,758,1561,1613,2251,404,47,8,True
2111003,São João Batista,MA,Maranhão,2101,São Luís,210005,Viana,18533,9252,9281,697,626,1325,1286,1384,1488,1286,1248,2175,2216,3855,542,73,27,True
2111029,São João do Carú,MA,Maranhão,2102,Santa Inês - Bacabal,210009,Santa Inês,12245,6235,6010,614,541,954,946,820,822,729,722,1176,1040,1789,467,48,12,True
2111052,São João do Paraíso,MA,Maranhão,2105,Imperatriz,210019,Imperatriz,9901,5132,4769,370,318,745,665,721,734,722,644,1267,1125,2095,493,82,33,True
2111078,São João do Soter,MA,Maranhão,2103,Caxias,210013,Caxias,16873,8387,8486,730,677,1186,1169,1044,1095,1007,1010,1872,1933,3165,595,42,11,True
2111102,São João dos Patos,MA,Maranhão,2104,Presidente Dutra,210017,São João dos Patos,24967,12057,12910,832,780,1833,1917,1735,1890,1559,1773,2998,3573,4533,1649,400,130,True
2111201,São José de Ribamar,MA,Maranhão,2101,São Luís,210001,São Luís,244573,116124,128449,7689,7778,19957,22588,21474,24956,16681,19356,20144,24667,22691,12400,3852,1425,True
2111250,São José dos Basílios,MA,Maranhão,2104,Presidente Dutra,210016,Presidente Dutra,6957,3536,3421,268,238,513,460,479,498,438,449,849,886,1381,253,21,4,True
2111300,São Luís,MA,Maranhão,2101,São Luís,210001,São Luís,1033530,479546,553984,30303,31399,83583,92528,82305,95620,69452,84125,104112,143032,120051,83192,35342,26287,True
2111409,São Luís Gonzaga do Maranhão,MA,Maranhão,2102,Santa Inês - Bacabal,210010,Bacabal,17762,8807,8955,771,672,1262,1292,1215,1298,1097,1206,2067,2109,3633,625,98,19,True
2111508,São Mateus do Maranhão,MA,Maranhão,2102,Santa Inês - Bacabal,210010,Bacabal,38800,19117,19683,1416,1356,2909,3017,2817,2953,2254,2430,4330,4796,6628,1838,375,92,True
2111532,São Pedro da Água Branca,MA,Maranhão,2105,Imperatriz,210019,Imperatriz,14338,7308,7030,548,468,1122,1177,1101,1076,877,846,1515,1470,1999,659,128,35,True
2111573,São Pedro dos Crentes,MA,Maranhão,2105,Imperatriz,210020,Barra do Corda,5783,3048,2735,217,224,570,495,531,466,401,343,586,498,766,240,46,17,True
2111607,São Raimundo das Mangabeiras,MA,Maranhão,2105,Imperatriz,210022,Balsas,18672,9511,9161,717,670,1540,1471,1443,1412,1086,1080,2130,2184,3058,794,218,81,True
2111631,São Raimundo do Doca Bezerra,MA,Maranhão,2102,Santa Inês - Bacabal,210012,Pedreiras,5645,2943,2702,253,211,472,424,434,373,373,346,592,579,973,189,20,5,True
2111672,São Roberto,MA,Maranhão,2102,Santa Inês - Bacabal,210012,Pedreiras,4544,2325,2219,194,195,346,314,334,369,311,294,448,450,986,179,23,4,True
2111706,São Vicente Ferrer,MA,Maranhão,2101,São Luís,210005,Viana,19498,9781,9717,702,617,1340,1313,1471,1544,1261,1185,2154,2251,3699,597,97,26,True
2111722,Satubinha,MA,Maranhão,2102,Santa Inês - Bacabal,210010,Bacabal,8782,4527,4255,384,347,732,730,677,655,567,556,886,842,1792,251,25,14,True
2111748,Senador Alexandre Costa,MA,Maranhão,2104,Presidente Dutra,210016,Presidente Dutra,10177,5108,5069,423,406,799,801,692,681,560,588,1111,1143,1982,392,50,11,True
2111763,Senador La Rocque,MA,Maranhão,2105,Imperatriz,210019,Imperatriz,14700,7256,7444,558,589,1094,1078,960,1041,923,954,1707,1832,3169,891,171,33,True
2111789,Serrano do Maranhão,MA,Maranhão,2101,São Luís,210008,Cururupu,10161,5308,4853,431,390,696,640,676,660,712,575,1050,1014,1951,244,26,4,True
2111805,Sítio Novo,MA,Maranhão,2105,Imperatriz,210020,Barra do Corda,17065,8936,8129,620,566,1317,1213,1295,1212,1186,1044,2083,1858,2909,580,98,33,True
2111904,Sucupira do Norte,MA,Maranhão,2104,Presidente Dutra,210018,Colinas,10238,5258,4980,377,349,792,755,767,685,654,590,1233,1314,2071,355,67,21,True
2111953,Sucupira do Riachão,MA,Maranhão,2104,Presidente Dutra,210017,São João dos Patos,4972,2530,2442,208,168,401,306,329,319,287,299,674,712,825,199,21,8,True
2112001,Tasso Fragoso,MA,Maranhão,2105,Imperatriz,210022,Balsas,8854,4554,4300,360,329,740,680,692,661,525,506,875,798,1208,363,95,19,True
2112100,Timbiras,MA,Maranhão,2103,Caxias,210015,Codó,26484,13152,13332,1045,1038,1938,2107,1882,1905,1483,1581,2814,2926,4606,775,125,37,True
2112209,Timon,MA,Maranhão,2103,Caxias,210014,Timon,173878,83640,90238,5810,5640,13721,14443,13854,15154,11521,12994,16069,20254,25526,10196,2359,775,True
2112233,Trizidela do Vale,MA,Maranhão,2102,Santa Inês - Bacabal,210012,Pedreiras,22484,10863,11621,722,827,1606,1769,1781,1936,1507,1542,2340,2755,3661,972,124,37,True
2112274,Tufilândia,MA,Maranhão,2102,Santa Inês - Bacabal,210009,Santa Inês,5507,2798,2709,279,220,408,386,351,398,344,323,582,588,1033,180,16,7,True
2112308,Tuntum,MA,Maranhão,2104,Presidente Dutra,210016,Presidente Dutra,36226,18423,17803,1365,1241,2772,2621,2632,2706,2419,2372,4324,4297,7601,1394,192,96,True
2112407,Turiaçu,MA,Maranhão,2101,São Luís,210002,Pinheiro,37468,18490,18978,1518,1516,2973,3307,2669,2865,2240,2170,3463,3380,5309,1017,170,35,True
2112456,Turilândia,MA,Maranhão,2101,São Luís,210002,Pinheiro,31622,15562,16060,1358,1255,2828,2870,2428,2602,1733,1768,2324,2374,3869,727,75,18,True
2112506,Tutóia,MA,Maranhão,2101,São Luís,210007,Tutóia - Araioses,53344,26622,26722,2148,2068,4241,4417,3911,4298,3144,3046,5290,5214,7498,2370,423,116,True
2112605,Urbano Santos,MA,Maranhão,2101,São Luís,210003,Chapadinha,32812,16665,16147,1499,1450,3023,2760,2398,2491,1756,1708,2637,2672,3447,730,163,56,True
2112704,Vargem Grande,MA,Maranhão,2101,São Luís,210004,Itapecuru Mirim,43220,21685,21535,1752,1688,3354,3381,3194,3333,2470,2355,3972,4229,7854,1285,177,51,True
2112803,Viana,MA,Maranhão,2101,São Luís,210005,Viana,51391,25408,25983,1895,1806,3748,3905,3630,3893,3200,3322,5064,5581,8807,2136,408,138,True
2112852,Vila Nova dos Martírios,MA,Maranhão,2105,Imperatriz,210019,Imperatriz,10362,5266,5096,417,380,784,755,758,769,635,636,1155,1049,1884,550,109,24,True
2112902,Vitória do Mearim,MA,Maranhão,2101,São Luís,210005,Viana,30781,15158,15623,1150,1094,2124,2316,2333,2457,1937,1986,3352,3588,5251,1452,245,72,True
2113009,Vitorino Freire,MA,Maranhão,2102,Santa Inês - Bacabal,210010,Bacabal,30833,15288,15545,1146,1089,2400,2305,2186,2186,2021,2173,3595,4016,5573,1352,255,87,True
2114007,Zé Doca,MA,Maranhão,2102,Santa Inês - Bacabal,210009,Santa Inês,40708,20033,20675,1551,1519,3010,3143,2963,3181,2578,2619,4307,4686,7834,2566,379,139,True
2200053,Acauã,PI,Piauí,2203,Picos,220010,Paulistana,6420,3276,3144,209,186,462,439,501,498,518,452,870,845,1521,268,30,2,True
2200103,Agricolândia,PI,Piauí,2201,Teresina,220002,Amarante - Água Branca - Regeneração,4940,2384,2556,138,141,327,354,319,351,348,327,729,836,1147,251,28,5,True
2200202,Água Branca,PI,Piauí,2201,Teresina,220002,Amarante - Água Branca - Regeneração,17573,8402,9171,547,556,1297,1403,1200,1377,1194,1291,2052,2514,3197,1080,241,58,True
2200251,Alagoinha do Piauí,PI,Piauí,2203,Picos,220009,Picos,6819,3428,3391,224,195,431,421,518,542,514,503,1053,1066,1748,330,42,3,True
2200277,Alegrete do Piauí,PI,Piauí,2203,Picos,220009,Picos,4634,2306,2328,160,127,324,319,346,380,292,283,635,715,1108,249,53,9,True
2200301,Alto Longá,PI,Piauí,2201,Teresina,220001,Teresina,13479,6808,6671,411,377,946,863,976,963,1008,978,2066,2150,3075,559,85,33,True
2200400,Altos,PI,Piauí,2201,Teresina,220001,Teresina,46593,22819,23774,1407,1445,3539,3565,3708,3940,3074,3342,5466,6175,7105,2137,477,134,True
2200459,Alvorada do Gurguéia,PI,Piauí,2205,Corrente - Bom Jesus,220016,Bom Jesus,5322,2729,2593,207,194,416,337,373,379,375,384,651,621,956,181,40,12,True
2200509,Amarante,PI,Piauí,2201,Teresina,220002,Amarante - Água Branca - Regeneração,17211,8434,8777,527,504,1106,1161,1099,1206,1120,1147,2243,2648,3398,907,184,60,True
2200608,Angical do Piauí,PI,Piauí,2201,Teresina,220002,Amarante - Água Branca - Regeneração,6827,3365,3462,240,191,473,454,455,472,389,426,1051,1222,1494,383,60,19,True
2200707,Anísio de Abreu,PI,Piauí,2204,São Raimundo Nonato,220013,São Raimundo Nonato,9407,4776,4631,320,283,712,658,700,733,723,675,1154,1129,1920,425,65,25,True
2200806,Antônio Almeida,PI,Piauí,2206,Floriano,220018,Uruçuí,3152,1597,1555,118,92,210,210,246,217,191,193,436,454,556,162,47,14,True
2200905,Aroazes,PI,Piauí,2201,Teresina,220004,Valença do Piauí,5369,2630,2739,143,182,302,304,365,375,448,423,852,915,1121,355,28,9,True
2200954,Aroeiras do Itaim,PI,Piauí,2203,Picos,220009,Picos,2690,1392,1298,84,61,212,170,201,182,184,191,462,476,493,108,10,3,True
2201002,Arraial,PI,Piauí,2206,Floriano,220017,Floriano,4520,2271,2249,188,143,359,316,296,312,292,266,635,737,927,162,42,6,True
2201051,Assunção do Piauí,PI,Piauí,2201,Teresina,220003,Campo Maior,7452,3797,3655,317,274,507,461,518,505,538,538,887,920,1428,175,12,0,True
2201101,Avelino Lopes,PI,Piauí,2205,Corrente - Bom Jesus,220015,Corrente,10866,5489,5377,375,359,684,701,720,774,813,752,1535,1533,2328,407,78,23,True
2201150,Baixa Grande do Ribeiro,PI,Piauí,2206,Floriano,220018,Uruçuí,13272,6800,6472,518,517,1215,1208,1103,1057,789,721,1127,1031,1610,501,109,30,True
2201176,Barra D'Alcântara,PI,Piauí,2201,Teresina,220004,Valença do Piauí,3995,1910,2085,128,120,256,272,254,297,297,305,566,643,950,158,20,3,True
2201200,Barras,PI,Piauí,2201,Teresina,220005,Barras,47938,24048,23890,1663,1605,3674,3569,3728,3823,3246,3187,5510,5887,8097,2280,385,100,True
2201309,Barreiras do Piauí,PI,Piauí,2205,Corrente - Bom Jesus,220015,Corrente,3260,1685,1575,131,127,241,247,255,226,212,175,426,406,542,174,33,8,True
2201408,Barro Duro,PI,Piauí,2201,Teresina,220002,Amarante - Água Branca - Regeneração,6640,3219,3421,213,202,485,475,470,493,453,428,829,1044,1260,389,103,21,True
2201507,Batalha,PI,Piauí,2202,Parnaíba,220008,Esperantina,26282,13151,13131,909,843,1944,1960,1995,2033,1824,1824,3413,3530,5211,1131,172,37,True
2201556,Bela Vista do Piauí,PI,Piauí,2203,Picos,220012,Simplício Mendes,4091,2104,1987,119,142,324,342,320,275,326,286,533,521,712,182,11,6,True
2201572,Belém do Piauí,PI,Piauí,2203,Picos,220009,Picos,3423,1702,1721,95,117,258,255,242,254,279,260,473,474,703,153,15,3,True
2201606,Beneditinos,PI,Piauí,2201,Teresina,220001,Teresina,9929,4969,4960,313,303,657,639,748,699,699,711,1462,1558,2008,571,67,17,True
2201705,Bertolínia,PI,Piauí,2206,Floriano,220018,Uruçuí,5562,2834,2728,214,189,429,392,413,378,392,383,702,770,943,322,70,27,True
2201739,Betânia do Piauí,PI,Piauí,2203,Picos,220010,Paulistana,6220,3165,3055,221,224,483,426,445,472,456,401,737,743,1329,189,17,2,True
2201770,Boa Hora,PI,Piauí,2201,Teresina,220005,Barras,6902,3542,3360,262,241,531,504,550,541,488,451,864,807,1101,317,36,10,True
2201804,Bocaina,PI,Piauí,2203,Picos,220009,Picos,4078,1982,2096,117,106,237,224,244,282,324,308,712,797,975,298,39,17,True
2201903,Bom Jesus,PI,Piauí,2205,Corrente - Bom Jesus,220016,Bom Jesus,28747,14280,14467,1036,1037,2472,2585,2422,2495,2059,1944,2450,2687,3258,1365,501,264,True
2201919,Bom Princípio do Piauí,PI,Piauí,2202,Parnaíba,220006,Parnaíba,5636,2952,2684,201,182,432,455,479,419,437,345,743,665,1003,236,33,9,True
2201929,Bonfim do Piauí,PI,Piauí,2204,São Raimundo Nonato,220013,São Raimundo Nonato,5913,3013,2900,185,172,470,459,417,419,445,383,765,792,1144,263,29,4,True
2201945,Boqueirão do Piauí,PI,Piauí,2201,Teresina,220003,Campo Maior,6545,3237,3308,231,215,417,448,485,552,475,449,847,896,1056,406,75,13,True
2201960,Brasileira,PI,Piauí,2202,Parnaíba,220007,Piripiri,8436,4228,4208,247,248,609,612,669,666,608,612,1165,1150,1449,518,87,19,True
2201988,Brejo do Piauí,PI,Piauí,2206,Floriano,220019,Canto do Buriti,3904,1972,1932,123,122,272,269,299,264,313,277,556,569,946,147,14,1,True
2202000,Buriti dos Lopes,PI,Piauí,2202,Parnaíba,220006,Parnaíba,19654,9829,9825,662,669,1499,1472,1547,1584,1281,1325,2323,2418,3487,834,146,48,True
2202026,Buriti dos Montes,PI,Piauí,2201,Teresina,220003,Campo Maior,7434,3851,3583,259,233,630,602,546,477,534,493,1052,1012,1512,399,43,12,True
2202059,Cabeceiras do Piauí,PI,Piauí,2201,Teresina,220005,Barras,10212,5152,5060,329,287,756,754,819,777,702,716,1436,1439,1736,508,76,10,True
2202075,Cajazeiras do Piauí,PI,Piauí,2203,Picos,220011,Oeiras,3108,1565,1543,121,100,215,222,250,246,232,197,408,437,704,153,18,4,True
2202083,Cajueiro da Praia,PI,Piauí,2202,Parnaíba,220006,Parnaíba,7957,4058,3899,261,241,672,624,644,643,656,580,920,939,1312,247,44,13,True
2202091,Caldeirão Grande do Piauí,PI,Piauí,2203,Picos,220009,Picos,5503,2759,2744,183,178,472,434,388,387,373,408,731,761,1148,269,59,14,True
2202109,Campinas do Piauí,PI,Piauí,2203,Picos,220012,Simplício Mendes,4938,2535,2403,189,142,318,255,330,372,379,333,736,805,1328,222,18,10,True
2202117,Campo Alegre do Fidalgo,PI,Piauí,2204,São Raimundo Nonato,220014,São João do Piauí,4616,2390,2226,141,144,383,325,362,353,378,330,583,589,1020,138,11,11,True
2202133,Campo Grande do Piauí,PI,Piauí,2203,Picos,220009,Picos,6020,3011,3009,183,185,450,464,475,507,405,395,784,824,1219,292,41,9,True
2202174,Campo Largo do Piauí,PI,Piauí,2201,Teresina,220005,Barras,7419,3805,3614,320,331,642,571,544,548,467,411,746,706,1379,239,18,4,True
2202208,Campo Maior,PI,Piauí,2201,Teresina,220003,Campo Maior,45690,21871,23819,1299,1272,3280,3358,3370,3661,3217,3656,6099,7437,8339,3107,827,341,True
2202251,Canavieira,PI,Piauí,2206,Floriano,220017,Floriano,3414,1754,1660,108,112,240,194,213,217,239,212,522,533,750,173,24,7,True
2202307,Canto do Buriti,PI,Piauí,2206,Floriano,220019,Canto do Buriti,19365,9614,9751,632,606,1395,1444,1377,1374,1439,1436,2673,2844,4324,931,203,90,True
2202406,Capitão de Campos,PI,Piauí,2202,Parnaíba,220007,Piripiri,11100,5446,5654,418,374,795,762,776,904,775,827,1447,1557,2142,573,95,31,True
2202455,Capitão Gervásio Oliveira,PI,Piauí,2204,São Raimundo Nonato,220014,São João do Piauí,3974,2064,1910,142,134,271,274,261,284,330,280,591,513,861,158,12,2,True
2202505,Caracol,PI,Piauí,2204,São Raimundo Nonato,220013,São Raimundo Nonato,10310,5243,5067,365,350,851,799,806,775,717,668,1169,1160,1930,358,81,22,True
2202539,Caraúbas do Piauí,PI,Piauí,2202,Parnaíba,220006,Parnaíba,5630,2852,2778,177,199,453,432,420,417,418,372,729,691,1135,146,15,2,True
2202554,Caridade do Piauí,PI,Piauí,2203,Picos,220010,Paulistana,5029,2560,2469,188,158,398,395,384,353,401,358,611,561,897,198,14,5,True
2202604,Castelo do Piauí,PI,Piauí,2201,Teresina,220003,Campo Maior,19288,9572,9716,641,533,1356,1299,1363,1327,1273,1279,2632,3069,3659,953,173,47,True
2202653,Caxingó,PI,Piauí,2202,Parnaíba,220006,Parnaíba,5496,2843,2653,210,194,452,470,445,420,413,318,635,562,991,162,31,5,True
2202703,Cocal,PI,Piauí,2202,Parnaíba,220006,Parnaíba,28202,14310,13892,1075,1038,2334,2240,2224,2143,1920,1784,3250,3354,5258,915,156,42,True
2202711,Cocal de Telha,PI,Piauí,2201,Teresina,220003,Campo Maior,4911,2438,2473,181,152,324,336,341,379,358,367,700,737,926,219,32,7,True
2202729,Cocal dos Alves,PI,Piauí,2202,Parnaíba,220006,Parnaíba,6386,3174,3212,212,216,511,514,490,551,398,397,805,804,1176,196,28,3,True
2202737,Coivaras,PI,Piauí,2201,Teresina,220001,Teresina,4117,2120,1997,142,130,313,280,288,299,293,286,570,545,738,180,19,8,True
2202752,Colônia do Gurguéia,PI,Piauí,2205,Corrente - Bom Jesus,220016,Bom Jesus,6150,3057,3093,221,188,428,445,454,486,426,415,785,839,1167,371,62,17,True
2202778,Colônia do Piauí,PI,Piauí,2203,Picos,220011,Oeiras,6994,3502,3492,220,189,546,498,525,487,490,486,994,1104,1467,418,69,18,True
2202802,Conceição do Canindé,PI,Piauí,2203,Picos,220012,Simplício Mendes,4923,2458,2465,154,139,324,329,340,382,376,325,744,764,970,214,36,12,True
2202851,Coronel José Dias,PI,Piauí,2204,São Raimundo Nonato,220013,São Raimundo Nonato,4250,2232,2018,128,129,305,267,305,269,363,313,668,641,955,169,19,4,True
2202901,Corrente,PI,Piauí,2205,Corrente - Bom Jesus,220015,Corrente,27275,13786,13489,1007,975,2242,2160,2110,2030,1869,1799,3083,3138,4217,1436,418,217,True
2203008,Cristalândia do Piauí,PI,Piauí,2205,Corrente - Bom Jesus,220015,Corrente,7356,3865,3491,278,244,561,452,515,473,507,452,1018,930,1361,277,47,13,True
2203107,Cristino Castro,PI,Piauí,2205,Corrente - Bom Jesus,220016,Bom Jesus,10501,5266,5235,362,329,822,785,762,763,723,660,1215,1297,1727,561,155,45,True
2203206,Curimatá,PI,Piauí,2205,Corrente - Bom Jesus,220015,Corrente,11270,5690,5580,419,408,870,741,793,817,790,724,1408,1457,2005,591,109,33,True
2203230,Currais,PI,Piauí,2205,Corrente - Bom Jesus,220016,Bom Jesus,4854,2561,2293,190,148,401,320,340,331,351,269,634,580,842,165,13,2,True
2203271,Curral Novo do Piauí,PI,Piauí,2203,Picos,220010,Paulistana,5073,2568,2505,191,187,424,416,398,359,345,325,536,528,893,200,29,6,True
2203255,Curralinhos,PI,Piauí,2201,Teresina,220001,Teresina,4413,2238,2175,187,129,285,276,306,330,283,281,581,599,855,171,22,1,True
2203305,Demerval Lobão,PI,Piauí,2201,Teresina,220001,Teresina,16352,7944,8408,506,491,1253,1253,1363,1427,1110,1207,1718,2053,2595,819,161,47,True
2203354,Dirceu Arcoverde,PI,Piauí,2204,São Raimundo Nonato,220013,São Raimundo Nonato,7054,3633,3421,200,214,566,476,513,444,499,458,1011,1040,1299,382,53,9,True
2203404,Dom Expedito Lopes,PI,Piauí,2203,Picos,220009,Picos,6320,3122,3198,187,178,469,441,462,442,452,484,957,1064,1410,386,54,18,True
2203453,Dom Inocêncio,PI,Piauí,2204,São Raimundo Nonato,220013,São Raimundo Nonato,9159,4786,4373,316,314,692,559,667,628,721,636,1435,1350,2015,363,44,7,True
2203420,Domingos Mourão,PI,Piauí,2202,Parnaíba,220007,Piripiri,4075,2082,1993,126,123,319,302,306,269,283,274,535,536,805,220,24,9,True
2203503,Elesbão Veloso,PI,Piauí,2201,Teresina,220002,Amarante - Água Branca - Regeneração,13607,6592,7015,413,366,841,822,909,1011,1045,1014,2075,2473,3076,842,124,28,True
2203602,Eliseu Martins,PI,Piauí,2206,Floriano,220019,Canto do Buriti,4377,2229,2148,149,124,287,258,318,287,322,312,684,735,917,272,56,26,True
2203701,Esperantina,PI,Piauí,2202,Parnaíba,220008,Esperantina,40895,20117,20778,1346,1295,3191,3198,3403,3570,2618,2642,4600,5272,6937,2257,422,119,True
2203750,Fartura do Piauí,PI,Piauí,2204,São Raimundo Nonato,220013,São Raimundo Nonato,5278,2731,2547,176,162,338,337,395,329,311,301,714,664,1003,218,20,3,True
2203800,Flores do Piauí,PI,Piauí,2206,Floriano,220019,Canto do Buriti,4414,2227,2187,154,140,261,303,323,306,319,303,645,659,1032,149,33,8,True
2203859,Floresta do Piauí,PI,Piauí,2203,Picos,220011,Oeiras,2333,1167,1166,80,49,156,143,147,150,164,180,408,443,582,136,-,3,True
2203909,Floriano,PI,Piauí,2206,Floriano,220017,Floriano,61814,29261,32553,1834,1870,4794,4968,4766,5304,4128,4613,6889,9123,8838,4636,1478,733,True
2204006,Francinópolis,PI,Piauí,2201,Teresina,220002,Amarante - Água Branca - Regeneração,4505,2203,2302,147,135,243,268,310,308,301,301,699,815,1178,204,22,4,True
2204105,Francisco Ayres,PI,Piauí,2206,Floriano,220017,Floriano,4412,2175,2237,122,134,248,276,309,299,264,281,671,768,983,249,29,7,True
2204154,Francisco Macedo,PI,Piauí,2203,Picos,220009,Picos,2929,1461,1468,92,98,206,217,215,231,194,225,418,401,541,173,46,9,True
2204204,Francisco Santos,PI,Piauí,2203,Picos,220009,Picos,8237,4185,4052,264,229,573,554,586,608,648,628,1201,1235,1788,496,97,39,True
2204303,Fronteiras,PI,Piauí,2203,Picos,220009,Picos,10259,5039,5220,330,289,776,717,734,809,691,760,1458,1633,1961,585,187,82,True
2204352,Geminiano,PI,Piauí,2203,Picos,220009,Picos,5445,2733,2712,176,144,410,403,402,373,363,396,764,808,1210,255,16,2,True
2204402,Gilbués,PI,Piauí,2205,Corrente - Bom Jesus,220015,Corrente,10889,5511,5378,403,363,855,838,789,811,697,631,1263,1282,1553,404,116,57,True
2204501,Guadalupe,PI,Piauí,2206,Floriano,220017,Floriano,10270,5039,5231,307,301,751,708,798,861,691,710,1277,1461,1559,756,239,102,True
2204550,Guaribas,PI,Piauí,2204,São Raimundo Nonato,220013,São Raimundo Nonato,4275,2162,2113,170,153,340,341,354,336,292,268,435,463,759,132,18,1,True
2204600,Hugo Napoleão,PI,Piauí,2201,Teresina,220002,Amarante - Água Branca - Regeneração,3518,1738,1780,119,111,238,243,211,259,255,241,523,536,759,143,23,7,True
2204659,Ilha Grande,PI,Piauí,2202,Parnaíba,220006,Parnaíba,9274,4677,4597,336,340,794,725,710,697,673,677,1055,1101,1586,441,74,13,True
2204709,Inhuma,PI,Piauí,2201,Teresina,220004,Valença do Piauí,14958,7459,7499,475,435,1047,1032,1005,1030,1088,1107,2231,2398,2930,729,145,43,True
2204808,Ipiranga do Piauí,PI,Piauí,2201,Teresina,220004,Valença do Piauí,9420,4655,4765,309,293,684,677,628,632,686,699,1330,1487,1816,550,81,24,True
2204907,Isaías Coelho,PI,Piauí,2203,Picos,220009,Picos,7774,3850,3924,276,258,477,533,551,537,518,481,1001,1071,1692,298,38,7,True
2205003,Itainópolis,PI,Piauí,2203,Picos,220009,Picos,10790,5456,5334,309,276,755,675,731,720,810,779,1778,1910,2682,521,56,12,True
2205102,Itaueira,PI,Piauí,2206,Floriano,220017,Floriano,10323,5191,5132,344,305,673,633,737,732,783,715,1582,1667,2239,646,106,35,True
2205151,Jacobina do Piauí,PI,Piauí,2203,Picos,220010,Paulistana,5613,2797,2816,162,156,366,379,389,421,424,436,819,817,1202,266,21,4,True
2205201,Jaicós,PI,Piauí,2203,Picos,220009,Picos,17527,8552,8975,545,540,1261,1294,1254,1316,1206,1314,2259,2540,3808,817,137,39,True
2205250,Jardim do Mulato,PI,Piauí,2201,Teresina,220002,Amarante - Água Branca - Regeneração,4180,2104,2076,135,135,253,249,290,291,274,284,648,660,971,179,15,4,True
2205276,Jatobá do Piauí,PI,Piauí,2201,Teresina,220003,Campo Maior,4494,2319,2175,144,135,301,265,307,288,361,303,811,774,965,218,19,5,True
2205300,Jerumenha,PI,Piauí,2206,Floriano,220017,Floriano,4497,2289,2208,142,133,354,316,335,293,292,275,658,705,855,239,49,11,True
2205359,João Costa,PI,Piauí,2204,São Raimundo Nonato,220014,São João do Piauí,2970,1569,1401,89,94,185,199,235,197,243,201,453,418,636,113,13,4,True
2205409,Joaquim Pires,PI,Piauí,2202,Parnaíba,220008,Esperantina,13886,7107,6779,495,507,1183,1084,1094,1044,948,857,1697,1623,2416,422,58,15,True
2205458,Joca Marques,PI,Piauí,2202,Parnaíba,220008,Esperantina,5394,2697,2697,201,181,393,394,460,433,341,349,628,639,975,169,17,4,True
2205508,José de Freitas,PI,Piauí,2201,Teresina,220001,Teresina,42559,20988,21571,1387,1319,3203,3235,3403,3645,2902,3026,5023,5374,6335,2019,320,100,True
2205516,Juazeiro do Piauí,PI,Piauí,2201,Teresina,220003,Campo Maior,5214,2687,2527,197,147,449,394,352,345,366,352,764,752,937,206,23,9,True
2205524,Júlio Borges,PI,Piauí,2205,Corrente - Bom Jesus,220015,Corrente,5388,2862,2526,202,171,413,380,399,352,387,331,733,683,1018,226,23,3,True
2205532,Jurema,PI,Piauí,2204,São Raimundo Nonato,220013,São Raimundo Nonato,4425,2339,2086,159,123,294,294,344,344,361,286,588,556,922,142,19,6,True
2205557,Lagoa Alegre,PI,Piauí,2201,Teresina,220001,Teresina,8256,4186,4070,342,289,647,622,621,613,563,560,1033,1047,1421,438,47,8,True
2205573,Lagoa de São Francisco,PI,Piauí,2202,Parnaíba,220007,Piripiri,6331,3123,3208,226,257,464,487,442,419,417,455,820,852,1239,256,20,3,True
2205565,Lagoa do Barro do Piauí,PI,Piauí,2204,São Raimundo Nonato,220014,São João do Piauí,4984,2584,2400,172,154,410,408,433,359,365,331,624,600,907,133,19,2,True
2205581,Lagoa do Piauí,PI,Piauí,2201,Teresina,220001,Teresina,4810,2458,2352,148,145,361,343,374,383,353,296,600,614,767,206,29,8,True
2205599,Lagoa do Sítio,PI,Piauí,2201,Teresina,220004,Valença do Piauí,4520,2325,2195,138,122,276,262,307,275,334,335,744,723,1167,160,18,4,True
2205540,Lagoinha do Piauí,PI,Piauí,2201,Teresina,220002,Amarante - Água Branca - Regeneração,2939,1485,1454,103,91,223,209,168,203,211,206,395,421,609,110,5,4,True
2205607,Landri Sales,PI,Piauí,2206,Floriano,220017,Floriano,5213,2528,2685,192,160,331,318,333,355,328,380,784,857,1106,266,49,14,True
2205706,Luís Correia,PI,Piauí,2202,Parnaíba,220006,Parnaíba,30641,15515,15126,1075,979,2453,2385,2435,2512,2243,2095,3661,3636,5077,1190,185,75,True
2205805,Luzilândia,PI,Piauí,2202,Parnaíba,220008,Esperantina,25375,12718,12657,910,814,1829,1773,2139,2169,1651,1605,3023,3352,4723,1165,237,63,True
2205854,Madeiro,PI,Piauí,2202,Parnaíba,220008,Esperantina,8032,4051,3981,315,322,627,621,658,658,514,494,867,838,1350,229,25,3,True
2205904,Manoel Emídio,PI,Piauí,2206,Floriano,220018,Uruçuí,5209,2687,2522,167,130,386,379,415,360,404,374,744,749,1056,202,40,9,True
2205953,Marcolândia,PI,Piauí,2203,Picos,220009,Picos,8533,4253,4280,296,265,710,800,651,645,501,551,886,969,1570,450,110,35,True
2206001,Marcos Parente,PI,Piauí,2206,Floriano,220017,Floriano,4724,2299,2425,144,147,325,302,317,350,326,301,604,745,794,306,63,8,True
2206050,Massapê do Piauí,PI,Piauí,2203,Picos,220009,Picos,5218,2638,2580,196,172,355,345,409,376,407,403,759,787,1254,253,27,4,True
2206100,Matias Olímpio,PI,Piauí,2202,Parnaíba,220008,Esperantina,10624,5321,5303,371,393,756,779,766,830,666,644,1247,1288,2095,406,50,16,True
2206209,Miguel Alves,PI,Piauí,2201,Teresina,220001,Teresina,32150,16232,15918,1224,1112,2564,2465,2343,2388,1914,1814,3602,3837,5858,1055,172,42,True
2206308,Miguel Leão,PI,Piauí,2201,Teresina,220002,Amarante - Água Branca - Regeneração,1318,659,659,55,48,98,99,84,83,90,102,159,162,220,73,22,6,True
2206357,Milton Brandão,PI,Piauí,2202,Parnaíba,220007,Piripiri,6542,3347,3195,204,197,480,487,513,430,434,464,979,928,1385,230,19,5,True
2206407,Monsenhor Gil,PI,Piauí,2201,Teresina,220001,Teresina,10255,4915,5340,290,292,659,741,730,814,697,711,1426,1606,1996,510,80,24,True
2206506,Monsenhor Hipólito,PI,Piauí,2203,Picos,220009,Picos,7577,3786,3791,262,244,550,521,596,600,524,520,1076,1156,1580,404,77,20,True
2206605,Monte Alegre do Piauí,PI,Piauí,2205,Corrente - Bom Jesus,220015,Corrente,10660,5396,5264,405,392,825,763,754,736,695,635,1250,1226,1679,424,76,32,True
2206654,Morro Cabeça no Tempo,PI,Piauí,2205,Corrente - Bom Jesus,220015,Corrente,4377,2320,2057,165,141,281,267,304,266,305,295,634,536,706,131,14,4,True
2206670,Morro do Chapéu do Piauí,PI,Piauí,2202,Parnaíba,220008,Esperantina,6425,3263,3162,238,214,503,510,517,498,392,407,802,794,1264,314,34,6,True
2206696,Murici dos Portelas,PI,Piauí,2202,Parnaíba,220006,Parnaíba,9797,5027,4770,425,358,784,808,744,748,688,601,1148,1018,1638,242,21,3,True
2206704,Nazaré do Piauí,PI,Piauí,2206,Floriano,220017,Floriano,6665,3353,3312,200,202,398,394,434,429,485,465,1036,1113,1306,295,55,10,True
2206720,Nazária,PI,Piauí,2201,Teresina,220001,Teresina,10262,5145,5117,318,323,703,667,724,805,670,628,1333,1361,1526,325,40,14,True
2206753,Nossa Senhora de Nazaré,PI,Piauí,2201,Teresina,220003,Campo Maior,5228,2652,2576,165,141,362,321,396,399,402,385,787,809,839,232,22,11,True
2206803,Nossa Senhora dos Remédios,PI,Piauí,2201,Teresina,220005,Barras,8525,4273,4252,335,306,728,671,623,643,538,526,902,979,1616,304,52,10,True
2207959,Nova Santa Rita,PI,Piauí,2204,São Raimundo Nonato,220014,São João do Piauí,4076,2128,1948,155,139,318,277,296,280,340,287,532,526,892,124,17,4,True
2206902,Novo Oriente do Piauí,PI,Piauí,2201,Teresina,220004,Valença do Piauí,6097,3041,3056,210,202,417,371,417,433,470,434,927,1039,1444,327,42,12,True
2206951,Novo Santo Antônio,PI,Piauí,2201,Teresina,220001,Teresina,2827,1416,1411,89,90,173,155,193,212,194,218,479,435,656,127,14,8,True
2207009,Oeiras,PI,Piauí,2203,Picos,220011,Oeiras,38093,18350,19743,1266,1245,2786,2961,2743,3014,2739,2884,4592,5530,7357,2039,449,212,True
2207108,Olho D'Água do Piauí,PI,Piauí,2201,Teresina,220002,Amarante - Água Branca - Regeneração,2637,1317,1320,95,76,179,193,165,195,186,192,352,363,551,101,19,6,True
2207207,Padre Marcos,PI,Piauí,2203,Picos,220009,Picos,6382,3096,3286,178,178,417,463,446,450,435,505,927,1026,1513,286,47,9,True
2207306,Paes Landim,PI,Piauí,2203,Picos,220012,Simplício Mendes,4088,2101,1987,148,129,340,298,284,282,293,274,540,570,800,180,25,10,True
2207355,Pajeú do Piauí,PI,Piauí,2206,Floriano,220019,Canto do Buriti,3000,1552,1448,104,79,207,161,162,215,257,214,553,498,773,165,21,5,True
2207405,Palmeira do Piauí,PI,Piauí,2205,Corrente - Bom Jesus,220016,Bom Jesus,4952,2580,2372,154,158,415,312,361,331,364,317,679,641,909,240,36,4,True
2207504,Palmeirais,PI,Piauí,2201,Teresina,220002,Amarante - Água Branca - Regeneração,13264,6561,6703,478,449,828,915,905,922,876,874,1678,1875,2839,512,91,24,True
2207553,Paquetá,PI,Piauí,2203,Picos,220009,Picos,3813,1957,1856,121,98,248,233,274,271,297,286,614,591,952,171,8,4,True
2207603,Parnaguá,PI,Piauí,2205,Corrente - Bom Jesus,220015,Corrente,10103,5302,4801,411,362,828,688,741,675,659,568,1273,1163,1737,431,104,26,True
2207702,Parnaíba,PI,Piauí,2202,Parnaíba,220006,Parnaíba,161712,77023,84689,4944,4949,12656,13297,12414,13797,11033,12444,18019,22750,22267,10290,3282,1653,True
2207751,Passagem Franca do Piauí,PI,Piauí,2201,Teresina,220002,Amarante - Água Branca - Regeneração,4135,2076,2059,141,134,335,341,324,308,282,271,486,530,672,223,86,27,True
2207777,Patos do Piauí,PI,Piauí,2203,Picos,220010,Paulistana,5425,2785,2640,171,158,343,323,386,385,420,416,941,915,1457,258,25,8,True
2207793,Pau D'Arco do Piauí,PI,Piauí,2201,Teresina,220001,Teresina,3880,1999,1881,138,111,292,272,242,247,289,268,578,576,724,79,8,6,True
2207801,Paulistana,PI,Piauí,2203,Picos,220010,Paulistana,21040,10114,10926,703,742,1483,1687,1538,1723,1405,1530,2427,2718,4003,882,233,80,True
2207850,Pavussu,PI,Piauí,2206,Floriano,220019,Canto do Buriti,3628,1928,1700,109,85,274,220,292,257,260,238,577,540,863,143,13,1,True
2207900,Pedro II,PI,Piauí,2202,Parnaíba,220007,Piripiri,37894,18892,19002,1322,1234,2943,2811,2766,2781,2498,2475,5032,5657,7151,1741,320,101,True
2207934,Pedro Laurentino,PI,Piauí,2204,São Raimundo Nonato,220014,São João do Piauí,2458,1279,1179,89,69,152,159,177,156,165,184,353,331,518,74,5,2,True
2208007,Picos,PI,Piauí,2203,Picos,220009,Picos,82633,39364,43269,2365,2373,6563,6809,6493,7090,5812,6517,9567,11998,11893,5918,1821,915,True
2208106,Pimenteiras,PI,Piauí,2201,Teresina,220004,Valença do Piauí,11312,5732,5580,371,364,809,772,706,721,851,814,1734,1673,2324,521,74,25,True
2208205,Pio IX,PI,Piauí,2203,Picos,220009,Picos,17596,8742,8854,560,511,1410,1352,1285,1297,1126,1253,2301,2463,3603,775,141,51,True
2208304,Piracuruca,PI,Piauí,2202,Parnaíba,220007,Piripiri,28846,14192,14654,865,873,2301,2272,2297,2374,1864,1977,3570,3978,5740,1421,273,87,True
2208403,Piripiri,PI,Piauí,2202,Parnaíba,220007,Piripiri,65538,31840,33698,2023,1866,4964,5151,4785,5244,4412,4736,8196,9703,10733,4043,891,348,True
2208502,Porto,PI,Piauí,2201,Teresina,220005,Barras,12052,6083,5969,488,438,1039,1007,888,879,655,660,1147,1257,2108,490,89,33,True
2208551,Porto Alegre do Piauí,PI,Piauí,2206,Floriano,220017,Floriano,2364,1221,1143,101,71,154,174,184,165,147,155,321,280,446,146,17,2,True
2208601,Prata do Piauí,PI,Piauí,2201,Teresina,220002,Amarante - Água Branca - Regeneração,3042,1539,1503,107,89,209,213,219,238,184,173,450,474,682,130,15,3,True
2208650,Queimada Nova,PI,Piauí,2203,Picos,220010,Paulistana,8717,4417,4300,300,294,704,673,681,655,658,583,1142,1182,1682,348,35,11,True
2208700,Redenção do Gurguéia,PI,Piauí,2205,Corrente - Bom Jesus,220016,Bom Jesus,8394,4298,4096,321,305,637,565,633,598,585,501,936,970,1454,368,66,29,True
2208809,Regeneração,PI,Piauí,2201,Teresina,220002,Amarante - Água Branca - Regeneração,17133,8339,8794,553,550,1117,1087,1177,1327,1101,1139,2161,2620,3588,929,129,49,True
2208858,Riacho Frio,PI,Piauí,2205,Corrente - Bom Jesus,220015,Corrente,4165,2192,1973,157,143,288,262,291,273,326,262,533,486,768,110,11,5,True
2208874,Ribeira do Piauí,PI,Piauí,2204,São Raimundo Nonato,220014,São João do Piauí,4055,2059,1996,151,133,270,250,280,272,298,295,579,582,867,144,22,2,True
2208908,Ribeiro Gonçalves,PI,Piauí,2206,Floriano,220018,Uruçuí,6164,3163,3001,227,223,513,467,507,467,377,335,722,751,933,344,77,29,True
2209005,Rio Grande do Piauí,PI,Piauí,2206,Floriano,220019,Canto do Buriti,5801,2908,2893,167,178,364,371,389,364,434,414,944,984,1447,291,30,10,True
2209104,Santa Cruz do Piauí,PI,Piauí,2203,Picos,220009,Picos,5831,2882,2949,190,187,373,390,413,411,457,449,862,935,1213,319,70,17,True
2209153,Santa Cruz dos Milagres,PI,Piauí,2201,Teresina,220004,Valença do Piauí,3435,1678,1757,114,95,201,187,225,253,286,284,480,539,811,173,12,0,True
2209203,Santa Filomena,PI,Piauí,2205,Corrente - Bom Jesus,220015,Corrente,6087,3131,2956,247,210,563,522,497,427,380,338,635,610,985,253,44,19,True
2209302,Santa Luz,PI,Piauí,2205,Corrente - Bom Jesus,220016,Bom Jesus,5336,2741,2595,229,176,359,348,411,416,393,340,692,691,1113,262,38,13,True
2209377,Santa Rosa do Piauí,PI,Piauí,2203,Picos,220011,Oeiras,4650,2282,2368,168,147,289,296,288,321,333,328,704,794,1244,236,40,3,True
2209351,Santana do Piauí,PI,Piauí,2203,Picos,220009,Picos,4125,2025,2100,136,132,249,271,300,305,314,290,642,688,1105,243,21,5,True
2209401,Santo Antônio de Lisboa,PI,Piauí,2203,Picos,220009,Picos,5839,2896,2943,181,167,414,446,384,397,387,387,885,993,1209,414,68,25,True
2209450,Santo Antônio dos Milagres,PI,Piauí,2201,Teresina,220002,Amarante - Água Branca - Regeneração,2138,1056,1082,68,88,173,149,152,159,145,145,242,253,379,102,17,4,True
2209500,Santo Inácio do Piauí,PI,Piauí,2203,Picos,220011,Oeiras,3646,1838,1808,124,100,236,231,226,240,312,275,561,626,802,218,28,3,True
2209559,São Braz do Piauí,PI,Piauí,2204,São Raimundo Nonato,220013,São Raimundo Nonato,4358,2246,2112,123,114,335,308,327,294,321,301,671,610,854,161,24,4,True
2209609,São Félix do Piauí,PI,Piauí,2201,Teresina,220002,Amarante - Água Branca - Regeneração,2842,1417,1425,85,76,137,154,201,204,167,188,524,538,706,201,27,9,True
2209658,São Francisco de Assis do Piauí,PI,Piauí,2203,Picos,220012,Simplício Mendes,5572,2840,2732,210,189,436,406,405,429,420,391,705,672,1151,126,18,4,True
2209708,São Francisco do Piauí,PI,Piauí,2206,Floriano,220017,Floriano,5392,2662,2730,179,167,298,318,325,343,389,387,903,962,1377,343,34,12,True
2209757,São Gonçalo do Gurguéia,PI,Piauí,2205,Corrente - Bom Jesus,220015,Corrente,2947,1522,1425,104,120,234,224,207,190,229,184,368,364,462,113,20,8,True
2209807,São Gonçalo do Piauí,PI,Piauí,2201,Teresina,220002,Amarante - Água Branca - Regeneração,4837,2416,2421,165,135,348,353,337,357,313,345,613,636,964,184,35,11,True
2209856,São João da Canabrava,PI,Piauí,2203,Picos,220009,Picos,4242,2088,2154,140,134,273,252,250,288,299,324,698,743,1085,193,16,2,True
2209872,São João da Fronteira,PI,Piauí,2202,Parnaíba,220007,Piripiri,5522,2723,2799,190,189,408,430,394,379,370,351,682,748,1220,213,31,6,True
2209906,São João da Serra,PI,Piauí,2201,Teresina,220003,Campo Maior,6114,3032,3082,191,185,371,359,414,400,398,451,1003,1058,1383,269,31,12,True
2209955,São João da Varjota,PI,Piauí,2203,Picos,220011,Oeiras,4383,2148,2235,140,139,271,266,301,323,320,306,580,653,958,203,27,4,True
2209971,São João do Arraial,PI,Piauí,2202,Parnaíba,220008,Esperantina,8186,4144,4042,335,305,639,597,645,640,522,496,907,951,1515,253,28,5,True
2210003,São João do Piauí,PI,Piauí,2204,São Raimundo Nonato,220014,São João do Piauí,21421,10495,10926,761,739,1620,1712,1678,1724,1441,1440,2376,2758,3568,1075,251,86,True
2210052,São José do Divino,PI,Piauí,2202,Parnaíba,220007,Piripiri,4841,2448,2393,155,147,395,355,410,408,363,365,634,634,1057,256,26,5,True
2210102,São José do Peixe,PI,Piauí,2206,Floriano,220017,Floriano,3297,1644,1653,131,111,209,179,210,212,250,240,502,540,768,143,21,8,True
2210201,São José do Piauí,PI,Piauí,2203,Picos,220009,Picos,6597,3288,3309,208,191,462,424,474,472,460,460,969,1062,1420,421,57,8,True
2210300,São Julião,PI,Piauí,2203,Picos,220009,Picos,6025,2958,3067,179,158,445,422,422,460,434,429,851,959,1203,335,74,24,True
2210359,São Lourenço do Piauí,PI,Piauí,2204,São Raimundo Nonato,220013,São Raimundo Nonato,4410,2251,2159,139,105,334,276,293,297,310,291,743,786,889,304,39,3,True
2210375,São Luis do Piauí,PI,Piauí,2203,Picos,220009,Picos,2309,1121,1188,74,70,132,146,140,144,159,186,371,402,573,102,12,2,True
2210383,São Miguel da Baixa Grande,PI,Piauí,2201,Teresina,220002,Amarante - Água Branca - Regeneração,2269,1128,1141,78,71,122,129,163,185,160,148,366,384,486,86,8,3,True
2210391,São Miguel do Fidalgo,PI,Piauí,2203,Picos,220011,Oeiras,2829,1477,1352,106,89,223,175,204,180,221,202,391,381,541,113,14,5,True
2210409,São Miguel do Tapuio,PI,Piauí,2201,Teresina,220003,Campo Maior,17554,8848,8706,601,531,1253,1093,1225,1184,1222,1244,2559,2733,3972,627,61,20,True
2210508,São Pedro do Piauí,PI,Piauí,2201,Teresina,220002,Amarante - Água Branca - Regeneração,13755,6769,6986,476,459,1006,982,940,980,903,920,1656,1934,2739,599,123,29,True
2210607,São Raimundo Nonato,PI,Piauí,2204,São Raimundo Nonato,220013,São Raimundo Nonato,38885,19132,19753,1231,1206,3233,3243,2922,3251,2706,2840,4241,4661,5974,2071,547,217,True
2210623,Sebastião Barros,PI,Piauí,2205,Corrente - Bom Jesus,220015,Corrente,3202,1691,1511,125,94,243,218,219,222,213,178,436,405,677,109,10,6,True
2210631,Sebastião Leal,PI,Piauí,2206,Floriano,220018,Uruçuí,4446,2299,2147,142,166,298,309,363,322,331,279,592,576,726,160,20,4,True
2210656,Sigefredo Pacheco,PI,Piauí,2201,Teresina,220003,Campo Maior,9460,4912,4548,301,277,721,603,618,646,732,640,1518,1463,2201,456,30,7,True
2210706,Simões,PI,Piauí,2203,Picos,220010,Paulistana,14338,7162,7176,544,461,1117,1119,990,1031,983,1021,1661,1746,2617,741,147,41,True
2210805,Simplício Mendes,PI,Piauí,2203,Picos,220012,Simplício Mendes,13866,6964,6902,439,374,1005,1001,1009,1013,985,961,1881,2053,2328,713,168,75,True
2210904,Socorro do Piauí,PI,Piauí,2203,Picos,220012,Simplício Mendes,4141,2095,2046,128,110,294,270,274,290,310,276,642,658,1006,177,28,7,True
2210938,Sussuapara,PI,Piauí,2203,Picos,220009,Picos,6220,3095,3125,182,179,464,460,408,432,480,494,927,947,1360,324,30,4,True
2210953,Tamboril do Piauí,PI,Piauí,2206,Floriano,220019,Canto do Buriti,2949,1512,1437,108,89,221,217,223,185,213,209,399,382,634,81,10,2,True
2210979,Tanque do Piauí,PI,Piauí,2203,Picos,220011,Oeiras,2315,1129,1186,84,77,166,149,146,163,166,176,329,400,589,166,15,3,True
2211001,Teresina,PI,Piauí,2201,Teresina,220001,Teresina,865255,404681,460574,25378,25093,67841,71822,68000,77173,59006,70985,91255,126147,99635,68394,27284,20265,True
2211100,União,PI,Piauí,2201,Teresina,220001,Teresina,46119,22921,23198,1623,1527,3643,3606,3499,3560,3028,2965,5291,5897,7583,1948,328,72,True
2211209,Uruçuí,PI,Piauí,2206,Floriano,220018,Uruçuí,25203,12500,12703,845,930,2041,2153,2066,2036,1613,1580,2535,2744,2767,1293,370,162,True
2211308,Valença do Piauí,PI,Piauí,2201,Teresina,220004,Valença do Piauí,22279,10635,11644,683,650,1467,1529,1473,1757,1570,1692,3153,3791,4244,1263,300,128,True
2211357,Várzea Branca,PI,Piauí,2204,São Raimundo Nonato,220013,São Raimundo Nonato,5055,2565,2490,195,163,391,325,353,376,323,303,636,613,940,188,26,6,True
2211407,Várzea Grande,PI,Piauí,2201,Teresina,220002,Amarante - Água Branca - Regeneração,4414,2146,2268,133,141,262,295,314,320,290,312,641,768,1030,217,26,6,True
2211506,Vera Mendes,PI,Piauí,2203,Picos,220009,Picos,3185,1588,1597,101,79,199,220,225,219,226,209,524,567,749,77,5,2,True
2211605,Vila Nova do Piauí,PI,Piauí,2203,Picos,220009,Picos,2935,1489,1446,77,59,197,187,209,210,225,244,483,485,731,132,11,4,True
2211704,Wall Ferraz,PI,Piauí,2203,Picos,220009,Picos,4059,2030,2029,159,138,269,255,294,300,326,316,602,635,964,156,13,3,True
2300101,Abaiara,CE,Ceará,2304,Juazeiro do Norte,230012,Brejo Santo,10038,4931,5107,267,309,802,819,740,764,688,661,1216,1360,2222,448,40,13,True
2300150,Acarape,CE,Ceará,2301,Fortaleza,230003,Redenção-Acarape,14018,6877,7141,431,444,1376,1283,1073,1061,806,898,1432,1724,3106,797,104,28,True
2300200,Acaraú,CE,Ceará,2306,Sobral,230017,Acaraú,65229,32685,32544,2181,2066,5303,5366,5315,5295,4488,4430,7049,7436,10931,2362,347,125,True
2300309,Acopiara,CE,Ceará,2303,Iguatu,230009,Iguatu,44962,22246,22716,1383,1207,3011,2951,3052,3278,3166,3236,6779,7424,11679,2366,348,138,True
2300408,Aiuaba,CE,Ceará,2304,Juazeiro do Norte,230011,Juazeiro do Norte,14076,7015,7061,444,429,1006,967,939,978,945,926,2060,2199,3635,547,67,15,True
2300507,Alcântaras,CE,Ceará,2306,Sobral,230015,Sobral,11369,5605,5764,378,335,925,918,823,919,722,761,1397,1586,2033,635,76,14,True
2300606,Altaneira,CE,Ceará,2304,Juazeiro do Norte,230011,Juazeiro do Norte,6782,3275,3507,223,207,527,502,402,475,436,473,834,1052,1638,249,42,12,True
2300705,Alto Santo,CE,Ceará,2302,Quixadá,230007,Russas - Limoeiro do Norte,14155,6959,7196,426,432,1017,987,1022,1123,901,959,1947,2084,3379,831,144,30,True
2300754,Amontada,CE,Ceará,2301,Fortaleza,230002,Itapipoca,42151,21698,20453,1526,1411,3484,3357,3136,3112,2619,2396,4801,4608,7589,1232,184,47,True
2300804,Antonina do Norte,CE,Ceará,2304,Juazeiro do Norte,230011,Juazeiro do Norte,7245,3549,3696,226,228,525,514,459,486,486,534,1007,1161,1487,295,29,6,True
2300903,Apuiarés,CE,Ceará,2301,Fortaleza,230005,Itapagé,12928,6498,6430,422,356,1008,983,904,973,822,894,1880,1831,3064,601,64,10,True
2301000,Aquiraz,CE,Ceará,2301,Fortaleza,230001,Fortaleza,79923,39761,40162,2218,2103,5787,6115,6359,6772,6172,6298,10270,10434,13101,4511,751,333,True
2301109,Aracati,CE,Ceará,2302,Quixadá,230008,Aracati,75089,36728,38361,2234,2095,5788,5964,5888,6267,5288,5625,9083,10647,13516,4200,855,291,True
2301208,Aracoiaba,CE,Ceará,2301,Fortaleza,230003,Redenção-Acarape,25553,12730,12823,745,753,1989,1893,1825,1927,1761,1768,3417,3629,5162,1132,149,32,True
2301257,Ararendá,CE,Ceará,2305,Crateús,230013,Crateús,11096,5578,5518,367,359,781,782,756,747,763,705,1601,1687,2535,356,37,9,True
2301307,Araripe,CE,Ceará,2304,Juazeiro do Norte,230011,Juazeiro do Norte,19773,9744,10029,692,682,1496,1437,1342,1455,1228,1355,2368,2624,4514,643,81,34,True
2301406,Aratuba,CE,Ceará,2301,Fortaleza,230003,Redenção-Acarape,11224,5622,5602,374,360,949,931,839,868,699,736,1412,1436,2181,551,56,11,True
2301505,Arneiroz,CE,Ceará,2305,Crateús,230014,Tauá,7429,3720,3709,204,236,507,493,481,466,509,534,1166,1165,1600,385,62,13,True
2301604,Assaré,CE,Ceará,2304,Juazeiro do Norte,230011,Juazeiro do Norte,21694,10740,10954,697,660,1684,1654,1421,1448,1406,1449,3107,3353,4949,966,136,47,True
2301703,Aurora,CE,Ceará,2304,Juazeiro do Norte,230011,Juazeiro do Norte,23690,11775,11915,727,668,1713,1766,1689,1702,1632,1630,3418,3666,5754,978,138,53,True
2301802,Baixio,CE,Ceará,2303,Iguatu,230010,Icó,5704,2884,2820,193,165,386,378,427,394,441,422,830,935,1269,355,52,9,True
2301851,Banabuiú,CE,Ceará,2302,Quixadá,230006,Quixadá,17184,8641,8543,605,530,1447,1431,1160,1183,1075,1079,2249,2268,3464,690,107,36,True
2301901,Barbalha,CE,Ceará,2304,Juazeiro do Norte,230011,Juazeiro do Norte,74971,36195,38776,2295,2184,6105,6210,6049,6581,4914,5479,7425,9162,9660,3608,737,393,True
2301950,Barreira,CE,Ceará,2301,Fortaleza,230003,Redenção-Acarape,22388,11067,11321,683,672,1796,1897,1706,1813,1463,1502,2659,2923,4260,872,120,29,True
2302008,Barro,CE,Ceará,2304,Juazeiro do Norte,230012,Brejo Santo,19381,9516,9865,579,574,1329,1344,1276,1351,1456,1441,2851,3239,4737,1023,150,41,True
2302057,Barroquinha,CE,Ceará,2306,Sobral,230018,Camocim,14565,7353,7212,478,482,1159,1130,1174,1100,1029,1078,1745,1777,2992,433,66,18,True
2302107,Baturité,CE,Ceará,2301,Fortaleza,230003,Redenção-Acarape,35208,17311,17897,1084,1076,2967,2953,2535,2719,2381,2453,4196,4771,6524,1841,324,99,True
2302206,Beberibe,CE,Ceará,2301,Fortaleza,230001,Fortaleza,53081,26430,26651,1581,1520,3920,3825,3901,4104,3951,3962,7210,7603,10429,2299,327,103,True
2302305,Bela Cruz,CE,Ceará,2306,Sobral,230017,Acaraú,32770,16463,16307,984,953,2385,2459,2542,2689,2580,2350,4103,4054,6238,1190,181,48,True
2302404,Boa Viagem,CE,Ceará,2301,Fortaleza,230004,Canindé,50317,24975,25342,1688,1590,3749,3822,3353,3511,3129,3171,7277,7583,12013,1950,290,110,True
2302503,Brejo Santo,CE,Ceará,2304,Juazeiro do Norte,230012,Brejo Santo,51039,24766,26273,1377,1406,4323,4302,4382,4499,3612,3995,5648,6784,8321,2494,587,281,True
2302602,Camocim,CE,Ceará,2306,Sobral,230018,Camocim,62326,30301,32025,2060,1993,5157,5228,4674,5199,4203,4611,6831,7804,11532,2455,558,180,True
2302701,Campos Sales,CE,Ceará,2304,Juazeiro do Norte,230011,Juazeiro do Norte,25135,12073,13062,808,769,1843,1950,1747,1876,1498,1654,3302,4063,5791,1117,245,96,True
2302800,Canindé,CE,Ceará,2301,Fortaleza,230004,Canindé,74135,36550,37585,2449,2215,5866,5990,5330,5779,4490,4792,9257,10330,14492,3339,643,189,True
2302909,Capistrano,CE,Ceará,2301,Fortaleza,230003,Redenção-Acarape,17241,8639,8602,576,523,1346,1324,1297,1325,1093,1178,2195,2300,3474,623,78,21,True
2303006,Caridade,CE,Ceará,2301,Fortaleza,230004,Canindé,16377,8183,8194,515,529,1224,1258,1202,1172,1008,1037,2085,2152,3794,899,98,23,True
2303105,Cariré,CE,Ceará,2306,Sobral,230015,Sobral,17632,8817,8815,565,510,1370,1354,1261,1191,1137,1175,2481,2687,4045,761,99,24,True
2303204,Caririaçu,CE,Ceará,2304,Juazeiro do Norte,230011,Juazeiro do Norte,26318,12883,13435,945,818,2012,2090,1820,1880,1638,1781,3138,3632,5481,1123,150,32,True
2303303,Cariús,CE,Ceará,2303,Iguatu,230009,Iguatu,17015,8592,8423,475,450,1188,1153,1224,1127,1103,1165,2807,2879,4367,834,83,24,True
2303402,Carnaubal,CE,Ceará,2306,Sobral,230016,São Benedito - Ipu - Guaraciaba do Norte - Tianguá,17183,8524,8659,603,520,1290,1282,1162,1243,1146,1165,2148,2347,3561,650,95,29,True
2303501,Cascavel,CE,Ceará,2301,Fortaleza,230001,Fortaleza,72686,35545,37141,2172,2054,5703,5833,5435,5875,5157,5610,9073,10099,13284,3917,618,167,True
2303600,Catarina,CE,Ceará,2303,Iguatu,230009,Iguatu,10243,5054,5189,305,334,641,655,628,727,667,673,1608,1649,3993,831,73,41,True
2303659,Catunda,CE,Ceará,2306,Sobral,230015,Sobral,10420,5218,5202,349,373,808,753,701,745,663,647,1517,1531,2211,396,33,20,True
2303709,Caucaia,CE,Ceará,2301,Fortaleza,230001,Fortaleza,355564,171519,184045,10223,10110,29357,31327,29547,31935,23765,26584,35554,43152,53482,24192,5337,1381,True
2303808,Cedro,CE,Ceará,2303,Iguatu,230009,Iguatu,22339,11002,11337,675,643,1557,1525,1506,1564,1492,1553,3453,3852,5557,1115,181,72,True
2303907,Chaval,CE,Ceará,2306,Sobral,230018,Camocim,12459,6235,6224,364,369,974,950,897,939,850,874,1600,1632,2428,453,83,19,True
2303931,Choró,CE,Ceará,2302,Quixadá,230006,Quixadá,12112,6160,5952,423,389,928,874,843,852,737,723,1718,1593,2637,365,34,7,True
2303956,Chorozinho,CE,Ceará,2301,Fortaleza,230001,Fortaleza,20153,10096,10057,623,535,1643,1649,1548,1608,1430,1431,2472,2629,4083,952,142,33,True
2304004,Coreaú,CE,Ceará,2306,Sobral,230015,Sobral,20943,10374,10569,678,633,1745,1820,1598,1568,1309,1381,2464,2733,4474,827,107,26,True
2304103,Crateús,CE,Ceará,2305,Crateús,230013,Crateús,76373,37163,39210,2289,2209,5736,5800,5169,5547,5084,5465,10453,12141,15391,3882,959,421,True
2304202,Crato,CE,Ceará,2304,Juazeiro do Norte,230011,Juazeiro do Norte,131022,61759,69261,3946,3922,10416,11052,9561,10945,8341,9824,14252,18987,20751,8357,2488,1406,True
2304236,Croatá,CE,Ceará,2306,Sobral,230016,São Benedito - Ipu - Guaraciaba do Norte - Tianguá,17461,8716,8745,652,532,1272,1249,1242,1222,1110,1150,2318,2592,3687,420,45,14,True
2304251,Cruz,CE,Ceará,2306,Sobral,230017,Acaraú,29761,14683,15078,929,857,2327,2504,2390,2658,2069,2097,3304,3504,4688,979,151,57,True
2304269,Deputado Irapuan Pinheiro,CE,Ceará,2302,Quixadá,230006,Quixadá,8932,4468,4464,250,221,640,585,566,611,655,648,1499,1497,2181,400,31,7,True
2304277,Ereré,CE,Ceará,2302,Quixadá,230007,Russas - Limoeiro do Norte,6474,3218,3256,180,195,415,442,519,488,421,477,942,988,1413,353,47,6,True
2304285,Eusébio,CE,Ceará,2301,Fortaleza,230001,Fortaleza,74159,36112,38047,1906,1805,4813,5412,7854,8965,6313,6251,6274,6985,7604,3122,641,750,True
2304301,Farias Brito,CE,Ceará,2304,Juazeiro do Norte,230011,Juazeiro do Norte,18217,9067,9150,574,519,1362,1259,1265,1315,1198,1214,2555,2925,4061,880,124,24,True
2304350,Forquilha,CE,Ceará,2306,Sobral,230015,Sobral,24160,11959,12201,769,730,2047,2056,1943,1960,1544,1568,2867,3186,4282,1407,189,45,True
2304400,Fortaleza,CE,Ceará,2301,Fortaleza,230001,Fortaleza,2428524,1126837,1301687,67204,66190,189626,201037,187220,211693,161962,195300,274555,390508,317069,210833,85333,69625,True
2304459,Fortim,CE,Ceará,2302,Quixadá,230008,Aracati,17267,8503,8764,515,559,1384,1318,1325,1401,1267,1288,2155,2392,3089,770,97,34,True
2304509,Frecheirinha,CE,Ceará,2306,Sobral,230015,Sobral,15657,7863,7794,490,472,1447,1501,1225,1232,973,947,1661,1772,2907,584,90,31,True
2304608,General Sampaio,CE,Ceará,2301,Fortaleza,230005,Itapagé,6727,3392,3335,222,202,528,533,459,498,451,437,853,822,1142,267,50,10,True
2304657,Graça,CE,Ceará,2306,Sobral,230015,Sobral,13801,6969,6832,460,374,1045,936,940,961,918,940,1914,2037,3502,419,36,13,True
2304707,Granja,CE,Ceará,2306,Sobral,230018,Camocim,53327,27165,26162,2029,1832,4747,4571,3948,3953,3581,3361,6126,6139,9910,1361,204,75,True
2304806,Granjeiro,CE,Ceará,2304,Juazeiro do Norte,230011,Juazeiro do Norte,4828,2401,2427,175,155,360,352,369,324,297,333,598,687,879,230,17,7,True
2304905,Groaíras,CE,Ceará,2306,Sobral,230015,Sobral,10910,5403,5507,290,304,881,869,843,826,681,723,1522,1695,2226,613,97,29,True
2304954,Guaiúba,CE,Ceará,2301,Fortaleza,230001,Fortaleza,24305,12100,12203,765,707,2056,2057,1920,1941,1680,1714,2661,2919,4900,1062,108,24,True
2305001,Guaraciaba do Norte,CE,Ceará,2306,Sobral,230016,São Benedito - Ipu - Guaraciaba do Norte - Tianguá,42040,20878,21162,1422,1400,3363,3273,2888,2996,2682,2710,5268,5594,7641,1720,246,109,True
2305100,Guaramiranga,CE,Ceará,2301,Fortaleza,230003,Redenção-Acarape,5652,2826,2826,167,181,493,464,442,426,415,404,743,769,720,270,26,12,True
2305209,Hidrolândia,CE,Ceará,2306,Sobral,230015,Sobral,17847,8983,8864,515,530,1289,1264,1212,1201,1233,1127,2659,2751,4459,892,93,37,True
2305233,Horizonte,CE,Ceará,2301,Fortaleza,230001,Fortaleza,74735,36075,38660,2266,2249,6103,6657,6362,7133,5293,5659,6863,7961,10396,4080,507,112,True
2305266,Ibaretama,CE,Ceará,2302,Quixadá,230006,Quixadá,11951,6109,5842,382,390,959,831,801,797,761,732,1741,1671,2621,465,43,16,True
2305308,Ibiapina,CE,Ceará,2306,Sobral,230016,São Benedito - Ipu - Guaraciaba do Norte - Tianguá,23953,11873,12080,773,689,1720,1742,1818,1857,1503,1455,2946,3394,4771,1208,180,53,True
2305332,Ibicuitinga,CE,Ceará,2302,Quixadá,230006,Quixadá,11611,5922,5689,347,318,845,818,927,948,874,799,1656,1580,2559,357,39,10,True
2305357,Icapuí,CE,Ceará,2302,Quixadá,230008,Aracati,21396,10757,10637,702,605,1542,1498,1741,1833,1621,1605,2690,2806,3820,973,189,45,True
2305407,Icó,CE,Ceará,2303,Iguatu,230010,Icó,62607,30497,32110,1958,1969,4541,4553,4543,4788,4031,4363,8385,9716,13387,3098,527,185,True
2305506,Iguatu,CE,Ceará,2303,Iguatu,230009,Iguatu,98058,46694,51364,2874,2740,6943,7420,7368,8153,6531,7329,12394,15370,18429,7096,1713,708,True
2305605,Independência,CE,Ceará,2305,Crateús,230013,Crateús,24024,11995,12029,743,689,1670,1592,1539,1583,1764,1816,3755,4035,5801,1151,190,72,True
2305654,Ipaporanga,CE,Ceará,2305,Crateús,230013,Crateús,11554,5737,5817,374,338,791,734,660,714,757,734,1831,1927,2842,338,28,8,True
2305704,Ipaumirim,CE,Ceará,2303,Iguatu,230010,Icó,12083,6022,6061,415,365,907,850,840,877,839,813,1558,1800,2611,599,83,43,True
2305803,Ipu,CE,Ceará,2306,Sobral,230016,São Benedito - Ipu - Guaraciaba do Norte - Tianguá,41050,20402,20648,1280,1240,3197,3105,2904,2969,2628,2628,5395,6003,8549,2005,384,143,True
2305902,Ipueiras,CE,Ceará,2306,Sobral,230016,São Benedito - Ipu - Guaraciaba do Norte - Tianguá,36769,18244,18525,1328,1155,2452,2541,2412,2440,2465,2422,5217,5785,8839,1202,189,58,True
2306009,Iracema,CE,Ceará,2302,Quixadá,230007,Russas - Limoeiro do Norte,14001,6945,7056,447,407,1013,968,1061,1021,916,947,1951,2254,2816,776,130,57,True
2306108,Irauçuba,CE,Ceará,2301,Fortaleza,230005,Itapagé,23914,12093,11819,933,796,2034,2019,1756,1828,1457,1494,2661,2713,4249,781,103,25,True
2306207,Itaiçaba,CE,Ceará,2302,Quixadá,230008,Aracati,7533,3642,3891,214,182,540,491,558,631,517,518,1029,1286,1658,466,66,9,True
2306256,Itaitinga,CE,Ceará,2301,Fortaleza,230001,Fortaleza,57785,29342,28443,1657,1471,5482,4910,6340,6022,4384,4066,4716,5496,6463,1966,302,59,True
2306306,Itapajé,CE,Ceará,2301,Fortaleza,230005,Itapagé,46417,22767,23650,1523,1496,3744,3939,3545,3687,3177,3358,5227,5761,9658,2243,364,112,True
2306405,Itapipoca,CE,Ceará,2301,Fortaleza,230002,Itapipoca,131112,65108,66004,4571,4351,10973,11028,10230,10770,8559,8803,13880,14910,22069,5106,903,338,True
2306504,Itapiúna,CE,Ceará,2301,Fortaleza,230003,Redenção-Acarape,17841,8869,8972,549,557,1406,1386,1310,1371,1148,1174,2333,2401,3722,687,90,15,True
2306553,Itarema,CE,Ceará,2306,Sobral,230017,Acaraú,42935,21874,21061,1537,1497,3708,3667,3458,3434,2967,2759,4302,4175,6647,1321,212,70,True
2306603,Itatira,CE,Ceará,2301,Fortaleza,230004,Canindé,20353,10166,10187,787,726,1660,1660,1396,1448,1215,1258,2598,2628,3654,664,61,20,True
2306702,Jaguaretama,CE,Ceará,2302,Quixadá,230007,Russas - Limoeiro do Norte,17232,8746,8486,510,459,1317,1289,1196,1201,1125,1147,2630,2639,4092,718,94,43,True
2306801,Jaguaribara,CE,Ceará,2302,Quixadá,230007,Russas - Limoeiro do Norte,10334,5090,5244,323,270,721,753,776,846,665,693,1411,1526,1938,652,87,32,True
2306900,Jaguaribe,CE,Ceará,2302,Quixadá,230007,Russas - Limoeiro do Norte,33726,16356,17370,990,887,2310,2405,2459,2639,2283,2417,4782,5475,7382,1894,360,117,True
2307007,Jaguaruana,CE,Ceará,2302,Quixadá,230008,Aracati,31690,15461,16229,877,873,2353,2502,2470,2729,2262,2303,4060,4600,7136,1777,233,75,True
2307106,Jardim,CE,Ceará,2304,Juazeiro do Norte,230011,Juazeiro do Norte,27391,13385,14006,942,922,2064,2061,1936,2042,1824,1915,3119,3714,5100,1161,182,49,True
2307205,Jati,CE,Ceará,2304,Juazeiro do Norte,230012,Brejo Santo,7839,3901,3938,289,220,560,546,503,608,527,512,1038,1151,1616,404,76,24,True
2307254,Jijoca de Jericoacoara,CE,Ceará,2306,Sobral,230017,Acaraú,25552,12717,12835,864,761,2449,2609,2212,2298,1707,1705,2169,2340,3361,931,229,67,True
2307304,Juazeiro do Norte,CE,Ceará,2304,Juazeiro do Norte,230011,Juazeiro do Norte,284878,134237,150641,8669,8657,24601,26374,22355,25211,18438,21167,26889,36819,42919,17579,4433,2091,True
2307403,Jucás,CE,Ceará,2303,Iguatu,230009,Iguatu,23922,11733,12189,738,665,1686,1755,1581,1721,1466,1617,3357,3751,5118,1082,126,35,True
2307502,Lavras da Mangabeira,CE,Ceará,2304,Juazeiro do Norte,230011,Juazeiro do Norte,30802,15424,15378,977,867,2391,2242,2158,2181,2092,2064,4523,4944,6522,1343,201,72,True
2307601,Limoeiro do Norte,CE,Ceará,2302,Quixadá,230007,Russas - Limoeiro do Norte,59515,28669,30846,1560,1639,4455,4659,4519,4922,4034,4536,7757,9103,11129,4163,877,344,True
2307635,Madalena,CE,Ceará,2301,Fortaleza,230004,Canindé,16887,8489,8398,649,557,1348,1340,1148,1177,1027,1079,2187,2254,3564,802,86,23,True
2307650,Maracanaú,CE,Ceará,2301,Fortaleza,230001,Fortaleza,234474,112585,121889,6769,6633,19310,19984,19321,21389,16076,17681,23439,29806,34159,17574,3362,599,True
2307700,Maranguape,CE,Ceará,2301,Fortaleza,230001,Fortaleza,105053,51002,54051,3039,2935,8483,8559,8576,9219,7208,7802,11708,14172,18742,7244,1085,313,True
2307809,Marco,CE,Ceará,2306,Sobral,230017,Acaraú,25744,12990,12754,988,882,2372,2343,2209,2232,1621,1687,2527,2636,4293,1236,208,71,True
2307908,Martinópole,CE,Ceará,2306,Sobral,230015,Sobral,10839,5376,5463,400,383,1042,948,786,812,663,690,1137,1327,2094,336,57,16,True
2308005,Massapê,CE,Ceará,2306,Sobral,230015,Sobral,37675,18451,19224,1236,1183,3367,3391,2830,3048,2343,2511,4037,4592,6822,1657,242,45,True
2308104,Mauriti,CE,Ceará,2304,Juazeiro do Norte,230012,Brejo Santo,45542,22551,22991,1434,1339,3659,3591,3269,3476,3107,3095,5432,6016,9155,1744,266,82,True
2308203,Meruoca,CE,Ceará,2306,Sobral,230015,Sobral,15157,7601,7556,481,418,1251,1263,1235,1230,883,957,1864,2010,2391,786,131,42,True
2308302,Milagres,CE,Ceará,2304,Juazeiro do Norte,230012,Brejo Santo,25881,12654,13227,817,752,1904,1903,1834,1956,1795,1879,3393,3924,5815,1493,231,75,True
2308351,Milhã,CE,Ceará,2302,Quixadá,230006,Quixadá,14123,7065,7058,396,395,1160,1095,1027,984,894,990,2152,2215,2878,652,98,23,True
2308377,Miraíma,CE,Ceará,2301,Fortaleza,230002,Itapipoca,14187,7286,6901,571,450,1111,1171,1073,1043,933,876,1699,1584,2672,298,39,20,True
2308401,Missão Velha,CE,Ceará,2304,Juazeiro do Norte,230011,Juazeiro do Norte,36803,18103,18700,1221,1155,2986,2966,2646,2750,2379,2481,4037,4812,6875,1656,265,95,True
2308500,Mombaça,CE,Ceará,2303,Iguatu,230009,Iguatu,37732,18731,19001,1229,1139,2585,2658,2668,2726,2444,2457,5593,6034,9249,1873,289,87,True
2308609,Monsenhor Tabosa,CE,Ceará,2305,Crateús,230013,Crateús,17102,8504,8598,524,525,1235,1203,1187,1246,1149,1105,2395,2540,3863,603,82,32,True
2308708,Morada Nova,CE,Ceará,2302,Quixadá,230007,Russas - Limoeiro do Norte,61417,30275,31142,1695,1638,4667,4756,4571,4800,4300,4498,8842,9508,13741,3142,533,158,True
2308807,Moraújo,CE,Ceará,2306,Sobral,230015,Sobral,8254,4114,4140,277,290,716,699,623,650,555,549,963,982,1717,273,33,11,True
2308906,Morrinhos,CE,Ceará,2306,Sobral,230015,Sobral,22753,11483,11270,808,790,1926,1879,1703,1742,1415,1406,2457,2547,4222,726,72,22,True
2309003,Mucambo,CE,Ceará,2306,Sobral,230015,Sobral,13666,6627,7039,404,378,916,1015,935,1002,831,889,1930,2326,3071,512,101,30,True
2309102,Mulungu,CE,Ceará,2301,Fortaleza,230003,Redenção-Acarape,10569,5262,5307,336,346,867,881,773,765,693,673,1310,1395,2147,527,55,11,True
2309201,Nova Olinda,CE,Ceará,2304,Juazeiro do Norte,230011,Juazeiro do Norte,15388,7499,7889,482,447,1209,1326,1151,1203,975,1044,1626,1912,3065,573,70,35,True
2309300,Nova Russas,CE,Ceará,2305,Crateús,230013,Crateús,30615,15092,15523,979,937,2251,2176,2028,2118,1993,2088,4441,4929,7050,1575,283,110,True
2309409,Novo Oriente,CE,Ceará,2305,Crateús,230013,Crateús,27510,13627,13883,834,807,2164,2077,1826,1844,1807,1926,3935,4243,6007,876,152,41,True
2309458,Ocara,CE,Ceará,2301,Fortaleza,230003,Redenção-Acarape,24490,12253,12237,755,672,1780,1787,1869,1866,1691,1712,3454,3582,5307,845,107,13,True
2309508,Orós,CE,Ceará,2303,Iguatu,230010,Icó,19675,9673,10002,578,521,1311,1189,1351,1401,1353,1379,2993,3546,5072,1158,143,44,True
2309607,Pacajus,CE,Ceará,2301,Fortaleza,230001,Fortaleza,70968,34372,36596,2196,2113,5741,6177,5677,6373,5135,5485,7344,8544,11150,4431,736,191,True
2309706,Pacatuba,CE,Ceará,2301,Fortaleza,230001,Fortaleza,81508,39479,42029,2381,2357,6826,7095,6945,7591,5431,5828,7663,9322,11682,5221,768,133,True
2309805,Pacoti,CE,Ceará,2301,Fortaleza,230003,Redenção-Acarape,11171,5602,5569,327,307,839,850,844,818,727,692,1423,1549,2223,615,85,25,True
2309904,Pacujá,CE,Ceará,2306,Sobral,230015,Sobral,6175,2964,3211,181,199,411,408,451,446,403,429,824,1031,1332,329,38,7,True
2310001,Palhano,CE,Ceará,2302,Quixadá,230007,Russas - Limoeiro do Norte,9346,4672,4674,255,274,623,568,766,731,708,687,1296,1435,1930,531,67,15,True
2310100,Palmácia,CE,Ceará,2301,Fortaleza,230001,Fortaleza,10227,5118,5109,298,289,789,786,795,764,696,652,1402,1478,2239,559,101,32,True
2310209,Paracuru,CE,Ceará,2301,Fortaleza,230001,Fortaleza,38929,19201,19728,1188,1126,2985,2979,2930,3077,2780,2920,4606,5085,6156,1772,328,125,True
2310258,Paraipaba,CE,Ceará,2301,Fortaleza,230001,Fortaleza,32210,16029,16181,966,918,2631,2670,2387,2522,2311,2248,3839,4026,5858,1584,272,73,True
2310308,Parambu,CE,Ceará,2305,Crateús,230014,Tauá,31418,15410,16008,1093,980,2331,2356,1968,2216,1919,2117,4434,4965,7427,1089,81,33,True
2310407,Paramoti,CE,Ceará,2301,Fortaleza,230004,Canindé,10354,5233,5121,334,331,867,780,695,718,701,677,1469,1507,2423,421,50,10,True
2310506,Pedra Branca,CE,Ceará,2302,Quixadá,230006,Quixadá,40173,19826,20347,1304,1239,3071,3111,2703,2910,2633,2724,5771,6197,9265,1728,212,63,True
2310605,Penaforte,CE,Ceará,2304,Juazeiro do Norte,230012,Brejo Santo,8969,4396,4573,263,302,753,715,623,651,579,617,986,1147,1639,421,73,15,True
2310704,Pentecoste,CE,Ceará,2301,Fortaleza,230005,Itapagé,37813,18794,19019,1121,1086,3094,3070,2833,2881,2529,2541,4726,5099,7294,1638,309,87,True
2310803,Pereiro,CE,Ceará,2302,Quixadá,230007,Russas - Limoeiro do Norte,15268,7521,7747,478,431,1122,1201,1082,1103,983,993,2147,2356,3412,552,76,23,True
2310852,Pindoretama,CE,Ceará,2301,Fortaleza,230001,Fortaleza,23391,11498,11893,652,630,1779,1799,1716,1903,1699,1757,2931,3188,3639,1256,192,59,True
2310902,Piquet Carneiro,CE,Ceará,2303,Iguatu,230009,Iguatu,16606,8261,8345,493,471,1215,1223,1262,1277,1160,1162,2518,2629,3448,651,92,18,True
2310951,Pires Ferreira,CE,Ceará,2306,Sobral,230016,São Benedito - Ipu - Guaraciaba do Norte - Tianguá,10606,5485,5121,359,373,964,815,669,664,726,679,1566,1507,2329,322,35,9,True
2311009,Poranga,CE,Ceará,2305,Crateús,230013,Crateús,12050,6056,5994,394,360,841,837,823,868,853,774,1613,1745,2699,447,67,14,True
2311108,Porteiras,CE,Ceará,2304,Juazeiro do Norte,230012,Brejo Santo,17002,8484,8518,581,485,1329,1251,1305,1318,1125,1147,2019,2299,3251,614,97,24,True
2311207,Potengi,CE,Ceará,2304,Juazeiro do Norte,230011,Juazeiro do Norte,8828,4301,4527,334,289,581,607,587,626,529,573,1172,1341,2216,386,65,20,True
2311231,Potiretama,CE,Ceará,2302,Quixadá,230007,Russas - Limoeiro do Norte,5962,3032,2930,192,193,471,452,420,413,452,431,822,822,1288,287,38,6,True
2311264,Quiterianópolis,CE,Ceará,2305,Crateús,230013,Crateús,20213,10034,10179,643,613,1457,1352,1364,1471,1391,1476,2885,3076,4596,720,65,23,True
2311306,Quixadá,CE,Ceará,2302,Quixadá,230006,Quixadá,84125,40901,43224,2664,2533,7079,7215,6044,6558,5004,5632,9792,11438,15458,4495,938,345,True
2311355,Quixelô,CE,Ceará,2303,Iguatu,230009,Iguatu,15910,8084,7826,436,379,1036,1000,1091,1091,1189,1127,2655,2693,3734,694,54,14,True
2311405,Quixeramobim,CE,Ceará,2302,Quixadá,230006,Quixadá,82093,40413,41680,2581,2493,7079,7161,5995,6199,5006,5383,10181,11337,14662,3711,574,220,True
2311504,Quixeré,CE,Ceará,2302,Quixadá,230007,Russas - Limoeiro do Norte,20861,10213,10648,614,559,1604,1736,1736,1791,1392,1439,2553,2881,4428,997,126,17,True
2311603,Redenção,CE,Ceará,2301,Fortaleza,230003,Redenção-Acarape,27201,13239,13962,825,794,2173,2175,1855,2135,1714,1816,3452,3893,5480,1404,202,53,True
2311702,Reriutaba,CE,Ceará,2306,Sobral,230015,Sobral,18606,9416,9190,637,568,1397,1319,1343,1273,1242,1182,2558,2762,4133,748,148,51,True
2311801,Russas,CE,Ceará,2302,Quixadá,230007,Russas - Limoeiro do Norte,72914,35437,37477,2075,1970,5740,5762,5909,6264,5135,5626,8669,10430,13478,5158,921,285,True
2311900,Saboeiro,CE,Ceará,2303,Iguatu,230009,Iguatu,13854,6922,6932,456,398,958,933,920,924,895,896,2098,2216,3622,617,71,18,True
2311959,Salitre,CE,Ceará,2304,Juazeiro do Norte,230011,Juazeiro do Norte,16598,8353,8245,604,599,1419,1346,1264,1226,989,996,1752,1897,3177,514,45,9,True
2312205,Santa Quitéria,CE,Ceará,2306,Sobral,230015,Sobral,40142,19967,20175,1298,1214,3127,3024,2840,2922,2631,2694,5577,5972,9212,1685,256,101,True
2312007,Santana do Acaraú,CE,Ceará,2306,Sobral,230015,Sobral,30618,15534,15084,1087,1057,2679,2523,2385,2332,2092,1908,3596,3774,5398,884,170,55,True
2312106,Santana do Cariri,CE,Ceará,2304,Juazeiro do Norte,230011,Juazeiro do Norte,16927,8506,8421,584,514,1341,1233,1192,1238,1059,1102,2112,2275,3565,598,90,37,True
2312304,São Benedito,CE,Ceará,2306,Sobral,230016,São Benedito - Ipu - Guaraciaba do Norte - Tianguá,47576,23693,23883,1522,1429,3629,3643,3513,3650,3107,3138,5514,6062,9063,2080,407,145,True
2312403,São Gonçalo do Amarante,CE,Ceará,2301,Fortaleza,230001,Fortaleza,54131,26758,27373,1685,1641,4448,4546,4351,4582,3825,4009,5699,6058,8187,2602,401,114,True
2312502,São João do Jaguaribe,CE,Ceará,2302,Quixadá,230007,Russas - Limoeiro do Norte,5855,2805,3050,137,135,316,346,311,387,429,460,1100,1247,1859,538,96,23,True
2312601,São Luís do Curu,CE,Ceará,2301,Fortaleza,230001,Fortaleza,10818,5224,5594,275,288,773,824,773,824,722,767,1469,1623,2626,616,81,27,True
2312700,Senador Pompeu,CE,Ceará,2302,Quixadá,230006,Quixadá,24251,11834,12417,689,693,1752,1801,1679,1752,1475,1627,3638,4034,5969,1383,225,78,True
2312809,Senador Sá,CE,Ceará,2306,Sobral,230015,Sobral,7246,3627,3619,249,232,608,596,612,564,410,480,847,861,1405,303,38,10,True
2312908,Sobral,CE,Ceará,2306,Sobral,230015,Sobral,201575,96571,105004,5955,5792,17798,18814,16860,18394,13098,14754,20036,25202,30165,12659,3614,1773,True
2313005,Solonópole,CE,Ceará,2302,Quixadá,230006,Quixadá,18179,9135,9044,531,498,1347,1277,1237,1350,1327,1234,2876,2968,4122,887,86,46,True
2313104,Tabuleiro do Norte,CE,Ceará,2302,Quixadá,230007,Russas - Limoeiro do Norte,30637,14592,16045,813,836,2191,2315,2078,2335,2136,2376,4243,5043,6017,2063,423,140,True
2313203,Tamboril,CE,Ceará,2305,Crateús,230013,Crateús,24761,12320,12441,782,745,1767,1683,1701,1704,1620,1650,3547,3843,5466,985,109,31,True
2313252,Tarrafas,CE,Ceará,2304,Juazeiro do Norte,230011,Juazeiro do Norte,7529,3740,3789,243,228,542,527,499,526,426,488,1205,1219,1958,391,53,9,True
2313302,Tauá,CE,Ceará,2305,Crateús,230014,Tauá,61219,29959,31260,1896,1754,4612,4850,4155,4533,3990,4162,8613,9617,12265,2594,443,188,True
2313351,Tejuçuoca,CE,Ceará,2301,Fortaleza,230005,Itapagé,17150,8723,8427,588,544,1406,1358,1313,1351,1111,1055,2033,1958,3343,681,82,28,True
2313401,Tianguá,CE,Ceará,2306,Sobral,230016,São Benedito - Ipu - Guaraciaba do Norte - Tianguá,81484,40421,41063,2615,2547,7300,7414,6658,6844,5230,5313,7964,8785,13090,3594,674,329,True
2313500,Trairi,CE,Ceará,2301,Fortaleza,230002,Itapipoca,58395,29479,28916,1920,1827,4644,4704,4539,4366,3919,3752,6781,6930,10413,1922,312,76,True
2313559,Tururu,CE,Ceará,2301,Fortaleza,230002,Itapipoca,15383,7739,7644,490,492,1281,1179,1145,1174,1000,977,1851,1941,2955,497,58,11,True
2313609,Ubajara,CE,Ceará,2306,Sobral,230016,São Benedito - Ipu - Guaraciaba do Norte - Tianguá,32747,16182,16565,1090,1063,2501,2500,2439,2582,2232,2219,3676,4058,6379,1722,306,147,True
2313708,Umari,CE,Ceará,2303,Iguatu,230010,Icó,6871,3470,3401,235,186,485,474,502,457,502,481,1006,1144,1734,288,34,17,True
2313757,Umirim,CE,Ceará,2301,Fortaleza,230002,Itapipoca,17470,8854,8616,553,517,1503,1411,1327,1328,1130,1089,1998,2110,3733,648,83,24,True
2313807,Uruburetama,CE,Ceará,2301,Fortaleza,230002,Itapipoca,20188,10033,10155,654,663,1749,1717,1576,1615,1281,1333,2159,2306,3869,932,112,33,True
2313906,Uruoca,CE,Ceará,2306,Sobral,230015,Sobral,13744,6947,6797,452,427,1228,1152,1037,1076,958,903,1632,1598,2850,478,38,14,True
2313955,Varjota,CE,Ceará,2306,Sobral,230015,Sobral,18105,8946,9159,570,535,1409,1424,1302,1370,1177,1167,2325,2509,3566,846,158,54,True
2314003,Várzea Alegre,CE,Ceará,2304,Juazeiro do Norte,230011,Juazeiro do Norte,38960,18965,19995,1219,1166,2899,2847,2738,3006,2468,2786,5532,6256,9093,1772,271,82,True
2314102,Viçosa do Ceará,CE,Ceará,2306,Sobral,230016,São Benedito - Ipu - Guaraciaba do Norte - Tianguá,59709,29944,29765,2053,2023,5195,5107,4508,4462,3856,3711,6469,6951,10673,1970,242,106,True
2400109,Acari,RN,Rio Grande do Norte,2402,Caicó,240008,Currais Novos,10597,5111,5486,273,266,722,744,747,818,811,807,1563,1886,2063,854,176,72,True
2400307,Afonso Bezerra,RN,Rio Grande do Norte,2403,Mossoró,240011,Açu,10839,5456,5383,365,344,914,825,789,775,716,699,1452,1551,2164,548,86,19,True
2400406,Água Nova,RN,Rio Grande do Norte,2403,Mossoró,240010,Pau dos Ferros,2946,1442,1504,95,83,228,242,219,229,231,202,361,415,568,149,20,1,True
2400505,Alexandria,RN,Rio Grande do Norte,2403,Mossoró,240010,Pau dos Ferros,13628,6656,6972,415,404,957,930,917,955,959,1027,1997,2358,2849,740,135,53,True
2400604,Almino Afonso,RN,Rio Grande do Norte,2403,Mossoró,240010,Pau dos Ferros,4684,2332,2352,155,140,316,309,325,322,346,346,730,785,1040,293,49,12,True
2400703,Alto do Rodrigues,RN,Rio Grande do Norte,2403,Mossoró,240011,Açu,12484,6086,6398,401,370,932,937,896,1068,937,990,1444,1686,1963,1091,276,73,True
2400802,Angicos,RN,Rio Grande do Norte,2403,Mossoró,240011,Açu,11632,5621,6011,350,352,852,865,928,1005,767,754,1567,1847,2020,742,169,51,True
2400901,Antônio Martins,RN,Rio Grande do Norte,2403,Mossoró,240010,Pau dos Ferros,6577,3260,3317,211,212,475,420,428,466,523,519,997,1077,1620,359,43,8,True
2401008,Apodi,RN,Rio Grande do Norte,2403,Mossoró,240009,Mossoró,36091,17806,18285,1016,971,2639,2744,2824,2904,2673,2777,5087,5553,7078,2069,395,111,True
2401107,Areia Branca,RN,Rio Grande do Norte,2403,Mossoró,240009,Mossoró,24093,11657,12436,718,693,1740,1720,1698,1756,1695,1905,3190,3878,4043,2083,646,148,True
2401206,Arez,RN,Rio Grande do Norte,2401,Natal,240003,Canguaretama,13248,6525,6723,408,426,1040,1059,946,1044,887,911,1573,1754,2279,732,153,35,True
2400208,Assú,RN,Rio Grande do Norte,2403,Mossoró,240011,Açu,56492,27468,29024,1776,1699,4271,4487,4369,4769,3978,4240,6807,7993,9128,3783,1010,402,True
2401404,Baía Formosa,RN,Rio Grande do Norte,2401,Natal,240003,Canguaretama,8825,4491,4334,318,280,642,645,642,651,635,643,1197,1146,1366,571,115,19,True
2401453,Baraúna,RN,Rio Grande do Norte,2403,Mossoró,240009,Mossoró,26913,13510,13403,998,915,2287,2288,2172,2174,1978,1976,2822,2920,4938,1201,163,31,True
2401503,Barcelona,RN,Rio Grande do Norte,2401,Natal,240006,São Paulo do Potengi,3986,1970,2016,110,123,319,286,274,284,271,280,607,637,857,220,37,10,True
2401602,Bento Fernandes,RN,Rio Grande do Norte,2401,Natal,240001,Natal,4796,2388,2408,163,173,390,378,367,337,308,321,650,633,956,262,38,6,True
2401651,Bodó,RN,Rio Grande do Norte,2402,Caicó,240008,Currais Novos,2306,1163,1143,92,88,159,134,176,179,150,174,339,342,476,126,26,3,True
2401701,Bom Jesus,RN,Rio Grande do Norte,2401,Natal,240001,Natal,9952,4785,5167,323,378,778,771,684,755,659,729,1232,1397,1973,482,89,23,True
2401800,Brejinho,RN,Rio Grande do Norte,2401,Natal,240001,Natal,12202,5986,6216,420,380,904,927,939,990,852,837,1456,1659,2335,680,121,30,True
2401859,Caiçara do Norte,RN,Rio Grande do Norte,2401,Natal,240005,João Câmara,6293,3217,3076,249,207,494,444,492,457,466,458,696,730,1166,325,58,11,True
2401909,Caiçara do Rio do Vento,RN,Rio Grande do Norte,2401,Natal,240006,São Paulo do Potengi,3268,1643,1625,99,104,253,248,247,241,234,213,414,467,615,181,27,6,True
2402006,Caicó,RN,Rio Grande do Norte,2402,Caicó,240007,Caicó,60757,28758,31999,1618,1649,4394,4403,4582,5134,4229,4913,8247,10378,9410,6122,1894,756,True
2401305,Campo Grande,RN,Rio Grande do Norte,2403,Mossoró,240009,Mossoró,9730,4948,4782,357,323,792,757,765,724,722,683,1362,1405,1868,529,76,31,True
2402105,Campo Redondo,RN,Rio Grande do Norte,2401,Natal,240004,Santa Cruz,10215,5017,5198,308,295,813,782,707,772,668,696,1460,1572,2153,493,59,23,True
2402204,Canguaretama,RN,Rio Grande do Norte,2401,Natal,240003,Canguaretama,29668,14510,15158,1024,1011,2300,2445,2061,2273,1944,1982,3339,3584,5001,1644,324,88,True
2402303,Caraúbas,RN,Rio Grande do Norte,2403,Mossoró,240009,Mossoró,19720,9624,10096,605,585,1469,1367,1481,1598,1322,1444,2821,3266,4095,1170,236,71,True
2402402,Carnaúba dos Dantas,RN,Rio Grande do Norte,2402,Caicó,240008,Currais Novos,7992,3974,4018,242,220,587,604,575,607,599,605,1076,1169,1359,698,130,30,True
2402501,Carnaubais,RN,Rio Grande do Norte,2403,Mossoró,240011,Açu,9714,4885,4829,315,296,722,709,765,768,700,679,1287,1297,1925,544,88,28,True
2402600,Ceará-Mirim,RN,Rio Grande do Norte,2401,Natal,240001,Natal,78069,38225,39842,2677,2507,6112,6327,5897,6343,5328,5468,8407,9827,10424,4333,1020,282,True
2402709,Cerro Corá,RN,Rio Grande do Norte,2402,Caicó,240008,Currais Novos,11000,5372,5628,349,336,763,810,857,879,730,738,1480,1662,2195,607,127,27,True
2402808,Coronel Ezequiel,RN,Rio Grande do Norte,2401,Natal,240004,Santa Cruz,5117,2575,2542,147,142,390,372,407,399,347,334,717,776,1205,263,35,8,True
2402907,Coronel João Pessoa,RN,Rio Grande do Norte,2403,Mossoró,240010,Pau dos Ferros,4237,2134,2103,143,134,337,327,310,308,267,281,615,642,963,236,18,6,True
2403004,Cruzeta,RN,Rio Grande do Norte,2402,Caicó,240007,Caicó,8005,3921,4084,206,214,523,548,595,607,590,558,1260,1385,1596,670,124,26,True
2403103,Currais Novos,RN,Rio Grande do Norte,2402,Caicó,240008,Currais Novos,41310,19721,21589,1118,1078,2899,3015,2915,3150,2981,3205,5721,7206,7388,3440,894,406,True
2403202,Doutor Severiano,RN,Rio Grande do Norte,2403,Mossoró,240010,Pau dos Ferros,7044,3405,3639,229,233,443,483,566,546,471,509,948,1121,1228,324,56,11,True
2403301,Encanto,RN,Rio Grande do Norte,2403,Mossoró,240010,Pau dos Ferros,6016,2966,3050,175,168,446,419,460,476,368,423,822,922,1019,378,35,12,True
2403400,Equador,RN,Rio Grande do Norte,2402,Caicó,240007,Caicó,5360,2619,2741,161,145,414,415,382,385,375,382,727,828,1297,315,35,13,True
2403509,Espírito Santo,RN,Rio Grande do Norte,2401,Natal,240003,Canguaretama,10620,5394,5226,361,349,884,809,766,752,689,725,1371,1444,2147,462,65,22,True
2403608,Extremoz,RN,Rio Grande do Norte,2401,Natal,240001,Natal,61631,30054,31577,1909,1746,4555,5292,5815,6260,4415,4520,5307,6103,3720,1811,443,162,True
2403707,Felipe Guerra,RN,Rio Grande do Norte,2403,Mossoró,240009,Mossoró,5944,2937,3007,169,148,413,382,445,439,438,468,916,1050,1142,359,75,15,True
2403756,Fernando Pedroza,RN,Rio Grande do Norte,2403,Mossoró,240011,Açu,2938,1516,1422,82,75,224,190,243,241,187,184,430,451,548,154,26,5,True
2403806,Florânia,RN,Rio Grande do Norte,2402,Caicó,240008,Currais Novos,10196,5095,5101,300,264,734,734,786,799,752,716,1501,1577,1695,605,110,42,True
2403905,Francisco Dantas,RN,Rio Grande do Norte,2403,Mossoró,240010,Pau dos Ferros,2700,1346,1354,80,83,196,159,193,192,215,207,411,449,581,184,25,7,True
2404002,Frutuoso Gomes,RN,Rio Grande do Norte,2403,Mossoró,240010,Pau dos Ferros,4122,2028,2094,115,124,269,273,283,286,289,311,631,691,967,238,32,5,True
2404101,Galinhos,RN,Rio Grande do Norte,2401,Natal,240005,João Câmara,2104,1070,1034,65,69,174,158,174,167,150,136,237,245,343,128,25,6,True
2404200,Goianinha,RN,Rio Grande do Norte,2401,Natal,240003,Canguaretama,26741,13109,13632,959,918,2158,2288,2038,2226,1759,1826,2742,2975,3387,1428,288,94,True
2404309,Governador Dix-Sept Rosado,RN,Rio Grande do Norte,2403,Mossoró,240009,Mossoró,11928,5998,5930,384,345,910,859,892,869,801,820,1755,1792,2374,724,119,29,True
2404408,Grossos,RN,Rio Grande do Norte,2403,Mossoró,240009,Mossoró,9924,4906,5018,302,285,708,702,832,871,661,695,1378,1487,1767,730,129,28,True
2404507,Guamaré,RN,Rio Grande do Norte,2403,Mossoró,240011,Açu,15295,7507,7788,533,495,1183,1219,1197,1315,1078,1126,1525,1673,1799,913,281,71,True
2404606,Ielmo Marinho,RN,Rio Grande do Norte,2401,Natal,240001,Natal,11615,5940,5675,439,398,965,884,821,861,837,777,1468,1401,2552,462,42,16,True
2404705,Ipanguaçu,RN,Rio Grande do Norte,2403,Mossoró,240011,Açu,14131,6980,7151,523,542,1079,1072,1119,1111,1018,1032,1635,1768,2646,763,127,36,True
2404804,Ipueira,RN,Rio Grande do Norte,2402,Caicó,240007,Caicó,2035,995,1040,62,47,129,133,127,147,120,150,351,387,399,189,39,6,True
2404853,Itajá,RN,Rio Grande do Norte,2403,Mossoró,240011,Açu,7292,3653,3639,281,273,549,514,576,596,519,579,860,900,1240,480,73,22,True
2404903,Itaú,RN,Rio Grande do Norte,2403,Mossoró,240009,Mossoró,5320,2581,2739,164,151,354,363,352,369,372,410,817,914,1192,316,65,16,True
2405009,Jaçanã,RN,Rio Grande do Norte,2401,Natal,240004,Santa Cruz,7834,3887,3947,248,215,626,598,580,578,527,573,1051,1205,1749,416,59,17,True
2405108,Jandaíra,RN,Rio Grande do Norte,2401,Natal,240005,João Câmara,6551,3303,3248,252,229,562,488,520,523,446,459,728,766,1314,324,49,5,True
2405207,Janduís,RN,Rio Grande do Norte,2403,Mossoró,240009,Mossoró,4740,2363,2377,162,154,329,310,340,316,330,339,691,769,1057,341,54,10,True
2405306,Januário Cicco,RN,Rio Grande do Norte,2401,Natal,240002,Santo Antônio - Passa e Fica - Nova Cruz,9051,4661,4390,313,296,751,680,662,674,673,553,1163,1191,1868,334,44,10,True
2405405,Japi,RN,Rio Grande do Norte,2401,Natal,240004,Santa Cruz,5117,2526,2591,162,187,415,363,399,398,312,297,619,742,1252,220,28,7,True
2405504,Jardim de Angicos,RN,Rio Grande do Norte,2401,Natal,240005,João Câmara,2437,1232,1205,95,71,160,173,184,174,145,152,341,346,559,113,18,3,True
2405603,Jardim de Piranhas,RN,Rio Grande do Norte,2402,Caicó,240007,Caicó,13977,6969,7008,398,417,1102,1068,1054,1113,1071,1031,1784,1955,2511,940,133,27,True
2405702,Jardim do Seridó,RN,Rio Grande do Norte,2402,Caicó,240007,Caicó,11655,5619,6036,289,271,790,771,793,861,838,876,2047,2358,2384,1149,194,64,True
2405801,João Câmara,RN,Rio Grande do Norte,2401,Natal,240005,João Câmara,33290,16572,16718,1183,1104,2843,2836,2630,2725,2227,2224,3360,3954,5943,1805,349,106,True
2405900,João Dias,RN,Rio Grande do Norte,2403,Mossoró,240010,Pau dos Ferros,2076,1033,1043,66,56,156,161,159,146,148,156,276,305,489,78,4,3,True
2406007,José da Penha,RN,Rio Grande do Norte,2403,Mossoró,240010,Pau dos Ferros,5803,2835,2968,158,167,455,400,381,412,412,387,870,1078,1298,421,56,11,True
2406106,Jucurutu,RN,Rio Grande do Norte,2402,Caicó,240007,Caicó,17793,8819,8974,528,482,1265,1197,1417,1475,1335,1325,2462,2803,3785,1144,149,41,True
2406155,Jundiá,RN,Rio Grande do Norte,2401,Natal,240001,Natal,3739,1902,1837,135,128,309,283,317,271,223,230,489,489,762,202,15,5,True
2406205,Lagoa d'Anta,RN,Rio Grande do Norte,2401,Natal,240002,Santo Antônio - Passa e Fica - Nova Cruz,6654,3360,3294,230,241,548,529,535,514,432,417,738,819,1230,327,61,13,True
2406304,Lagoa de Pedras,RN,Rio Grande do Norte,2401,Natal,240002,Santo Antônio - Passa e Fica - Nova Cruz,7338,3671,3667,256,258,629,585,562,512,503,503,870,978,1540,300,32,9,True
2406403,Lagoa de Velhos,RN,Rio Grande do Norte,2401,Natal,240006,São Paulo do Potengi,2567,1309,1258,104,68,198,185,203,187,184,180,308,374,549,161,16,2,True
2406502,Lagoa Nova,RN,Rio Grande do Norte,2402,Caicó,240008,Currais Novos,15573,7612,7961,533,507,1148,1208,1201,1296,1040,1065,1877,2086,2753,587,104,19,True
2406601,Lagoa Salgada,RN,Rio Grande do Norte,2401,Natal,240001,Natal,8319,4139,4180,290,287,672,690,609,629,552,516,1014,1051,1554,332,33,11,True
2406700,Lajes,RN,Rio Grande do Norte,2403,Mossoró,240011,Açu,9866,4856,5010,333,294,771,770,739,745,651,674,1325,1519,2023,594,104,31,True
2406809,Lajes Pintadas,RN,Rio Grande do Norte,2401,Natal,240004,Santa Cruz,4787,2370,2417,150,141,355,343,378,384,301,336,704,720,920,275,37,9,True
2406908,Lucrécia,RN,Rio Grande do Norte,2403,Mossoró,240010,Pau dos Ferros,3490,1724,1766,116,100,251,244,247,272,266,268,483,542,785,199,48,15,True
2407005,Luís Gomes,RN,Rio Grande do Norte,2403,Mossoró,240010,Pau dos Ferros,9070,4509,4561,304,297,636,620,638,645,604,601,1227,1373,1995,433,78,22,True
2407104,Macaíba,RN,Rio Grande do Norte,2401,Natal,240001,Natal,82249,40266,41983,2567,2518,6094,6543,6625,7030,5824,6167,8951,10102,12782,4684,876,265,True
2407203,Macau,RN,Rio Grande do Norte,2403,Mossoró,240011,Açu,27369,13273,14096,810,761,1889,1922,1964,2030,1959,2146,3797,4448,4725,2509,693,212,True
2407252,Major Sales,RN,Rio Grande do Norte,2403,Mossoró,240010,Pau dos Ferros,3924,1944,1980,130,116,266,249,325,285,236,276,530,607,748,210,21,6,True
2407302,Marcelino Vieira,RN,Rio Grande do Norte,2403,Mossoró,240010,Pau dos Ferros,7896,3883,4013,247,234,608,560,617,629,507,500,1102,1326,1807,394,67,17,True
2407401,Martins,RN,Rio Grande do Norte,2403,Mossoró,240010,Pau dos Ferros,8179,3991,4188,235,238,519,516,587,592,589,584,1261,1467,1639,467,65,31,True
2407500,Maxaranguape,RN,Rio Grande do Norte,2401,Natal,240001,Natal,10245,5144,5101,374,363,837,798,749,750,711,671,1192,1268,1766,580,101,40,True
2407609,Messias Targino,RN,Rio Grande do Norte,2403,Mossoró,240009,Mossoró,4274,2088,2186,123,141,365,336,291,324,309,304,544,638,761,324,53,17,True
2407708,Montanhas,RN,Rio Grande do Norte,2401,Natal,240003,Canguaretama,11444,5620,5824,377,352,872,910,789,854,744,758,1431,1569,2312,496,101,18,True
2407807,Monte Alegre,RN,Rio Grande do Norte,2401,Natal,240001,Natal,23031,11371,11660,789,759,1952,1902,1694,1791,1501,1558,2673,2953,3864,1013,167,53,True
2407906,Monte das Gameleiras,RN,Rio Grande do Norte,2401,Natal,240002,Santo Antônio - Passa e Fica - Nova Cruz,2276,1138,1138,61,53,192,183,168,183,157,149,291,333,462,132,23,6,True
2408003,Mossoró,RN,Rio Grande do Norte,2403,Mossoró,240009,Mossoró,263729,125769,137960,7633,7292,19683,20928,21071,23161,18945,20944,30301,39124,33758,24325,8461,4307,True
2408102,Natal,RN,Rio Grande do Norte,2401,Natal,240001,Natal,750895,349126,401769,20288,20018,57258,59001,54725,61993,49895,59150,92717,130667,93379,74259,32263,28972,True
2408201,Nísia Floresta,RN,Rio Grande do Norte,2401,Natal,240001,Natal,29575,14846,14729,945,939,2346,2363,2242,2244,2004,2050,3542,3668,4236,1309,312,107,True
2408300,Nova Cruz,RN,Rio Grande do Norte,2401,Natal,240002,Santo Antônio - Passa e Fica - Nova Cruz,34269,16711,17558,1177,1076,2658,2699,2571,2684,2239,2430,4200,4910,6958,1870,394,123,True
2408409,Olho d'Água do Borges,RN,Rio Grande do Norte,2403,Mossoró,240010,Pau dos Ferros,3905,1934,1971,118,106,292,248,279,260,289,284,635,737,929,231,32,9,True
2408508,Ouro Branco,RN,Rio Grande do Norte,2402,Caicó,240007,Caicó,4913,2451,2462,137,112,316,290,372,364,342,335,793,877,919,356,64,11,True
2408607,Paraná,RN,Rio Grande do Norte,2403,Mossoró,240010,Pau dos Ferros,3934,2064,1870,122,112,286,240,308,282,283,270,590,587,826,162,13,4,True
2408706,Paraú,RN,Rio Grande do Norte,2403,Mossoró,240011,Açu,3579,1793,1786,113,105,265,238,250,251,255,266,573,616,722,298,39,12,True
2408805,Parazinho,RN,Rio Grande do Norte,2401,Natal,240005,João Câmara,4801,2381,2420,186,181,384,423,393,377,310,291,525,557,881,239,32,6,True
2408904,Parelhas,RN,Rio Grande do Norte,2402,Caicó,240007,Caicó,21498,10377,11121,584,586,1493,1575,1725,1827,1443,1520,2802,3276,3951,1609,306,101,True
2403251,Parnamirim,RN,Rio Grande do Norte,2401,Natal,240001,Natal,252605,119085,133520,6962,6714,19714,21195,20542,23541,18101,21724,27620,34891,22264,19381,10607,6535,True
2409100,Passa e Fica,RN,Rio Grande do Norte,2401,Natal,240002,Santo Antônio - Passa e Fica - Nova Cruz,10896,5343,5553,328,305,833,814,837,892,750,774,1344,1562,2266,606,80,20,True
2409209,Passagem,RN,Rio Grande do Norte,2401,Natal,240002,Santo Antônio - Passa e Fica - Nova Cruz,3115,1559,1556,100,100,241,226,225,232,240,234,428,426,632,172,16,2,True
2409308,Patu,RN,Rio Grande do Norte,2403,Mossoró,240010,Pau dos Ferros,11007,5312,5695,351,337,831,830,725,781,763,891,1506,1768,2533,690,136,39,True
2409407,Pau dos Ferros,RN,Rio Grande do Norte,2403,Mossoró,240010,Pau dos Ferros,30479,14689,15790,909,845,2567,2529,2531,2567,2080,2276,3575,4540,4554,2280,698,301,True
2409506,Pedra Grande,RN,Rio Grande do Norte,2401,Natal,240005,João Câmara,3618,1829,1789,138,142,290,279,280,268,253,254,393,417,685,144,27,5,True
2409605,Pedra Preta,RN,Rio Grande do Norte,2401,Natal,240005,João Câmara,2441,1255,1186,69,75,206,186,190,174,147,156,362,341,490,118,18,5,True
2409704,Pedro Avelino,RN,Rio Grande do Norte,2401,Natal,240005,João Câmara,6242,3199,3043,175,198,517,449,456,434,414,374,895,906,1373,428,72,30,True
2409803,Pedro Velho,RN,Rio Grande do Norte,2401,Natal,240003,Canguaretama,13824,6866,6958,465,435,997,1012,1052,1061,848,883,1729,1902,2653,681,121,34,True
2409902,Pendências,RN,Rio Grande do Norte,2403,Mossoró,240011,Açu,12278,5975,6303,435,418,860,915,918,949,862,908,1548,1837,2388,887,186,52,True
2410009,Pilões,RN,Rio Grande do Norte,2403,Mossoró,240010,Pau dos Ferros,2965,1476,1489,98,80,201,184,201,226,240,216,449,503,670,217,31,10,True
2410108,Poço Branco,RN,Rio Grande do Norte,2401,Natal,240001,Natal,12390,6295,6095,474,465,1065,944,928,1046,893,768,1478,1504,2352,675,117,40,True
2410207,Portalegre,RN,Rio Grande do Norte,2403,Mossoró,240010,Pau dos Ferros,7601,3688,3913,207,207,499,504,557,563,490,498,1143,1349,1488,471,74,23,True
2410256,Porto do Mangue,RN,Rio Grande do Norte,2403,Mossoró,240011,Açu,5220,2663,2557,205,150,447,410,382,363,349,360,625,651,1093,243,40,12,True
2410405,Pureza,RN,Rio Grande do Norte,2401,Natal,240001,Natal,9362,4742,4620,331,336,756,734,701,658,611,574,1138,1124,1629,305,44,3,True
2410504,Rafael Fernandes,RN,Rio Grande do Norte,2403,Mossoró,240010,Pau dos Ferros,5432,2751,2681,185,151,424,393,440,426,344,374,783,821,937,330,49,8,True
2410603,Rafael Godeiro,RN,Rio Grande do Norte,2403,Mossoró,240010,Pau dos Ferros,2934,1460,1474,91,113,188,179,173,198,206,221,501,485,733,174,31,5,True
2410702,Riacho da Cruz,RN,Rio Grande do Norte,2403,Mossoró,240010,Pau dos Ferros,2701,1343,1358,103,88,191,184,203,183,175,209,383,406,700,156,24,4,True
2410801,Riacho de Santana,RN,Rio Grande do Norte,2403,Mossoró,240010,Pau dos Ferros,4127,2098,2029,162,134,254,259,315,290,280,276,645,698,938,241,21,4,True
2410900,Riachuelo,RN,Rio Grande do Norte,2401,Natal,240006,São Paulo do Potengi,7389,3711,3678,290,281,652,633,561,543,474,482,901,957,1387,348,54,20,True
2408953,Rio do Fogo,RN,Rio Grande do Norte,2401,Natal,240001,Natal,10351,5176,5175,394,348,852,814,766,738,727,747,1129,1209,1863,464,88,24,True
2411007,Rodolfo Fernandes,RN,Rio Grande do Norte,2403,Mossoró,240009,Mossoró,4242,2090,2152,151,131,325,289,273,276,318,318,616,705,905,269,43,6,True
2411106,Ruy Barbosa,RN,Rio Grande do Norte,2401,Natal,240006,São Paulo do Potengi,3206,1641,1565,115,105,272,253,205,205,236,209,482,456,707,192,35,3,True
2411205,Santa Cruz,RN,Rio Grande do Norte,2401,Natal,240004,Santa Cruz,37313,17806,19507,1144,1126,2896,3060,2825,3226,2424,2607,4232,5233,6553,2102,551,188,True
2409332,Santa Maria,RN,Rio Grande do Norte,2401,Natal,240006,São Paulo do Potengi,4847,2447,2400,189,172,392,373,344,371,339,306,603,639,973,215,34,7,True
2411403,Santana do Matos,RN,Rio Grande do Norte,2403,Mossoró,240011,Açu,12456,6229,6227,344,298,807,753,913,954,898,875,2042,2171,3101,615,76,27,True
2411429,Santana do Seridó,RN,Rio Grande do Norte,2402,Caicó,240007,Caicó,2696,1353,1343,71,79,176,182,208,215,191,188,425,410,455,226,37,2,True
2411502,Santo Antônio,RN,Rio Grande do Norte,2401,Natal,240002,Santo Antônio - Passa e Fica - Nova Cruz,22177,11064,11113,799,697,1794,1753,1707,1663,1535,1612,2760,3068,4643,1194,221,60,True
2411601,São Bento do Norte,RN,Rio Grande do Norte,2401,Natal,240005,João Câmara,3304,1704,1600,131,109,267,224,257,271,212,208,433,399,594,135,16,7,True
2411700,São Bento do Trairí,RN,Rio Grande do Norte,2401,Natal,240004,Santa Cruz,3792,1831,1961,119,116,283,284,290,331,234,233,501,566,733,169,25,6,True
2411809,São Fernando,RN,Rio Grande do Norte,2402,Caicó,240007,Caicó,3492,1747,1745,100,87,239,244,248,257,225,256,614,606,691,203,41,12,True
2411908,São Francisco do Oeste,RN,Rio Grande do Norte,2403,Mossoró,240010,Pau dos Ferros,4161,2058,2103,123,115,299,283,320,326,308,308,594,663,816,272,37,4,True
2412005,São Gonçalo do Amarante,RN,Rio Grande do Norte,2401,Natal,240001,Natal,115826,56246,59580,3477,3279,9031,9542,9984,10952,8565,9268,11203,13412,13829,7646,1383,275,True
2412104,São João do Sabugi,RN,Rio Grande do Norte,2402,Caicó,240007,Caicó,5956,2876,3080,154,164,378,376,446,441,422,414,943,1110,1157,525,100,22,True
2412203,São José de Mipibu,RN,Rio Grande do Norte,2401,Natal,240001,Natal,47274,23248,24026,1655,1508,3576,3732,3772,3942,3152,3306,5172,5820,7232,2108,505,198,True
2412302,São José do Campestre,RN,Rio Grande do Norte,2401,Natal,240002,Santo Antônio - Passa e Fica - Nova Cruz,11121,5482,5639,361,339,884,921,851,850,722,718,1446,1672,2490,630,79,26,True
2412401,São José do Seridó,RN,Rio Grande do Norte,2402,Caicó,240007,Caicó,4558,2258,2300,135,139,320,332,374,367,308,337,654,687,715,388,83,25,True
2412500,São Miguel,RN,Rio Grande do Norte,2403,Mossoró,240010,Pau dos Ferros,23537,11396,12141,843,783,1840,1884,1720,1811,1467,1670,2899,3521,4612,1063,174,50,True
2412559,São Miguel do Gostoso,RN,Rio Grande do Norte,2401,Natal,240001,Natal,10221,5194,5027,364,334,849,849,909,853,687,646,1089,1086,1588,426,70,16,True
2412609,São Paulo do Potengi,RN,Rio Grande do Norte,2401,Natal,240006,São Paulo do Potengi,16786,8160,8626,537,509,1226,1309,1289,1340,1040,1179,2240,2494,3130,959,200,55,True
2412708,São Pedro,RN,Rio Grande do Norte,2401,Natal,240006,São Paulo do Potengi,5776,2855,2921,182,180,446,406,403,408,402,426,776,892,1214,380,61,16,True
2412807,São Rafael,RN,Rio Grande do Norte,2403,Mossoró,240011,Açu,7711,3919,3792,262,208,500,469,610,567,574,562,1244,1300,1702,506,63,12,True
2412906,São Tomé,RN,Rio Grande do Norte,2401,Natal,240006,São Paulo do Potengi,9972,4977,4995,314,284,765,705,711,718,641,651,1526,1680,2318,584,83,16,True
2413003,São Vicente,RN,Rio Grande do Norte,2402,Caicó,240008,Currais Novos,6308,3137,3171,170,171,440,462,470,466,461,484,934,1005,1215,388,64,17,True
2413102,Senador Elói de Souza,RN,Rio Grande do Norte,2401,Natal,240006,São Paulo do Potengi,5960,3009,2951,198,193,466,457,424,405,386,387,821,832,1208,238,22,9,True
2413201,Senador Georgino Avelino,RN,Rio Grande do Norte,2401,Natal,240001,Natal,4061,2016,2045,170,165,303,313,271,310,290,285,425,447,722,207,21,8,True
2410306,Serra Caiada,RN,Rio Grande do Norte,2401,Natal,240002,Santo Antônio - Passa e Fica - Nova Cruz,10116,5079,5037,396,370,851,845,770,718,646,626,1172,1223,1756,353,52,16,True
2413300,Serra de São Bento,RN,Rio Grande do Norte,2401,Natal,240002,Santo Antônio - Passa e Fica - Nova Cruz,5703,2821,2882,176,176,428,407,451,426,357,357,770,854,1177,269,30,8,True
2413359,Serra do Mel,RN,Rio Grande do Norte,2403,Mossoró,240009,Mossoró,13082,6634,6448,441,436,1097,1091,1040,1008,910,876,1457,1390,1985,568,86,19,True
2413409,Serra Negra do Norte,RN,Rio Grande do Norte,2402,Caicó,240007,Caicó,7593,3810,3783,253,236,653,514,544,566,548,560,1074,1238,1439,486,77,23,True
2413508,Serrinha,RN,Rio Grande do Norte,2401,Natal,240002,Santo Antônio - Passa e Fica - Nova Cruz,6436,3276,3160,228,208,550,478,461,455,455,477,874,872,1303,377,44,9,True
2413557,Serrinha dos Pintos,RN,Rio Grande do Norte,2403,Mossoró,240010,Pau dos Ferros,4659,2338,2321,135,146,305,287,311,341,353,332,767,762,1016,238,34,7,True
2413607,Severiano Melo,RN,Rio Grande do Norte,2403,Mossoró,240009,Mossoró,5487,2733,2754,161,140,401,384,413,391,375,403,874,931,1278,321,56,15,True
2413706,Sítio Novo,RN,Rio Grande do Norte,2401,Natal,240004,Santa Cruz,4654,2349,2305,127,133,333,314,372,351,333,337,650,644,1123,231,21,7,True
2413805,Taboleiro Grande,RN,Rio Grande do Norte,2403,Mossoró,240010,Pau dos Ferros,2338,1142,1196,88,65,162,166,177,186,172,198,297,340,546,114,15,8,True
2413904,Taipu,RN,Rio Grande do Norte,2401,Natal,240001,Natal,11422,5779,5643,418,373,920,869,922,867,726,728,1424,1509,2219,584,83,21,True
2414001,Tangará,RN,Rio Grande do Norte,2401,Natal,240004,Santa Cruz,13281,6534,6747,444,408,1028,1079,1021,1043,867,882,1579,1806,2835,656,127,33,True
2414100,Tenente Ananias,RN,Rio Grande do Norte,2403,Mossoró,240010,Pau dos Ferros,10246,5094,5152,311,302,770,703,770,874,712,677,1345,1474,1842,558,84,24,True
2414159,Tenente Laurentino Cruz,RN,Rio Grande do Norte,2402,Caicó,240008,Currais Novos,5891,2917,2974,223,189,404,442,493,486,423,447,624,674,1187,276,37,7,True
2411056,Tibau,RN,Rio Grande do Norte,2403,Mossoró,240009,Mossoró,5382,2735,2647,172,168,443,375,411,433,494,395,665,707,676,247,39,17,True
2414209,Tibau do Sul,RN,Rio Grande do Norte,2401,Natal,240003,Canguaretama,16929,8329,8600,520,499,1376,1478,1515,1583,1278,1319,1645,1744,1884,819,216,78,True
2414308,Timbaúba dos Batistas,RN,Rio Grande do Norte,2402,Caicó,240007,Caicó,2348,1144,1204,64,58,169,164,168,171,155,188,393,430,389,236,35,7,True
2414407,Touros,RN,Rio Grande do Norte,2401,Natal,240001,Natal,33035,16702,16333,1222,1142,2925,2661,2605,2545,2205,2213,3678,3781,5762,1532,299,64,True
2414456,Triunfo Potiguar,RN,Rio Grande do Norte,2403,Mossoró,240011,Açu,3376,1704,1672,126,126,262,231,262,261,236,234,445,433,629,224,26,5,True
2414506,Umarizal,RN,Rio Grande do Norte,2403,Mossoró,240010,Pau dos Ferros,10078,4882,5196,331,272,754,764,766,765,688,765,1472,1731,2250,618,103,33,True
2414605,Upanema,RN,Rio Grande do Norte,2403,Mossoró,240009,Mossoró,13575,6902,6673,410,394,1040,983,1153,1073,1008,959,1762,1765,2723,627,100,18,True
2414704,Várzea,RN,Rio Grande do Norte,2401,Natal,240002,Santo Antônio - Passa e Fica - Nova Cruz,5233,2622,2611,179,156,348,358,382,411,354,332,766,810,1148,307,44,9,True
2414753,Venha-Ver,RN,Rio Grande do Norte,2403,Mossoró,240010,Pau dos Ferros,3014,1510,1504,104,93,227,206,214,222,198,205,434,455,719,164,11,1,True
2414803,Vera Cruz,RN,Rio Grande do Norte,2401,Natal,240001,Natal,10735,5320,5415,409,337,837,880,805,795,676,710,1367,1468,1993,564,79,19,True
2414902,Viçosa,RN,Rio Grande do Norte,2403,Mossoró,240010,Pau dos Ferros,1822,898,924,49,41,133,148,139,134,114,136,255,276,360,90,5,6,True
2415008,Vila Flor,RN,Rio Grande do Norte,2401,Natal,240003,Canguaretama,3174,1606,1568,102,90,273,280,248,278,218,175,342,359,433,192,25,6,True
2500106,Água Branca,PB,Paraíba,2503,Patos,250009,Patos,9335,4621,4714,342,295,687,698,670,687,636,625,1173,1336,1907,459,61,10,True
2500205,Aguiar,PB,Paraíba,2503,Patos,250010,Itaporanga,5003,2498,2505,154,130,325,324,340,354,401,379,735,828,1244,335,40,12,True
2500304,Alagoa Grande,PB,Paraíba,2502,Campina Grande,250005,Campina Grande,26062,12643,13419,829,789,1865,1879,1728,1883,1638,1780,3416,4127,6021,1253,241,68,True
2500403,Alagoa Nova,PB,Paraíba,2502,Campina Grande,250005,Campina Grande,21013,10361,10652,734,640,1576,1567,1507,1584,1375,1417,2506,2894,4132,921,130,37,True
2500502,Alagoinha,PB,Paraíba,2501,João Pessoa,250002,Guarabira,13725,6736,6989,469,428,1055,1075,1002,1004,931,983,1575,1832,2678,723,100,30,True
2500536,Alcantil,PB,Paraíba,2502,Campina Grande,250005,Campina Grande,5578,2792,2786,182,152,434,416,391,418,367,365,700,773,1217,271,35,4,True
2500577,Algodão de Jandaíra,PB,Paraíba,2502,Campina Grande,250005,Campina Grande,2953,1512,1441,103,101,211,210,224,215,199,192,357,356,535,87,9,2,True
2500601,Alhandra,PB,Paraíba,2501,João Pessoa,250001,João Pessoa,21730,10597,11133,702,717,1699,1744,1543,1732,1515,1643,2187,2485,3573,901,100,22,True
2500734,Amparo,PB,Paraíba,2502,Campina Grande,250008,Sumé,2234,1134,1100,75,58,135,153,172,182,167,142,296,298,497,90,5,3,True
2500775,Aparecida,PB,Paraíba,2504,Sousa - Cajazeiras,250014,Sousa,7960,3973,3987,235,212,490,510,548,619,608,540,1187,1278,1686,397,42,18,True
2500809,Araçagi,PB,Paraíba,2501,João Pessoa,250002,Guarabira,16646,8217,8429,505,473,1147,1166,1137,1230,1155,1104,2334,2590,3764,721,79,22,True
2500908,Arara,PB,Paraíba,2501,João Pessoa,250002,Guarabira,12212,5849,6363,374,348,753,817,859,881,761,836,1809,2169,3030,660,85,24,True
2501005,Araruna,PB,Paraíba,2501,João Pessoa,250002,Guarabira,17189,8375,8814,553,572,1213,1258,1235,1255,1165,1146,2180,2506,4037,826,91,35,True
2501104,Areia,PB,Paraíba,2502,Campina Grande,250005,Campina Grande,22633,11024,11609,717,691,1632,1619,1642,1706,1507,1549,2789,3325,4328,1261,306,146,True
2501153,Areia de Baraúnas,PB,Paraíba,2503,Patos,250009,Patos,2005,1022,983,56,53,155,160,165,141,132,120,277,300,331,129,20,4,True
2501203,Areial,PB,Paraíba,2502,Campina Grande,250005,Campina Grande,7128,3441,3687,218,235,463,469,488,520,466,494,932,1139,1434,404,48,9,True
2501302,Aroeiras,PB,Paraíba,2502,Campina Grande,250005,Campina Grande,18705,9267,9438,629,561,1337,1362,1389,1359,1130,1144,2504,2866,4028,767,87,25,True
2501351,Assunção,PB,Paraíba,2502,Campina Grande,250005,Campina Grande,4152,2062,2090,147,125,314,303,281,330,283,296,474,516,780,212,30,9,True
2501401,Baía da Traição,PB,Paraíba,2501,João Pessoa,250003,Mamanguape - Rio Tinto,9213,4581,4632,334,325,706,709,627,700,628,578,910,1019,1572,307,68,19,True
2501500,Bananeiras,PB,Paraíba,2501,João Pessoa,250002,Guarabira,23134,11561,11573,797,754,1749,1612,1738,1716,1636,1595,3009,3354,4173,825,207,89,True
2501534,Baraúna,PB,Paraíba,2502,Campina Grande,250006,Cuité - Nova Floresta,4762,2337,2425,167,159,367,331,306,361,333,315,630,757,1043,154,15,3,True
2501609,Barra de Santa Rosa,PB,Paraíba,2502,Campina Grande,250006,Cuité - Nova Floresta,12904,6552,6352,436,370,901,833,938,919,932,926,1912,2029,3401,532,79,22,True
2501575,Barra de Santana,PB,Paraíba,2502,Campina Grande,250005,Campina Grande,8059,4099,3960,274,220,558,521,583,548,563,541,1211,1299,2002,309,25,4,True
2501708,Barra de São Miguel,PB,Paraíba,2502,Campina Grande,250005,Campina Grande,5906,3016,2890,188,147,432,394,452,453,394,370,850,897,1164,359,34,9,True
2501807,Bayeux,PB,Paraíba,2501,João Pessoa,250001,João Pessoa,82742,39295,43447,2545,2465,6234,6348,5698,6324,5863,6745,9522,12388,17110,7823,1352,261,True
2501906,Belém,PB,Paraíba,2501,João Pessoa,250002,Guarabira,16401,8099,8302,539,455,1218,1179,1146,1179,1179,1243,2171,2591,3965,809,118,43,True
2502003,Belém do Brejo do Cruz,PB,Paraíba,2503,Patos,250011,Catolé do Rocha - São Bento,6268,3103,3165,203,197,472,400,390,459,479,473,883,978,1374,318,39,11,True
2502052,Bernardino Batista,PB,Paraíba,2504,Sousa - Cajazeiras,250014,Sousa,3504,1721,1783,125,122,257,256,252,274,226,215,413,469,604,141,12,3,True
2502102,Boa Ventura,PB,Paraíba,2503,Patos,250010,Itaporanga,5198,2603,2595,190,151,327,327,372,404,369,362,694,757,1008,349,61,13,True
2502151,Boa Vista,PB,Paraíba,2502,Campina Grande,250005,Campina Grande,6377,3171,3206,172,181,482,422,459,496,450,454,856,960,1118,480,87,11,True
2502201,Bom Jesus,PB,Paraíba,2504,Sousa - Cajazeiras,250015,Cajazeiras,2286,1165,1121,68,72,183,145,162,170,177,143,338,356,502,158,18,4,True
2502300,Bom Sucesso,PB,Paraíba,2503,Patos,250011,Catolé do Rocha - São Bento,4661,2310,2351,140,114,297,289,297,275,303,353,855,925,1125,303,38,6,True
2502409,Bonito de Santa Fé,PB,Paraíba,2504,Sousa - Cajazeiras,250015,Cajazeiras,10252,5109,5143,391,379,755,748,730,752,667,676,1247,1325,2032,510,106,33,True
2502508,Boqueirão,PB,Paraíba,2502,Campina Grande,250005,Campina Grande,17598,8690,8908,590,559,1308,1284,1330,1346,1158,1149,2150,2530,3383,1188,175,42,True
2502706,Borborema,PB,Paraíba,2501,João Pessoa,250002,Guarabira,4214,2111,2103,163,150,314,285,251,289,289,302,560,617,1064,234,50,11,True
2502805,Brejo do Cruz,PB,Paraíba,2503,Patos,250011,Catolé do Rocha - São Bento,13613,6616,6997,416,404,1059,1013,1076,1086,886,1001,1721,2006,2545,785,137,39,True
2502904,Brejo dos Santos,PB,Paraíba,2503,Patos,250011,Catolé do Rocha - São Bento,5742,2806,2936,179,181,412,385,399,418,404,418,824,916,1378,333,53,16,True
2503001,Caaporã,PB,Paraíba,2501,João Pessoa,250001,João Pessoa,21189,10274,10915,689,659,1567,1732,1568,1668,1482,1623,2112,2311,3775,1045,176,50,True
2503100,Cabaceiras,PB,Paraíba,2502,Campina Grande,250005,Campina Grande,5335,2658,2677,140,156,333,356,389,394,390,358,776,864,1105,342,41,6,True
2503209,Cabedelo,PB,Paraíba,2501,João Pessoa,250001,João Pessoa,66460,31602,34858,1978,1873,4866,5095,4702,5359,4614,5448,7543,9613,7918,4360,2084,1983,True
2503308,Cachoeira dos Índios,PB,Paraíba,2504,Sousa - Cajazeiras,250015,Cajazeiras,9151,4558,4593,268,281,643,651,712,688,639,579,1242,1400,1853,511,79,18,True
2503407,Cacimba de Areia,PB,Paraíba,2503,Patos,250009,Patos,3291,1651,1640,111,90,184,223,250,263,245,226,446,454,765,197,20,5,True
2503506,Cacimba de Dentro,PB,Paraíba,2501,João Pessoa,250002,Guarabira,16064,7856,8208,537,503,1139,1123,1120,1140,1010,1058,2163,2550,3587,766,86,30,True
2503555,Cacimbas,PB,Paraíba,2503,Patos,250009,Patos,7218,3490,3728,308,297,572,528,431,508,401,397,684,811,1436,251,20,2,True
2503605,Caiçara,PB,Paraíba,2501,João Pessoa,250002,Guarabira,6602,3297,3305,212,217,467,422,475,487,425,471,925,993,1550,416,58,14,True
2503704,Cajazeiras,PB,Paraíba,2504,Sousa - Cajazeiras,250015,Cajazeiras,62950,30234,32716,1838,1739,4810,4975,4919,5293,4446,4847,7415,9457,10404,4436,1302,549,True
2503753,Cajazeirinhas,PB,Paraíba,2503,Patos,250012,Pombal,2740,1383,1357,95,91,152,163,209,202,198,174,393,404,639,117,14,3,True
2503803,Caldas Brandão,PB,Paraíba,2501,João Pessoa,250001,João Pessoa,5753,2789,2964,166,174,428,467,412,426,368,394,734,816,1286,298,33,12,True
2503902,Camalaú,PB,Paraíba,2502,Campina Grande,250007,Monteiro,6085,2966,3119,198,191,381,458,430,422,401,416,873,958,1476,265,21,4,True
2504009,Campina Grande,PB,Paraíba,2502,Campina Grande,250005,Campina Grande,417696,196847,220847,11848,11644,32931,33944,31603,34949,27923,32097,46654,64199,57808,32633,11270,7003,True
2504033,Capim,PB,Paraíba,2501,João Pessoa,250003,Mamanguape - Rio Tinto,6970,3439,3531,240,263,550,598,448,522,504,458,701,767,1085,205,17,5,True
2504074,Caraúbas,PB,Paraíba,2502,Campina Grande,250005,Campina Grande,3944,1989,1955,129,115,303,261,259,289,263,258,622,622,873,254,28,5,True
2504108,Carrapateira,PB,Paraíba,2504,Sousa - Cajazeiras,250015,Cajazeiras,2312,1211,1101,71,80,197,177,207,167,169,159,330,290,414,125,17,3,True
2504157,Casserengue,PB,Paraíba,2501,João Pessoa,250002,Guarabira,6889,3439,3450,239,203,501,482,522,481,460,452,942,1070,1573,216,19,5,True
2504207,Catingueira,PB,Paraíba,2503,Patos,250009,Patos,4491,2236,2255,180,141,310,287,314,332,284,330,599,633,964,248,30,13,True
2504306,Catolé do Rocha,PB,Paraíba,2503,Patos,250011,Catolé do Rocha - São Bento,30504,14763,15741,941,841,2079,2186,2319,2524,2122,2375,3969,4796,5456,1961,386,183,True
2504355,Caturité,PB,Paraíba,2502,Campina Grande,250005,Campina Grande,5254,2595,2659,171,179,402,378,382,406,343,349,668,726,960,279,27,6,True
2504405,Conceição,PB,Paraíba,2503,Patos,250010,Itaporanga,18260,9182,9078,597,551,1298,1216,1388,1421,1323,1275,2437,2715,3748,922,169,59,True
2504504,Condado,PB,Paraíba,2503,Patos,250012,Pombal,6451,3153,3298,216,208,443,368,436,445,418,456,981,1159,1368,412,63,12,True
2504603,Conde,PB,Paraíba,2501,João Pessoa,250001,João Pessoa,27599,13610,13989,873,871,1976,2138,2034,2176,1875,1987,2994,3174,4022,1067,193,85,True
2504702,Congo,PB,Paraíba,2502,Campina Grande,250008,Sumé,4933,2411,2522,172,145,377,352,332,406,359,364,663,749,1140,233,21,7,True
2504801,Coremas,PB,Paraíba,2503,Patos,250009,Patos,14683,7275,7408,478,434,1042,1047,1072,1071,983,1064,1969,2181,3168,768,168,54,True
2504850,Coxixola,PB,Paraíba,2502,Campina Grande,250008,Sumé,1824,945,879,63,42,107,104,132,135,126,118,336,336,430,126,15,7,True
2504900,Cruz do Espírito Santo,PB,Paraíba,2501,João Pessoa,250001,João Pessoa,17095,8489,8606,590,604,1424,1352,1181,1295,1220,1287,1896,2049,3066,704,72,14,True
2505006,Cubati,PB,Paraíba,2502,Campina Grande,250005,Campina Grande,7580,3769,3811,268,266,610,557,545,597,491,473,952,1082,1540,307,44,11,True
2505105,Cuité,PB,Paraíba,2502,Campina Grande,250006,Cuité - Nova Floresta,19719,9591,10128,549,524,1445,1414,1448,1523,1316,1347,2741,3292,4338,1069,197,88,True
2505238,Cuité de Mamanguape,PB,Paraíba,2501,João Pessoa,250001,João Pessoa,6251,3137,3114,198,182,462,457,452,435,382,401,843,920,1326,279,21,8,True
2505204,Cuitegi,PB,Paraíba,2501,João Pessoa,250002,Guarabira,6730,3326,3404,227,193,522,545,498,521,429,471,788,864,1423,345,37,14,True
2505279,Curral de Cima,PB,Paraíba,2501,João Pessoa,250003,Mamanguape - Rio Tinto,5254,2648,2606,154,151,420,374,344,376,408,349,726,733,1118,199,21,4,True
2505303,Curral Velho,PB,Paraíba,2503,Patos,250010,Itaporanga,2292,1195,1097,71,65,194,162,159,166,172,169,322,299,458,133,24,8,True
2505352,Damião,PB,Paraíba,2502,Campina Grande,250006,Cuité - Nova Floresta,4982,2501,2481,155,142,336,345,393,400,369,329,648,693,1093,187,20,2,True
2505402,Desterro,PB,Paraíba,2503,Patos,250009,Patos,8067,3910,4157,280,288,588,598,550,585,529,596,995,1167,1750,384,52,13,True
2505600,Diamante,PB,Paraíba,2503,Patos,250010,Itaporanga,6299,3099,3200,195,193,439,439,458,481,473,438,807,925,1243,340,39,8,True
2505709,Dona Inês,PB,Paraíba,2501,João Pessoa,250002,Guarabira,10377,5202,5175,384,322,780,771,765,781,678,642,1332,1428,2421,338,52,5,True
2505808,Duas Estradas,PB,Paraíba,2501,João Pessoa,250002,Guarabira,3327,1628,1699,90,129,260,232,244,224,195,232,459,550,795,175,29,5,True
2505907,Emas,PB,Paraíba,2503,Patos,250009,Patos,3011,1518,1493,120,113,197,196,221,244,252,219,338,405,564,201,12,8,True
2506004,Esperança,PB,Paraíba,2502,Campina Grande,250005,Campina Grande,31231,15138,16093,1013,945,2337,2346,2180,2383,2100,2231,3698,4597,6492,1728,352,98,True
2506103,Fagundes,PB,Paraíba,2502,Campina Grande,250005,Campina Grande,11049,5461,5588,370,356,781,743,795,806,694,688,1455,1654,2555,494,68,11,True
2506202,Frei Martinho,PB,Paraíba,2502,Campina Grande,250006,Cuité - Nova Floresta,2846,1421,1425,92,64,179,171,221,212,208,217,467,500,711,205,14,5,True
2506251,Gado Bravo,PB,Paraíba,2502,Campina Grande,250005,Campina Grande,8179,4045,4134,237,242,613,606,596,575,530,537,1056,1176,1790,277,24,3,True
2506301,Guarabira,PB,Paraíba,2501,João Pessoa,250002,Guarabira,57171,27429,29742,1693,1688,4183,4377,4152,4603,3949,4412,6711,8417,10326,3886,1016,401,True
2506400,Gurinhém,PB,Paraíba,2501,João Pessoa,250001,João Pessoa,13766,6850,6916,423,384,1063,1059,920,962,976,988,1780,1987,2933,641,73,6,True
2506509,Gurjão,PB,Paraíba,2502,Campina Grande,250005,Campina Grande,3242,1605,1637,106,82,223,219,230,231,222,208,468,531,704,174,23,13,True
2506608,Ibiara,PB,Paraíba,2503,Patos,250010,Itaporanga,5631,2790,2841,172,132,375,356,363,395,405,380,835,984,1335,303,40,6,True
2502607,Igaracy,PB,Paraíba,2503,Patos,250010,Itaporanga,5648,2805,2843,172,169,410,359,371,412,366,377,829,934,1173,365,35,12,True
2506707,Imaculada,PB,Paraíba,2503,Patos,250009,Patos,10392,5241,5151,444,405,810,755,759,733,666,674,1214,1315,2261,471,60,12,True
2506806,Ingá,PB,Paraíba,2502,Campina Grande,250005,Campina Grande,17683,8669,9014,537,539,1297,1272,1203,1304,1240,1217,2329,2708,3698,990,150,39,True
2506905,Itabaiana,PB,Paraíba,2501,João Pessoa,250004,Itabaiana,23105,11049,12056,660,625,1528,1617,1624,1713,1669,1720,3104,3911,5467,1399,303,82,True
2507002,Itaporanga,PB,Paraíba,2503,Patos,250010,Itaporanga,23940,11735,12205,787,737,1844,1802,1764,1931,1726,1873,2802,3216,4183,1593,336,112,True
2507101,Itapororoca,PB,Paraíba,2501,João Pessoa,250003,Mamanguape - Rio Tinto,18382,9188,9194,582,588,1430,1392,1378,1357,1261,1308,2258,2405,3655,721,102,26,True
2507200,Itatuba,PB,Paraíba,2502,Campina Grande,250005,Campina Grande,10499,5192,5307,351,317,761,749,737,795,699,669,1303,1507,2137,498,45,17,True
2507309,Jacaraú,PB,Paraíba,2501,João Pessoa,250003,Mamanguape - Rio Tinto,14477,7061,7416,490,472,1020,1024,953,1075,952,998,1913,2191,3116,661,94,16,True
2507408,Jericó,PB,Paraíba,2503,Patos,250011,Catolé do Rocha - São Bento,7516,3676,3840,234,229,528,539,531,515,516,542,1116,1282,1555,426,62,17,True
2507507,João Pessoa,PB,Paraíba,2501,João Pessoa,250001,João Pessoa,830216,385786,444430,23075,22800,61726,66232,63499,72588,56446,67898,92425,129943,86131,63355,30510,26009,True
2513653,Joca Claudino,PB,Paraíba,2504,Sousa - Cajazeiras,250014,Sousa,2539,1244,1295,69,70,175,162,202,211,193,182,347,411,573,151,7,4,True
2507606,Juarez Távora,PB,Paraíba,2501,João Pessoa,250001,João Pessoa,7796,3795,4001,257,249,644,573,563,594,488,550,978,1111,1668,375,44,9,True
2507705,Juazeirinho,PB,Paraíba,2502,Campina Grande,250005,Campina Grande,16997,8372,8625,577,582,1250,1280,1249,1313,1142,1119,1798,2098,3320,837,123,35,True
2507804,Junco do Seridó,PB,Paraíba,2502,Campina Grande,250005,Campina Grande,6793,3363,3430,221,210,483,487,491,504,470,496,929,940,1436,348,26,15,True
2507903,Juripiranga,PB,Paraíba,2501,João Pessoa,250001,João Pessoa,10012,4905,5107,336,302,744,767,710,772,706,718,1139,1349,2204,445,60,11,True
2508000,Juru,PB,Paraíba,2503,Patos,250013,Princesa Isabel,9234,4576,4658,274,292,653,642,674,618,650,653,1274,1431,2053,445,71,8,True
2508109,Lagoa,PB,Paraíba,2503,Patos,250012,Pombal,4415,2168,2247,132,140,278,301,309,294,325,321,654,747,848,244,26,3,True
2508208,Lagoa de Dentro,PB,Paraíba,2501,João Pessoa,250002,Guarabira,7819,3880,3939,251,231,566,538,515,542,495,478,1109,1227,1666,325,48,9,True
2508307,Lagoa Seca,PB,Paraíba,2502,Campina Grande,250005,Campina Grande,27730,13508,14222,895,827,2007,2068,1979,2150,1934,2067,3358,3823,4942,1489,296,140,True
2508406,Lastro,PB,Paraíba,2504,Sousa - Cajazeiras,250014,Sousa,3162,1625,1537,83,85,219,197,233,245,259,197,471,482,533,151,12,5,True
2508505,Livramento,PB,Paraíba,2502,Campina Grande,250008,Sumé,6868,3390,3478,249,232,434,463,482,478,467,460,886,1049,1633,308,29,3,True
2508554,Logradouro,PB,Paraíba,2501,João Pessoa,250002,Guarabira,4797,2375,2422,154,139,305,339,400,399,359,346,559,618,820,199,19,5,True
2508604,Lucena,PB,Paraíba,2501,João Pessoa,250001,João Pessoa,12551,6201,6350,467,409,888,955,820,924,845,923,1444,1579,2126,517,106,41,True
2508703,Mãe d'Água,PB,Paraíba,2503,Patos,250009,Patos,3583,1752,1831,129,112,212,198,233,276,237,249,528,578,910,179,20,3,True
2508802,Malta,PB,Paraíba,2503,Patos,250009,Patos,6046,2932,3114,169,177,446,435,422,430,422,402,816,973,1188,340,49,18,True
2508901,Mamanguape,PB,Paraíba,2501,João Pessoa,250003,Mamanguape - Rio Tinto,44590,21740,22850,1449,1372,3472,3553,3208,3438,2876,3141,4928,5806,7981,2243,559,138,True
2509008,Manaíra,PB,Paraíba,2503,Patos,250013,Princesa Isabel,10434,5223,5211,369,353,742,677,804,777,716,691,1260,1402,2346,441,50,11,True
2509057,Marcação,PB,Paraíba,2501,João Pessoa,250003,Mamanguape - Rio Tinto,8989,4528,4461,332,322,704,697,686,686,496,534,901,905,1524,261,37,6,True
2509107,Mari,PB,Paraíba,2501,João Pessoa,250001,João Pessoa,21437,10477,10960,646,619,1506,1486,1542,1621,1474,1587,2793,3337,4960,828,103,25,True
2509156,Marizópolis,PB,Paraíba,2504,Sousa - Cajazeiras,250014,Sousa,6705,3276,3429,217,210,480,469,480,457,481,513,868,1041,1251,373,54,12,True
2509206,Massaranduba,PB,Paraíba,2502,Campina Grande,250005,Campina Grande,14137,6978,7159,474,437,1087,1130,996,1079,932,994,1778,1966,2802,636,55,17,True
2509305,Mataraca,PB,Paraíba,2501,João Pessoa,250003,Mamanguape - Rio Tinto,8244,4093,4151,275,261,633,635,598,652,532,560,860,879,1440,307,47,8,True
2509339,Matinhas,PB,Paraíba,2502,Campina Grande,250005,Campina Grande,4571,2301,2270,159,137,330,349,321,335,288,282,584,603,838,197,19,0,True
2509370,Mato Grosso,PB,Paraíba,2503,Patos,250011,Catolé do Rocha - São Bento,2543,1271,1272,87,58,173,193,187,196,157,178,386,403,520,162,16,2,True
2509396,Maturéia,PB,Paraíba,2503,Patos,250009,Patos,6433,3081,3352,215,204,505,539,480,534,412,423,675,840,1233,279,39,7,True
2509404,Mogeiro,PB,Paraíba,2501,João Pessoa,250004,Itabaiana,13899,6803,7096,424,425,972,1050,1083,1116,865,933,1742,1922,2861,468,50,15,True
2509503,Montadas,PB,Paraíba,2502,Campina Grande,250005,Campina Grande,5812,2863,2949,189,179,438,401,396,438,408,396,706,827,1053,285,36,4,True
2509602,Monte Horebe,PB,Paraíba,2504,Sousa - Cajazeiras,250015,Cajazeiras,4338,2140,2198,119,140,342,321,292,313,338,278,557,647,899,221,32,7,True
2509701,Monteiro,PB,Paraíba,2502,Campina Grande,250007,Monteiro,32277,15770,16507,1026,965,2246,2323,2170,2437,2226,2375,4373,5034,7296,1614,340,148,True
2509800,Mulungu,PB,Paraíba,2501,João Pessoa,250002,Guarabira,8791,4249,4542,285,263,572,619,622,674,653,658,1137,1312,2128,378,48,14,True
2509909,Natuba,PB,Paraíba,2501,João Pessoa,250004,Itabaiana,8945,4493,4452,320,284,666,614,623,643,615,626,1179,1269,2206,347,45,9,True
2510006,Nazarezinho,PB,Paraíba,2504,Sousa - Cajazeiras,250014,Sousa,7203,3664,3539,228,215,477,459,537,509,569,513,1086,1119,1636,297,37,5,True
2510105,Nova Floresta,PB,Paraíba,2502,Campina Grande,250006,Cuité - Nova Floresta,9724,4662,5062,335,304,704,733,655,728,615,700,1234,1555,2392,524,76,31,True
2510204,Nova Olinda,PB,Paraíba,2503,Patos,250010,Itaporanga,5787,2906,2881,190,185,434,393,435,454,379,383,723,840,1260,292,44,10,True
2510303,Nova Palmeira,PB,Paraíba,2502,Campina Grande,250006,Cuité - Nova Floresta,4259,2122,2137,108,124,293,302,328,292,340,314,641,684,974,274,38,4,True
2510402,Olho d'Água,PB,Paraíba,2503,Patos,250009,Patos,6060,2977,3083,177,195,395,405,441,452,413,405,821,927,1431,261,38,6,True
2510501,Olivedos,PB,Paraíba,2502,Campina Grande,250005,Campina Grande,3580,1808,1772,127,108,259,202,224,257,274,274,563,561,816,150,12,4,True
2510600,Ouro Velho,PB,Paraíba,2502,Campina Grande,250007,Monteiro,2918,1454,1464,73,70,163,169,198,202,221,207,471,524,664,192,26,7,True
2510659,Parari,PB,Paraíba,2502,Campina Grande,250008,Sumé,1720,864,856,51,52,92,86,113,129,138,109,281,309,316,58,7,6,True
2510709,Passagem,PB,Paraíba,2503,Patos,250009,Patos,2463,1215,1248,80,76,156,167,189,193,178,185,312,323,501,112,15,8,True
2510808,Patos,PB,Paraíba,2503,Patos,250009,Patos,102670,48160,54510,3114,3017,7446,8206,7714,8613,7141,8127,11185,15383,16741,7851,2242,1061,True
2510907,Paulista,PB,Paraíba,2503,Patos,250012,Pombal,11834,5824,6010,342,334,859,802,855,944,902,864,1671,1877,2391,720,92,17,True
2511004,Pedra Branca,PB,Paraíba,2503,Patos,250010,Itaporanga,3739,1827,1912,149,119,251,243,268,265,276,292,477,553,759,155,22,1,True
2511103,Pedra Lavrada,PB,Paraíba,2502,Campina Grande,250006,Cuité - Nova Floresta,6859,3420,3439,220,207,469,416,509,528,485,506,1024,1085,1747,393,31,11,True
2511202,Pedras de Fogo,PB,Paraíba,2501,João Pessoa,250001,João Pessoa,29662,14628,15034,948,880,2210,2300,2228,2429,2178,2191,3413,3769,5379,1263,182,49,True
2512721,Pedro Régis,PB,Paraíba,2501,João Pessoa,250003,Mamanguape - Rio Tinto,5766,2926,2840,196,170,400,394,413,407,384,372,775,844,1437,187,14,6,True
2511301,Piancó,PB,Paraíba,2503,Patos,250010,Itaporanga,16441,7959,8482,494,522,1172,1230,1151,1288,1228,1225,2233,2640,3191,878,194,74,True
2511400,Picuí,PB,Paraíba,2502,Campina Grande,250006,Cuité - Nova Floresta,18333,8925,9408,602,546,1335,1418,1327,1383,1198,1341,2425,2729,3935,977,165,66,True
2511509,Pilar,PB,Paraíba,2501,João Pessoa,250001,João Pessoa,12311,6064,6247,383,364,939,898,873,917,844,914,1496,1646,2178,493,65,21,True
2511608,Pilões,PB,Paraíba,2501,João Pessoa,250002,Guarabira,6815,3367,3448,236,207,477,497,532,545,447,443,792,863,1216,367,40,26,True
2511707,Pilõezinhos,PB,Paraíba,2501,João Pessoa,250002,Guarabira,5329,2601,2728,175,150,390,383,417,431,350,347,591,711,1073,226,15,3,True
2511806,Pirpirituba,PB,Paraíba,2501,João Pessoa,250002,Guarabira,9340,4647,4693,329,275,675,677,662,664,634,663,1171,1371,2170,488,82,22,True
2511905,Pitimbu,PB,Paraíba,2501,João Pessoa,250001,João Pessoa,16737,8202,8535,601,626,1183,1227,1128,1300,1225,1214,1741,1917,3693,607,89,27,True
2512002,Pocinhos,PB,Paraíba,2502,Campina Grande,250005,Campina Grande,17469,8713,8756,619,587,1305,1264,1206,1203,1151,1219,2178,2427,3526,920,128,21,True
2512036,Poço Dantas,PB,Paraíba,2504,Sousa - Cajazeiras,250014,Sousa,3830,1893,1937,151,129,292,263,300,280,230,260,515,534,787,157,12,2,True
2512077,Poço de José de Moura,PB,Paraíba,2504,Sousa - Cajazeiras,250015,Cajazeiras,4006,1942,2064,129,103,236,253,298,289,259,320,645,710,871,247,37,3,True
2512101,Pombal,PB,Paraíba,2503,Patos,250012,Pombal,32431,15407,17024,960,970,2175,2264,2283,2572,2224,2490,4403,5425,6371,1947,514,187,True
2512200,Prata,PB,Paraíba,2502,Campina Grande,250007,Monteiro,3915,1972,1943,133,108,246,224,271,298,285,263,576,641,839,246,31,8,True
2512309,Princesa Isabel,PB,Paraíba,2503,Patos,250013,Princesa Isabel,21114,10343,10771,635,611,1565,1599,1587,1660,1512,1539,2543,2986,4226,1283,224,78,True
2512408,Puxinanã,PB,Paraíba,2502,Campina Grande,250005,Campina Grande,14277,7102,7175,501,438,1093,1106,1099,1040,971,991,1660,1935,2675,725,96,24,True
2512507,Queimadas,PB,Paraíba,2502,Campina Grande,250005,Campina Grande,47658,23512,24146,1476,1373,3725,3732,3600,3743,3036,3278,5697,6468,8521,2440,319,54,True
2512606,Quixaba,PB,Paraíba,2503,Patos,250009,Patos,1743,895,848,55,62,123,114,129,129,121,129,251,238,260,102,16,6,True
2512705,Remígio,PB,Paraíba,2502,Campina Grande,250005,Campina Grande,17885,8475,9410,636,618,1218,1300,1195,1399,1148,1244,2141,2742,3533,1040,179,78,True
2512747,Riachão,PB,Paraíba,2501,João Pessoa,250002,Guarabira,2927,1462,1465,100,77,195,207,216,212,218,220,365,429,743,101,8,3,True
2512754,Riachão do Bacamarte,PB,Paraíba,2502,Campina Grande,250005,Campina Grande,4676,2289,2387,161,155,357,359,312,359,349,344,598,667,937,201,31,11,True
2512762,Riachão do Poço,PB,Paraíba,2501,João Pessoa,250001,João Pessoa,4738,2333,2405,162,159,334,349,347,341,336,361,596,644,898,205,14,3,True
2512788,Riacho de Santo Antônio,PB,Paraíba,2502,Campina Grande,250005,Campina Grande,1955,992,963,65,49,158,183,150,138,133,124,224,256,333,111,17,2,True
2512804,Riacho dos Cavalos,PB,Paraíba,2503,Patos,250011,Catolé do Rocha - São Bento,8493,4281,4212,268,231,646,645,688,706,629,571,1128,1167,1647,390,40,9,True
2512903,Rio Tinto,PB,Paraíba,2501,João Pessoa,250003,Mamanguape - Rio Tinto,24579,11916,12663,741,728,1781,1771,1753,1855,1620,1744,3088,3547,4519,1253,227,65,True
2513000,Salgadinho,PB,Paraíba,2503,Patos,250009,Patos,3355,1723,1632,139,110,225,233,235,226,245,246,472,438,745,139,22,3,True
2513109,Salgado de São Félix,PB,Paraíba,2501,João Pessoa,250004,Itabaiana,11505,5652,5853,368,349,779,715,772,845,784,776,1687,1946,2780,451,56,10,True
2513158,Santa Cecília,PB,Paraíba,2502,Campina Grande,250005,Campina Grande,7670,3880,3790,264,253,672,633,570,579,507,472,901,944,1472,290,11,1,True
2513208,Santa Cruz,PB,Paraíba,2504,Sousa - Cajazeiras,250014,Sousa,5947,2983,2964,160,139,322,309,384,392,437,446,1077,1123,1314,479,49,9,True
2513307,Santa Helena,PB,Paraíba,2504,Sousa - Cajazeiras,250015,Cajazeiras,5865,2951,2914,186,135,394,389,406,426,427,399,948,1030,1261,312,34,5,True
2513356,Santa Inês,PB,Paraíba,2503,Patos,250010,Itaporanga,3227,1683,1544,112,91,221,217,267,249,246,207,442,412,718,129,16,6,True
2513406,Santa Luzia,PB,Paraíba,2503,Patos,250009,Patos,14946,7289,7657,470,414,1099,1095,1041,1086,1076,1102,2012,2427,2834,936,237,89,True
2513703,Santa Rita,PB,Paraíba,2501,João Pessoa,250001,João Pessoa,149610,71779,77831,4519,4320,10946,11798,10990,12188,11171,12207,15556,19120,21597,8334,1376,302,True
2513802,Santa Teresinha,PB,Paraíba,2503,Patos,250009,Patos,4402,2178,2224,137,149,330,291,286,299,312,345,692,708,946,248,22,8,True
2513505,Santana de Mangueira,PB,Paraíba,2503,Patos,250010,Itaporanga,5010,2520,2490,173,164,404,434,376,394,378,325,615,651,1001,157,21,3,True
2513604,Santana dos Garrotes,PB,Paraíba,2503,Patos,250010,Itaporanga,6569,3191,3378,203,190,385,416,465,466,419,456,1011,1189,1422,439,69,11,True
2513851,Santo André,PB,Paraíba,2502,Campina Grande,250005,Campina Grande,2622,1306,1316,80,68,172,162,170,183,201,199,431,449,563,186,17,7,True
2513927,São Bentinho,PB,Paraíba,2503,Patos,250012,Pombal,4327,2133,2194,125,131,272,287,296,301,310,316,630,693,926,221,28,10,True
2513901,São Bento,PB,Paraíba,2503,Patos,250011,Catolé do Rocha - São Bento,32235,15545,16690,1009,967,2629,2636,2584,2708,2301,2662,3479,4345,5836,1860,292,100,True
2513968,São Domingos,PB,Paraíba,2503,Patos,250012,Pombal,2595,1296,1299,79,56,147,147,183,207,193,198,421,440,626,145,22,2,True
2513943,São Domingos do Cariri,PB,Paraíba,2502,Campina Grande,250005,Campina Grande,2585,1257,1328,73,77,184,175,158,185,167,171,387,419,497,174,20,6,True
2513984,São Francisco,PB,Paraíba,2504,Sousa - Cajazeiras,250014,Sousa,3137,1564,1573,70,88,183,143,235,210,234,259,552,574,735,204,21,4,True
2514008,São João do Cariri,PB,Paraíba,2502,Campina Grande,250005,Campina Grande,4226,2066,2160,109,121,292,245,286,287,281,299,663,742,913,278,45,16,True
2500700,São João do Rio do Peixe,PB,Paraíba,2504,Sousa - Cajazeiras,250015,Cajazeiras,17964,8905,9059,537,514,1254,1222,1294,1276,1378,1363,2700,3082,3864,1074,201,49,True
2514107,São João do Tigre,PB,Paraíba,2502,Campina Grande,250007,Monteiro,4263,2165,2098,162,129,287,291,274,276,280,254,642,649,1171,183,13,2,True
2514206,São José da Lagoa Tapada,PB,Paraíba,2504,Sousa - Cajazeiras,250014,Sousa,7126,3521,3605,251,238,451,448,487,486,508,486,1032,1219,1784,341,24,8,True
2514305,São José de Caiana,PB,Paraíba,2503,Patos,250010,Itaporanga,5034,2548,2486,163,149,379,374,362,371,379,340,653,655,991,380,42,5,True
2514404,São José de Espinharas,PB,Paraíba,2503,Patos,250009,Patos,4083,2106,1977,134,122,262,224,301,276,297,290,675,628,933,290,30,6,True
2514503,São José de Piranhas,PB,Paraíba,2504,Sousa - Cajazeiras,250015,Cajazeiras,19067,9550,9517,600,583,1439,1388,1492,1468,1347,1279,2552,2786,3704,1175,206,68,True
2514552,São José de Princesa,PB,Paraíba,2503,Patos,250013,Princesa Isabel,3401,1777,1624,109,99,239,222,256,224,268,233,510,490,768,242,22,3,True
2514602,São José do Bonfim,PB,Paraíba,2503,Patos,250009,Patos,3242,1600,1642,129,105,221,214,215,245,242,238,427,446,656,178,11,4,True
2514651,São José do Brejo do Cruz,PB,Paraíba,2503,Patos,250011,Catolé do Rocha - São Bento,1699,847,852,43,44,131,125,118,129,136,134,233,218,302,88,13,2,True
2514701,São José do Sabugi,PB,Paraíba,2503,Patos,250009,Patos,4138,2097,2041,131,123,302,302,305,302,336,304,601,635,752,308,58,6,True
2514800,São José dos Cordeiros,PB,Paraíba,2502,Campina Grande,250008,Sumé,3411,1708,1703,111,105,195,164,228,240,250,243,547,586,1014,189,15,2,True
2514453,São José dos Ramos,PB,Paraíba,2501,João Pessoa,250004,Itabaiana,5891,2977,2914,188,180,485,464,431,432,398,412,719,751,1123,221,18,6,True
2514909,São Mamede,PB,Paraíba,2503,Patos,250009,Patos,7470,3637,3833,237,205,375,365,441,501,509,574,1273,1416,1690,510,79,20,True
2515005,São Miguel de Taipu,PB,Paraíba,2501,João Pessoa,250001,João Pessoa,7066,3507,3559,242,242,511,516,545,557,478,452,848,949,1353,249,19,11,True
2515104,São Sebastião de Lagoa de Roça,PB,Paraíba,2502,Campina Grande,250005,Campina Grande,11040,5397,5643,373,336,737,812,769,789,759,836,1497,1651,2236,669,72,13,True
2515203,São Sebastião do Umbuzeiro,PB,Paraíba,2502,Campina Grande,250007,Monteiro,3279,1671,1608,105,87,251,217,227,210,192,238,490,506,810,166,22,5,True
2515401,São Vicente do Seridó,PB,Paraíba,2502,Campina Grande,250005,Campina Grande,10291,5148,5143,351,352,854,860,832,806,656,631,1203,1243,1989,467,48,9,True
2515302,Sapé,PB,Paraíba,2501,João Pessoa,250001,João Pessoa,51306,25045,26261,1608,1522,3862,3868,3702,4080,3487,3626,6314,7273,10071,2272,407,85,True
2515500,Serra Branca,PB,Paraíba,2502,Campina Grande,250008,Sumé,13614,6668,6946,415,343,864,899,922,963,967,914,2089,2452,2885,807,122,39,True
2515609,Serra da Raiz,PB,Paraíba,2501,João Pessoa,250002,Guarabira,3091,1521,1570,88,98,215,197,209,254,217,192,422,471,625,199,22,9,True
2515708,Serra Grande,PB,Paraíba,2504,Sousa - Cajazeiras,250015,Cajazeiras,2942,1437,1505,91,97,196,201,221,225,211,201,360,393,633,153,20,2,True
2515807,Serra Redonda,PB,Paraíba,2502,Campina Grande,250005,Campina Grande,6828,3321,3507,188,189,490,536,463,475,447,474,964,1098,1648,359,43,11,True
2515906,Serraria,PB,Paraíba,2501,João Pessoa,250002,Guarabira,4885,2396,2489,186,177,331,305,302,314,312,340,680,745,1310,250,34,7,True
2515930,Sertãozinho,PB,Paraíba,2501,João Pessoa,250002,Guarabira,5054,2454,2600,166,147,338,357,343,365,342,375,655,804,968,234,23,4,True
2515971,Sobrado,PB,Paraíba,2501,João Pessoa,250001,João Pessoa,8236,4045,4191,280,237,575,595,579,636,547,600,1079,1158,1425,281,35,6,True
2516003,Solânea,PB,Paraíba,2501,João Pessoa,250002,Guarabira,26708,12808,13900,895,879,1958,1967,1836,2019,1732,1896,3375,4258,5636,1278,273,91,True
2516102,Soledade,PB,Paraíba,2502,Campina Grande,250005,Campina Grande,13968,6925,7043,480,399,1004,1047,966,1012,987,1005,1779,2021,2792,849,163,44,True
2516151,Sossêgo,PB,Paraíba,2502,Campina Grande,250006,Cuité - Nova Floresta,3345,1662,1683,117,134,234,239,236,242,218,225,443,460,710,142,13,3,True
2516201,Sousa,PB,Paraíba,2504,Sousa - Cajazeiras,250014,Sousa,67110,32286,34824,2135,1932,4739,4780,4732,5285,4990,5334,8318,10449,11651,4717,1236,589,True
2516300,Sumé,PB,Paraíba,2502,Campina Grande,250008,Sumé,17166,8391,8775,471,476,1163,1168,1204,1366,1169,1209,2497,2792,3988,930,194,63,True
2516409,Tacima,PB,Paraíba,2501,João Pessoa,250002,Guarabira,8010,4000,4010,263,216,579,561,514,549,603,582,1122,1233,1932,381,67,15,True
2516508,Taperoá,PB,Paraíba,2502,Campina Grande,250005,Campina Grande,14068,6901,7167,461,448,918,933,1004,1000,886,992,1867,2161,3236,750,97,27,True
2516607,Tavares,PB,Paraíba,2503,Patos,250013,Princesa Isabel,14101,6983,7118,516,442,982,1052,1000,1002,954,939,1828,2059,2747,725,114,17,True
2516706,Teixeira,PB,Paraíba,2503,Patos,250009,Patos,14631,7096,7535,534,500,1125,1085,1061,1160,964,1006,1566,1931,2883,737,156,47,True
2516755,Tenório,PB,Paraíba,2502,Campina Grande,250005,Campina Grande,2966,1501,1465,95,85,188,216,271,239,219,206,364,375,533,195,18,1,True
2516805,Triunfo,PB,Paraíba,2504,Sousa - Cajazeiras,250015,Cajazeiras,9892,4981,4911,321,291,808,729,805,780,665,665,1274,1481,1780,627,93,17,True
2516904,Uiraúna,PB,Paraíba,2504,Sousa - Cajazeiras,250014,Sousa,14919,7205,7714,428,413,1029,1043,1083,1133,993,1006,2105,2599,2858,931,195,88,True
2517001,Umbuzeiro,PB,Paraíba,2502,Campina Grande,250005,Campina Grande,9124,4429,4695,293,302,695,646,664,700,594,553,1115,1395,2027,403,57,28,True
2517100,Várzea,PB,Paraíba,2503,Patos,250009,Patos,2668,1328,1340,89,78,158,155,206,185,176,200,441,486,498,245,38,9,True
2517209,Vieirópolis,PB,Paraíba,2504,Sousa - Cajazeiras,250014,Sousa,4864,2446,2418,160,125,322,280,323,310,371,374,814,868,1083,273,20,3,True
2505501,Vista Serrana,PB,Paraíba,2503,Patos,250009,Patos,3641,1834,1807,135,92,292,249,314,288,276,283,437,501,647,194,30,7,True
2517407,Zabelê,PB,Paraíba,2502,Campina Grande,250007,Monteiro,2228,1092,1136,78,72,153,135,134,159,150,161,310,341,529,113,9,2,True
2600054,Abreu e Lima,PE,Pernambuco,2601,Recife,260001,Recife,96946,45651,51295,2867,2689,6862,7067,6478,7690,6938,8179,11813,15364,16501,8154,1623,281,True
2600104,Afogados da Ingazeira,PE,Pernambuco,2603,Serra Talhada,260014,Afogados da Ingazeira,40241,19453,20788,1282,1208,2994,3096,2863,3289,2724,2935,4790,5849,7694,1970,507,181,True
2600203,Afrânio,PE,Pernambuco,2604,Petrolina,260015,Petrolina,18648,9287,9361,700,589,1514,1477,1325,1426,1298,1320,2259,2382,3504,816,84,34,True
2600302,Agrestina,PE,Pernambuco,2602,Caruaru,260009,Caruaru,23774,11436,12338,757,742,1934,1936,1599,1927,1587,1787,2786,3297,5087,1104,153,41,True
2600401,Água Preta,PE,Pernambuco,2601,Recife,260003,Palmares,26457,12794,13663,965,944,1871,2049,1771,2095,1804,1841,3043,3343,5693,1132,161,46,True
2600500,Águas Belas,PE,Pernambuco,2602,Caruaru,260010,Garanhuns,41548,20211,21337,1595,1521,3100,3228,2806,3067,2452,2664,4347,5129,8283,1362,317,101,True
2600609,Alagoinha,PE,Pernambuco,2602,Caruaru,260012,Belo Jardim ¿ Pesqueira,13542,6788,6754,427,432,983,927,932,953,869,951,1921,2027,3076,672,121,31,True
2600708,Aliança,PE,Pernambuco,2601,Recife,260002,Goiana ¿ Timbaúba,35737,17327,18410,1238,1152,2563,2665,2442,2699,2441,2728,4455,5090,7153,1721,222,65,True
2600807,Altinho,PE,Pernambuco,2602,Caruaru,260009,Caruaru,20674,10169,10505,668,651,1486,1440,1430,1551,1465,1437,2926,3259,5501,1038,140,31,True
2600906,Amaraji,PE,Pernambuco,2601,Recife,260018,Escada - Ribeirão,18205,8927,9278,634,611,1280,1312,1326,1432,1278,1368,2216,2396,4667,1043,176,36,True
2601003,Angelim,PE,Pernambuco,2602,Caruaru,260010,Garanhuns,10241,5016,5225,369,356,786,773,629,727,679,742,1280,1442,2257,393,85,28,True
2601052,Araçoiaba,PE,Pernambuco,2601,Recife,260001,Recife,19243,9322,9921,664,639,1528,1614,1443,1584,1302,1345,1958,2197,3435,873,114,22,True
2601102,Araripina,PE,Pernambuco,2604,Petrolina,260016,Araripina,85088,41450,43638,3010,2989,6898,6918,6194,6452,5153,5590,8793,10417,14002,3940,856,348,True
2601201,Arcoverde,PE,Pernambuco,2602,Caruaru,260011,Arcoverde,76874,35755,41119,2560,2530,5824,6403,5453,6301,4717,5794,7903,10981,12192,4520,1571,652,True
2601300,Barra de Guabiraba,PE,Pernambuco,2602,Caruaru,260009,Caruaru,12263,6149,6114,416,399,1010,1034,925,928,888,854,1382,1451,2579,522,86,21,True
2601409,Barreiros,PE,Pernambuco,2601,Recife,260007,Barreiros - Sirinhaém,40121,19169,20952,1424,1357,2813,3094,2611,3181,2684,2948,4316,5150,7146,1785,337,85,True
2601508,Belém de Maria,PE,Pernambuco,2601,Recife,260003,Palmares,10378,5152,5226,330,339,808,774,770,781,712,740,1304,1411,2400,464,52,14,True
2601607,Belém do São Francisco,PE,Pernambuco,2604,Petrolina,260017,Salgueiro,18301,9044,9257,680,605,1489,1428,1281,1302,1175,1206,2013,2434,3259,921,199,100,True
2601706,Belo Jardim,PE,Pernambuco,2602,Caruaru,260012,Belo Jardim ¿ Pesqueira,79423,38165,41258,2397,2440,6462,6676,6008,6574,5007,5584,8846,10817,14898,4747,1082,360,True
2601805,Betânia,PE,Pernambuco,2603,Serra Talhada,260013,Serra Talhada,11232,5604,5628,393,359,747,776,743,765,791,755,1418,1534,2526,474,55,14,True
2601904,Bezerros,PE,Pernambuco,2602,Caruaru,260009,Caruaru,61611,29198,32413,1863,1738,4376,4596,4328,4807,4412,4932,7781,10075,13999,3323,662,198,True
2602001,Bodocó,PE,Pernambuco,2604,Petrolina,260016,Araripina,34478,17174,17304,1300,1185,2691,2659,2528,2581,2283,2258,3928,4340,6880,1402,241,82,True
2602100,Bom Conselho,PE,Pernambuco,2602,Caruaru,260010,Garanhuns,44261,21158,23103,1587,1410,3107,3380,2956,3306,2894,3082,5083,6422,9793,1839,383,177,True
2602209,Bom Jardim,PE,Pernambuco,2601,Recife,260004,Limoeiro,37629,18311,19318,1136,1075,2928,2888,2713,2875,2628,2818,4889,5672,8388,1658,225,46,True
2602308,Bonito,PE,Pernambuco,2602,Caruaru,260009,Caruaru,37474,18285,19189,1297,1242,2850,3022,2641,2832,2446,2555,4460,5122,8203,1490,301,94,True
2602407,Brejão,PE,Pernambuco,2602,Caruaru,260010,Garanhuns,9063,4419,4644,292,303,733,739,640,651,594,627,981,1135,1826,416,57,15,True
2602506,Brejinho,PE,Pernambuco,2603,Serra Talhada,260014,Afogados da Ingazeira,7720,3835,3885,266,241,546,533,606,613,504,545,1030,1117,1576,402,55,4,True
2602605,Brejo da Madre de Deus,PE,Pernambuco,2602,Caruaru,260009,Caruaru,48648,23867,24781,1643,1547,3942,4068,3860,4133,3172,3400,5032,5659,9572,2358,312,88,True
2602704,Buenos Aires,PE,Pernambuco,2601,Recife,260006,Carpina,12808,6248,6560,413,422,942,931,947,1065,890,920,1534,1743,2601,593,71,13,True
2602803,Buíque,PE,Pernambuco,2602,Caruaru,260011,Arcoverde,51905,25862,26043,2022,1916,4021,3970,3458,3677,3164,3217,5873,6364,10566,1435,249,65,True
2602902,Cabo de Santo Agostinho,PE,Pernambuco,2601,Recife,260001,Recife,203311,97653,105658,6287,5943,15030,15974,15165,17069,15329,16675,22329,27609,30495,15087,3278,915,True
2603009,Cabrobó,PE,Pernambuco,2604,Petrolina,260017,Salgueiro,30223,14603,15620,1108,1062,2289,2289,2097,2334,1950,2168,3007,3680,5824,1463,261,112,True
2603108,Cachoeirinha,PE,Pernambuco,2602,Caruaru,260009,Caruaru,19899,9614,10285,628,625,1502,1567,1477,1546,1276,1338,2432,2978,4279,975,170,35,True
2603207,Caetés,PE,Pernambuco,2602,Caruaru,260010,Garanhuns,28790,14309,14481,965,927,2231,2284,2206,2277,1757,1820,3168,3498,5070,854,110,22,True
2603306,Calçado,PE,Pernambuco,2602,Caruaru,260010,Garanhuns,11093,5510,5583,391,409,842,802,780,836,797,754,1355,1504,2567,351,54,16,True
2603405,Calumbi,PE,Pernambuco,2603,Serra Talhada,260013,Serra Talhada,5228,2518,2710,177,165,364,364,365,401,362,378,643,782,1208,328,54,13,True
2603454,Camaragibe,PE,Pernambuco,2601,Recife,260001,Recife,147771,69441,78330,4282,4047,10422,10943,10578,12266,11167,12960,17501,23353,23698,12240,2769,1166,True
2603504,Camocim de São Félix,PE,Pernambuco,2602,Caruaru,260009,Caruaru,17419,8449,8970,569,532,1355,1377,1250,1349,1117,1270,2193,2598,4047,761,137,43,True
2603603,Camutanga,PE,Pernambuco,2601,Recife,260002,Goiana ¿ Timbaúba,7739,3780,3959,242,245,571,528,550,573,514,569,1023,1160,1592,432,73,22,True
2603702,Canhotinho,PE,Pernambuco,2602,Caruaru,260010,Garanhuns,22649,11000,11649,764,775,1650,1739,1506,1640,1473,1549,2742,3151,4865,787,139,43,True
2603801,Capoeiras,PE,Pernambuco,2602,Caruaru,260010,Garanhuns,18338,9102,9236,598,582,1359,1368,1357,1361,1156,1183,2324,2462,3817,781,108,25,True
2603900,Carnaíba,PE,Pernambuco,2603,Serra Talhada,260014,Afogados da Ingazeira,18607,9108,9499,613,587,1216,1263,1343,1353,1277,1336,2450,2796,4100,761,115,28,True
2603926,Carnaubeira da Penha,PE,Pernambuco,2603,Serra Talhada,260013,Serra Talhada,12155,6194,5961,484,508,962,884,855,794,712,601,1051,1116,1976,417,66,14,True
2604007,Carpina,PE,Pernambuco,2601,Recife,260006,Carpina,79293,37249,42044,2284,2219,5682,6010,5638,6604,5738,6744,9305,12283,12946,5395,1368,513,True
2604106,Caruaru,PE,Pernambuco,2602,Caruaru,260009,Caruaru,376901,176806,200095,11146,11144,29827,32859,29923,33987,25315,29391,37440,50921,51275,28335,8280,3718,True
2604155,Casinhas,PE,Pernambuco,2601,Recife,260008,Surubim,12967,6437,6530,469,427,1079,991,989,995,836,836,1561,1805,2739,572,50,6,True
2604205,Catende,PE,Pernambuco,2601,Recife,260003,Palmares,32156,15399,16757,1133,1086,2273,2404,2154,2445,1968,2290,3836,4566,6974,1701,365,94,True
2604304,Cedro,PE,Pernambuco,2604,Petrolina,260017,Salgueiro,10518,5235,5283,386,322,820,856,817,837,635,640,1202,1357,2024,501,95,20,True
2604403,Chã de Alegria,PE,Pernambuco,2601,Recife,260005,Vitória de Santo Antão,12984,6301,6683,472,427,938,1019,1005,1048,867,954,1350,1627,2537,590,66,6,True
2604502,Chã Grande,PE,Pernambuco,2602,Caruaru,260009,Caruaru,20546,10155,10391,651,652,1638,1661,1560,1571,1478,1587,2439,2710,4445,998,176,81,True
2604601,Condado,PE,Pernambuco,2601,Recife,260002,Goiana ¿ Timbaúba,24587,11752,12835,787,815,1832,2001,1582,1806,1625,1835,2897,3467,4700,1149,201,41,True
2604700,Correntes,PE,Pernambuco,2602,Caruaru,260010,Garanhuns,17131,8582,8549,638,529,1414,1337,1190,1302,1089,1121,1976,2224,3338,666,136,59,True
2604809,Cortês,PE,Pernambuco,2601,Recife,260018,Escada - Ribeirão,10198,4947,5251,353,353,704,788,736,828,728,752,1181,1365,2530,486,81,19,True
2604908,Cumaru,PE,Pernambuco,2602,Caruaru,260009,Caruaru,15920,7887,8033,487,460,1128,1100,1160,1167,1128,1187,2243,2510,3852,862,114,31,True
2605004,Cupira,PE,Pernambuco,2602,Caruaru,260009,Caruaru,23518,11068,12450,742,738,1739,1884,1589,1921,1515,1704,2659,3460,5143,1131,204,76,True
2605103,Custódia,PE,Pernambuco,2602,Caruaru,260011,Arcoverde,37648,18404,19244,1147,1157,2667,2794,2642,2957,2461,2595,4626,5215,6689,1928,440,133,True
2605152,Dormentes,PE,Pernambuco,2604,Petrolina,260015,Petrolina,17188,8601,8587,537,537,1229,1254,1217,1315,1222,1202,2326,2285,3528,942,95,28,True
2605202,Escada,PE,Pernambuco,2601,Recife,260018,Escada - Ribeirão,59891,28903,30988,1920,1861,4451,4820,4472,5009,4257,4562,6727,8038,12490,3838,577,131,True
2605301,Exu,PE,Pernambuco,2604,Petrolina,260016,Araripina,31843,15669,16174,1134,1061,2395,2403,2233,2346,2016,2148,3900,4415,6304,1195,222,73,True
2605400,Feira Nova,PE,Pernambuco,2601,Recife,260004,Limoeiro,21427,10271,11156,676,652,1644,1629,1459,1659,1470,1674,2530,3152,4566,1055,132,36,True
2605459,Fernando de Noronha,PE,Pernambuco,2601,Recife,260001,Recife,3167,1651,1516,51,51,349,258,380,333,291,268,328,366,87,200,200,90,True
2605509,Ferreiros,PE,Pernambuco,2601,Recife,260002,Goiana ¿ Timbaúba,15026,7262,7764,519,435,1024,1080,1082,1158,1090,1188,1917,2201,2155,666,108,22,True
2605608,Flores,PE,Pernambuco,2603,Serra Talhada,260013,Serra Talhada,20347,10004,10343,665,653,1334,1305,1342,1513,1385,1405,2920,3298,5199,990,125,26,True
2605707,Floresta,PE,Pernambuco,2603,Serra Talhada,260013,Serra Talhada,30095,14715,15380,1106,1061,2657,2616,2176,2293,1798,2047,2904,3479,4576,1743,420,127,True
2605806,Frei Miguelinho,PE,Pernambuco,2601,Recife,260008,Surubim,13636,6636,7000,363,353,994,961,990,1083,1005,963,1930,2299,3397,768,86,21,True
2605905,Gameleira,PE,Pernambuco,2601,Recife,260003,Palmares,18213,8953,9260,644,579,1308,1379,1231,1402,1218,1353,2161,2300,4959,1268,182,33,True
2606002,Garanhuns,PE,Pernambuco,2602,Caruaru,260010,Garanhuns,142320,66566,75754,4483,4435,10876,11681,10359,11984,9353,11041,14677,20118,22490,8766,3058,1470,True
2606101,Glória do Goitá,PE,Pernambuco,2601,Recife,260005,Vitória de Santo Antão,29347,14311,15036,956,889,2146,2318,2219,2374,2041,2123,3348,3933,6381,1220,158,46,True
2606200,Goiana,PE,Pernambuco,2601,Recife,260002,Goiana ¿ Timbaúba,81055,38780,42275,2595,2395,5777,6169,5755,6396,5737,6418,9237,11353,13783,4852,1141,325,True
2606309,Granito,PE,Pernambuco,2604,Petrolina,260016,Araripina,6967,3502,3465,275,245,537,500,498,512,465,487,858,936,1355,315,57,7,True
2606408,Gravatá,PE,Pernambuco,2602,Caruaru,260009,Caruaru,86381,41386,44995,2588,2521,6389,6578,6273,7011,6056,6777,10500,12934,15364,4898,1125,463,True
2606507,Iati,PE,Pernambuco,2602,Caruaru,260010,Garanhuns,17165,8467,8698,651,622,1255,1275,1169,1243,1054,1129,2000,2242,3703,620,86,22,True
2606606,Ibimirim,PE,Pernambuco,2602,Caruaru,260011,Arcoverde,26582,13031,13551,908,873,2060,2246,2036,2103,1558,1630,2951,3310,5338,992,190,42,True
2606705,Ibirajuba,PE,Pernambuco,2602,Caruaru,260009,Caruaru,7140,3584,3556,235,203,498,498,485,500,466,496,1045,1077,1902,295,22,9,True
2606804,Igarassu,PE,Pernambuco,2601,Recife,260001,Recife,115190,54836,60354,3568,3405,8309,8948,8401,9626,8191,9421,12921,16145,18172,7832,1559,332,True
2606903,Iguaracy,PE,Pernambuco,2603,Serra Talhada,260014,Afogados da Ingazeira,11081,5516,5565,332,308,736,652,720,835,764,701,1705,1812,2819,607,72,28,True
2607604,Ilha de Itamaracá,PE,Pernambuco,2601,Recife,260001,Recife,21605,10475,11130,677,644,1421,1550,1380,1510,1466,1717,2737,3165,3516,1073,302,105,True
2607000,Inajá,PE,Pernambuco,2602,Caruaru,260011,Arcoverde,25552,12562,12990,963,959,2129,2344,1869,2035,1525,1466,2243,2189,3161,576,120,34,True
2607109,Ingazeira,PE,Pernambuco,2603,Serra Talhada,260014,Afogados da Ingazeira,4765,2422,2343,169,142,351,328,308,324,318,322,741,696,957,240,33,4,True
2607208,Ipojuca,PE,Pernambuco,2601,Recife,260001,Recife,98900,48233,50667,3357,3322,8048,8650,8018,8969,7119,7330,8737,10099,13321,5545,1075,300,True
2607307,Ipubi,PE,Pernambuco,2604,Petrolina,260016,Araripina,29009,14371,14638,1105,1080,2338,2348,2161,2178,1774,1803,2840,3158,5483,1202,183,48,True
2607406,Itacuruba,PE,Pernambuco,2604,Petrolina,260017,Salgueiro,4284,2092,2192,163,155,323,307,317,348,260,314,424,481,750,272,42,12,True
2607505,Itaíba,PE,Pernambuco,2602,Caruaru,260011,Arcoverde,32596,16271,16325,1106,1144,2523,2503,2458,2536,2373,2294,3892,4042,5377,824,136,36,True
2607653,Itambé,PE,Pernambuco,2601,Recife,260002,Goiana ¿ Timbaúba,34935,17096,17839,1185,1111,2643,2777,2548,2652,2383,2560,3970,4599,6686,1673,273,84,True
2607703,Itapetim,PE,Pernambuco,2603,Serra Talhada,260014,Afogados da Ingazeira,13791,6751,7040,399,383,812,884,984,1101,980,952,2031,2326,3276,843,143,43,True
2607752,Itapissuma,PE,Pernambuco,2601,Recife,260001,Recife,23989,11497,12492,839,833,1906,2003,1693,1958,1615,1903,2457,3048,4567,1164,195,51,True
2607802,Itaquitinga,PE,Pernambuco,2601,Recife,260002,Goiana ¿ Timbaúba,15480,7707,7773,557,532,1177,1142,1127,1237,1081,1072,1778,1910,3065,877,135,31,True
2607901,Jaboatão dos Guararapes,PE,Pernambuco,2601,Recife,260001,Recife,643751,299789,343962,18342,18034,46622,49659,46323,54163,45588,54314,73501,100324,104863,54418,16398,9518,True
2607950,Jaqueira,PE,Pernambuco,2601,Recife,260003,Palmares,10247,4953,5294,400,396,813,825,711,828,653,711,1135,1256,2071,409,52,23,True
2608008,Jataúba,PE,Pernambuco,2602,Caruaru,260009,Caruaru,15843,7811,8032,573,540,1304,1323,1119,1227,906,946,1889,2164,3467,679,99,22,True
2608057,Jatobá,PE,Pernambuco,2603,Serra Talhada,260013,Serra Talhada,14005,6855,7150,452,424,943,971,966,1072,919,1014,1685,1914,2275,835,266,77,True
2608107,João Alfredo,PE,Pernambuco,2601,Recife,260004,Limoeiro,27725,13178,14547,800,824,1932,2065,2001,2290,1885,2121,3546,4295,6845,1557,196,52,True
2608206,Joaquim Nabuco,PE,Pernambuco,2601,Recife,260003,Palmares,13269,6480,6789,490,464,962,1032,960,1063,888,942,1458,1621,2895,818,128,35,True
2608255,Jucati,PE,Pernambuco,2602,Caruaru,260010,Garanhuns,11517,5684,5833,430,431,846,819,865,934,770,792,1321,1491,2375,363,38,13,True
2608305,Jupi,PE,Pernambuco,2602,Caruaru,260010,Garanhuns,15329,7483,7846,497,513,1130,1222,1139,1214,911,995,1744,2014,3089,587,84,28,True
2608404,Jurema,PE,Pernambuco,2602,Caruaru,260010,Garanhuns,13648,6689,6959,496,459,1004,1063,890,928,846,878,1734,1962,3247,529,59,14,True
2608503,Lagoa de Itaenga,PE,Pernambuco,2601,Recife,260006,Carpina,19003,9044,9959,605,637,1337,1455,1318,1486,1362,1471,2165,2636,4248,970,139,32,True
2608453,Lagoa do Carro,PE,Pernambuco,2601,Recife,260006,Carpina,17981,8581,9400,596,534,1299,1386,1304,1481,1354,1471,1980,2447,3286,840,134,29,True
2608602,Lagoa do Ouro,PE,Pernambuco,2602,Caruaru,260010,Garanhuns,11927,5789,6138,434,414,851,892,786,851,816,891,1517,1672,2813,435,59,6,True
2608701,Lagoa dos Gatos,PE,Pernambuco,2602,Caruaru,260009,Caruaru,14076,6876,7200,520,444,983,1063,901,1037,961,961,1777,2004,3680,644,84,14,True
2608750,Lagoa Grande,PE,Pernambuco,2604,Petrolina,260015,Petrolina,24088,11901,12187,836,892,1970,1985,1807,1894,1507,1552,2360,2632,4336,1030,141,47,True
2608800,Lajedo,PE,Pernambuco,2602,Caruaru,260010,Garanhuns,39481,18766,20715,1300,1257,2911,3141,2820,3299,2506,2815,4349,5467,8063,2047,345,132,True
2608909,Limoeiro,PE,Pernambuco,2601,Recife,260004,Limoeiro,55334,25899,29435,1614,1592,3986,4102,3892,4333,3764,4469,6937,9450,10646,3714,812,269,True
2609006,Macaparana,PE,Pernambuco,2601,Recife,260002,Goiana ¿ Timbaúba,23879,11677,12202,740,699,1892,1993,1699,1834,1570,1687,2889,3369,4907,1169,200,66,True
2609105,Machados,PE,Pernambuco,2601,Recife,260004,Limoeiro,11333,5414,5919,338,363,867,916,841,876,754,796,1194,1582,2492,596,66,25,True
2609154,Manari,PE,Pernambuco,2602,Caruaru,260011,Arcoverde,23763,11833,11930,1021,1013,2032,2151,1852,1821,1453,1358,2051,2168,2987,524,72,8,True
2609204,Maraial,PE,Pernambuco,2601,Recife,260003,Palmares,9359,4569,4790,318,378,727,669,605,711,598,636,1109,1140,2346,405,60,23,True
2609303,Mirandiba,PE,Pernambuco,2603,Serra Talhada,260013,Serra Talhada,14105,7003,7102,513,473,1172,1122,963,1015,826,815,1446,1709,2604,463,90,25,True
2614303,Moreilândia,PE,Pernambuco,2604,Petrolina,260016,Araripina,10540,5266,5274,403,368,843,724,735,778,671,682,1367,1537,2269,463,54,15,True
2609402,Moreno,PE,Pernambuco,2601,Recife,260001,Recife,55100,26284,28816,1681,1709,4174,4107,3815,4415,3936,4349,6646,8496,11199,3371,571,180,True
2609501,Nazaré da Mata,PE,Pernambuco,2601,Recife,260006,Carpina,30552,14353,16199,870,863,2073,2173,2022,2395,2169,2490,3938,5020,5476,1880,493,165,True
2609600,Olinda,PE,Pernambuco,2601,Recife,260001,Recife,349976,160683,189293,9653,9458,24218,25572,23053,26998,24199,29378,44331,64574,52808,33653,13235,7122,True
2609709,Orobó,PE,Pernambuco,2601,Recife,260004,Limoeiro,21808,10600,11208,700,623,1673,1710,1558,1629,1405,1484,2808,3383,4609,900,144,37,True
2609808,Orocó,PE,Pernambuco,2604,Petrolina,260015,Petrolina,13604,6810,6794,517,475,1042,1136,1039,972,912,932,1272,1467,2694,434,68,19,True
2609907,Ouricuri,PE,Pernambuco,2604,Petrolina,260016,Araripina,65245,32167,33078,2451,2317,5102,5079,4591,4865,4111,4270,7392,8257,11658,2628,497,209,True
2610004,Palmares,PE,Pernambuco,2601,Recife,260003,Palmares,53920,25753,28167,1825,1757,3904,4087,3743,4401,3571,4082,6275,7743,9824,3123,749,247,True
2610103,Palmeirina,PE,Pernambuco,2602,Caruaru,260010,Garanhuns,7031,3364,3667,222,245,485,496,447,496,473,494,908,1053,1788,362,46,13,True
2610202,Panelas,PE,Pernambuco,2602,Caruaru,260009,Caruaru,22989,11167,11822,814,752,1603,1617,1434,1691,1443,1519,2935,3330,5492,933,159,38,True
2610301,Paranatama,PE,Pernambuco,2602,Caruaru,260010,Garanhuns,12199,5979,6220,425,411,799,887,869,886,799,826,1549,1770,2465,358,49,7,True
2610400,Parnamirim,PE,Pernambuco,2604,Petrolina,260017,Salgueiro,18612,9371,9241,652,612,1419,1365,1315,1259,1252,1229,2464,2575,3733,932,166,74,True
2610509,Passira,PE,Pernambuco,2601,Recife,260004,Limoeiro,28340,13753,14587,883,837,2012,2037,2025,2278,1968,2074,3644,4367,6576,1216,146,41,True
2610608,Paudalho,PE,Pernambuco,2601,Recife,260001,Recife,56657,27512,29145,1809,1700,4284,4382,3880,4478,4119,4470,6237,7400,9758,2492,507,339,True
2610707,Paulista,PE,Pernambuco,2601,Recife,260001,Recife,342090,158851,183239,9270,8890,23244,25045,24585,29223,25215,29614,40848,56099,43589,29943,9371,2837,True
2610806,Pedra,PE,Pernambuco,2602,Caruaru,260011,Arcoverde,22791,11550,11241,826,755,1765,1699,1747,1646,1555,1477,2723,2958,4622,751,162,41,True
2610905,Pesqueira,PE,Pernambuco,2602,Caruaru,260012,Belo Jardim ¿ Pesqueira,61987,29632,32355,2025,2027,4586,4696,4132,4550,3856,4287,7397,9323,13401,3124,716,280,True
2611002,Petrolândia,PE,Pernambuco,2603,Serra Talhada,260013,Serra Talhada,34135,16642,17493,1239,1188,2529,2719,2522,2740,2168,2392,3382,3953,5601,1871,435,165,True
2611101,Petrolina,PE,Pernambuco,2604,Petrolina,260015,Petrolina,385817,185533,200284,12943,12904,33853,35454,29922,33603,25895,28970,33164,41004,42509,23138,7215,3892,True
2611200,Poção,PE,Pernambuco,2602,Caruaru,260012,Belo Jardim ¿ Pesqueira,10500,4965,5535,370,349,754,831,667,792,597,719,1319,1618,2489,427,52,18,True
2611309,Pombos,PE,Pernambuco,2601,Recife,260005,Vitória de Santo Antão,27550,13422,14128,775,769,2108,2092,2145,2309,1905,2082,3334,3816,5276,1225,220,52,True
2611408,Primavera,PE,Pernambuco,2601,Recife,260018,Escada - Ribeirão,13838,6905,6933,522,490,1088,1096,1009,1074,1038,1011,1569,1628,2609,770,122,26,True
2611507,Quipapá,PE,Pernambuco,2602,Caruaru,260010,Garanhuns,17928,8727,9201,656,622,1330,1459,1146,1328,1156,1140,2104,2439,5042,824,100,28,True
2611533,Quixaba,PE,Pernambuco,2603,Serra Talhada,260014,Afogados da Ingazeira,6539,3267,3272,233,227,424,462,482,492,459,436,845,879,1400,271,39,2,True
2611606,Recife,PE,Pernambuco,2601,Recife,260001,Recife,1482654,677551,805103,38892,38236,104564,111301,104304,121622,101124,122472,184529,273089,199496,123363,60487,64279,True
2611705,Riacho das Almas,PE,Pernambuco,2602,Caruaru,260009,Caruaru,20639,10158,10481,598,574,1553,1574,1577,1666,1482,1572,2595,2901,4544,1083,136,33,True
2611804,Ribeirão,PE,Pernambuco,2601,Recife,260018,Escada - Ribeirão,33507,15882,17625,1084,1059,2313,2535,2143,2547,2213,2633,4219,5112,8093,2415,460,132,True
2611903,Rio Formoso,PE,Pernambuco,2601,Recife,260007,Barreiros - Sirinhaém,20009,9870,10139,754,704,1459,1583,1454,1573,1382,1438,2070,2239,3764,1208,215,57,True
2612000,Sairé,PE,Pernambuco,2602,Caruaru,260009,Caruaru,10887,5397,5490,318,304,823,781,740,742,800,882,1628,1810,2657,667,71,22,True
2612109,Salgadinho,PE,Pernambuco,2601,Recife,260004,Limoeiro,5727,2793,2934,169,162,357,373,441,449,423,441,791,932,1645,318,56,5,True
2612208,Salgueiro,PE,Pernambuco,2604,Petrolina,260017,Salgueiro,62010,29773,32237,2111,2017,4611,4814,4584,4977,4196,4518,6276,8030,9153,3574,1124,475,True
2612307,Saloá,PE,Pernambuco,2602,Caruaru,260010,Garanhuns,13836,6599,7237,482,440,874,994,872,993,899,1016,1768,2113,3422,692,118,23,True
2612406,Sanharó,PE,Pernambuco,2602,Caruaru,260012,Belo Jardim ¿ Pesqueira,18620,9040,9580,641,590,1428,1433,1264,1424,1227,1291,2204,2652,4332,1158,195,47,True
2612455,Santa Cruz,PE,Pernambuco,2604,Petrolina,260016,Araripina,13841,7048,6793,524,500,1168,1053,944,932,917,911,1827,1830,2815,458,60,15,True
2612471,Santa Cruz da Baixa Verde,PE,Pernambuco,2603,Serra Talhada,260013,Serra Talhada,11567,5647,5920,341,364,823,806,856,892,769,771,1396,1605,2425,598,92,26,True
2612505,Santa Cruz do Capibaribe,PE,Pernambuco,2602,Caruaru,260009,Caruaru,97679,46947,50732,3204,3049,8907,9330,8544,9406,6598,7444,7567,9772,13500,8857,1792,547,True
2612554,Santa Filomena,PE,Pernambuco,2604,Petrolina,260016,Araripina,12106,6143,5963,415,417,937,830,809,828,903,807,1659,1636,2934,420,33,17,True
2612604,Santa Maria da Boa Vista,PE,Pernambuco,2604,Petrolina,260015,Petrolina,40537,20429,20108,1491,1422,3123,3160,3139,3102,2672,2609,3979,4231,6999,1562,312,99,True
2612703,Santa Maria do Cambucá,PE,Pernambuco,2601,Recife,260008,Surubim,14013,6895,7118,469,476,1149,1066,1051,1101,924,1008,1633,1881,2763,721,95,25,True
2612802,Santa Terezinha,PE,Pernambuco,2603,Serra Talhada,260014,Afogados da Ingazeira,10244,4955,5289,362,354,718,711,740,787,673,702,1262,1481,2203,589,87,14,True
2612901,São Benedito do Sul,PE,Pernambuco,2601,Recife,260003,Palmares,13113,6481,6632,414,414,943,926,997,1153,967,912,1488,1550,2211,501,84,15,True
2613008,São Bento do Una,PE,Pernambuco,2602,Caruaru,260012,Belo Jardim ¿ Pesqueira,49449,24375,25074,1796,1674,3950,4005,3480,3652,3074,3204,5541,6243,11106,2290,369,132,True
2613107,São Caitano,PE,Pernambuco,2602,Caruaru,260009,Caruaru,37126,18051,19075,1192,1155,2803,2938,2754,3013,2542,2669,4251,5007,7722,1905,312,94,True
2613206,São João,PE,Pernambuco,2602,Caruaru,260010,Garanhuns,23837,11673,12164,804,797,1836,1892,1760,1873,1625,1616,2601,2992,4524,872,127,32,True
2613305,São Joaquim do Monte,PE,Pernambuco,2602,Caruaru,260009,Caruaru,20037,9953,10084,654,622,1527,1448,1440,1531,1275,1323,2557,2829,4890,717,90,30,True
2613404,São José da Coroa Grande,PE,Pernambuco,2601,Recife,260007,Barreiros - Sirinhaém,18821,8986,9835,666,657,1397,1472,1232,1482,1211,1326,1934,2412,3399,854,234,88,True
2613503,São José do Belmonte,PE,Pernambuco,2603,Serra Talhada,260013,Serra Talhada,34843,17129,17714,1181,1109,2661,2654,2452,2615,2296,2312,4253,4806,6297,1536,316,95,True
2613602,São José do Egito,PE,Pernambuco,2603,Serra Talhada,260014,Afogados da Ingazeira,31004,14926,16078,973,907,2004,2210,2180,2402,2075,2226,4259,5009,7519,1727,325,152,True
2613701,São Lourenço da Mata,PE,Pernambuco,2601,Recife,260001,Recife,111247,53034,58213,3176,3098,7959,8300,8703,10065,8353,9350,12195,15365,19468,7183,1444,335,True
2613800,São Vicente Férrer,PE,Pernambuco,2601,Recife,260002,Goiana ¿ Timbaúba,16677,8166,8511,505,529,1416,1419,1243,1287,1147,1180,1828,2190,3656,647,97,41,True
2613909,Serra Talhada,PE,Pernambuco,2603,Serra Talhada,260013,Serra Talhada,92222,43670,48552,2865,2919,7070,7536,6705,7643,5957,6935,9841,12465,15141,5191,1387,545,True
2614006,Serrita,PE,Pernambuco,2604,Petrolina,260017,Salgueiro,18199,9117,9082,602,623,1447,1362,1311,1285,1253,1185,2186,2436,3324,785,103,33,True
2614105,Sertânia,PE,Pernambuco,2602,Caruaru,260011,Arcoverde,32811,16045,16766,1109,1056,2236,2250,2302,2518,2187,2260,4347,5016,6819,1824,397,99,True
2614204,Sirinhaém,PE,Pernambuco,2601,Recife,260007,Barreiros - Sirinhaém,37586,18530,19056,1375,1333,2810,3014,2778,3109,2719,2765,3616,3992,6860,2193,318,72,True
2614402,Solidão,PE,Pernambuco,2603,Serra Talhada,260014,Afogados da Ingazeira,5210,2656,2554,176,181,343,359,388,365,349,322,697,709,1132,261,35,9,True
2614501,Surubim,PE,Pernambuco,2601,Recife,260008,Surubim,64120,30630,33490,1975,1847,4956,5193,4791,5274,4440,5018,7339,9427,12036,3445,715,253,True
2614600,Tabira,PE,Pernambuco,2603,Serra Talhada,260014,Afogados da Ingazeira,27673,13514,14159,943,900,2087,2104,1979,1984,1771,1972,3436,3937,6127,1295,246,76,True
2614709,Tacaimbó,PE,Pernambuco,2602,Caruaru,260012,Belo Jardim ¿ Pesqueira,13086,6459,6627,443,402,959,977,1008,1055,902,879,1629,1850,3080,491,57,11,True
2614808,Tacaratu,PE,Pernambuco,2603,Serra Talhada,260013,Serra Talhada,23880,12014,11866,886,821,1843,1774,1831,1776,1453,1424,2617,2838,4009,861,122,25,True
2614857,Tamandaré,PE,Pernambuco,2601,Recife,260007,Barreiros - Sirinhaém,23543,11470,12073,820,803,1852,1987,1674,1899,1483,1697,2377,2487,3560,1040,197,71,True
2615003,Taquaritinga do Norte,PE,Pernambuco,2602,Caruaru,260009,Caruaru,24736,12086,12650,818,731,1916,1997,1989,2116,1619,1783,2799,3169,4664,2151,376,85,True
2615102,Terezinha,PE,Pernambuco,2602,Caruaru,260010,Garanhuns,6513,3238,3275,210,193,480,473,454,494,390,440,823,897,1381,250,50,7,True
2615201,Terra Nova,PE,Pernambuco,2604,Petrolina,260017,Salgueiro,8920,4567,4353,310,266,684,656,713,679,693,656,1131,1178,1780,432,60,13,True
2615300,Timbaúba,PE,Pernambuco,2601,Recife,260002,Goiana ¿ Timbaúba,46135,21871,24264,1435,1353,3254,3438,3092,3680,3209,3483,5771,7437,10270,3055,625,284,True
2615409,Toritama,PE,Pernambuco,2602,Caruaru,260009,Caruaru,41137,19843,21294,1423,1413,3734,3947,3638,3953,2710,2944,2902,3706,5231,3624,742,202,True
2615508,Tracunhaém,PE,Pernambuco,2601,Recife,260006,Carpina,13867,6765,7102,451,455,980,1026,1047,1183,984,1049,1566,1758,2749,626,70,16,True
2615607,Trindade,PE,Pernambuco,2604,Petrolina,260016,Araripina,30321,14839,15482,1098,1071,2492,2638,2275,2392,1837,1923,2773,3371,4872,1381,248,93,True
2615706,Triunfo,PE,Pernambuco,2603,Serra Talhada,260013,Serra Talhada,14705,7049,7656,414,432,1055,1030,1053,1082,942,1062,2078,2556,2830,1053,231,89,True
2615805,Tupanatinga,PE,Pernambuco,2602,Caruaru,260011,Arcoverde,26891,13238,13653,1001,987,2234,2416,1957,2012,1687,1635,2706,2927,4537,662,93,27,True
2615904,Tuparetama,PE,Pernambuco,2603,Serra Talhada,260014,Afogados da Ingazeira,8005,3878,4127,249,220,484,517,605,622,518,555,1120,1331,1883,538,90,20,True
2616001,Venturosa,PE,Pernambuco,2602,Caruaru,260011,Arcoverde,17250,8411,8839,624,595,1282,1337,1256,1398,1154,1191,2001,2320,3403,725,111,39,True
2616100,Verdejante,PE,Pernambuco,2604,Petrolina,260017,Salgueiro,9169,4527,4642,306,291,713,691,666,657,600,595,1137,1285,1752,444,92,27,True
2616183,Vertente do Lério,PE,Pernambuco,2601,Recife,260008,Surubim,7558,3760,3798,250,218,520,546,613,548,508,516,1012,1184,1822,334,22,5,True
2616209,Vertentes,PE,Pernambuco,2601,Recife,260008,Surubim,21959,10839,11120,740,683,1771,1711,1788,1852,1459,1516,2447,2858,3634,1296,230,63,True
2616308,Vicência,PE,Pernambuco,2601,Recife,260002,Goiana ¿ Timbaúba,26359,12761,13598,846,859,2032,2101,1928,2069,1743,1921,3140,3631,5703,1394,237,44,True
2616407,Vitória de Santo Antão,PE,Pernambuco,2601,Recife,260005,Vitória de Santo Antão,133894,63210,70684,3955,3948,9972,10598,9891,11147,9571,10941,15095,19923,26186,8128,1979,715,True
2616506,Xexéu,PE,Pernambuco,2601,Recife,260003,Palmares,11611,5668,5943,402,365,828,922,718,873,742,847,1371,1484,2704,601,76,19,True
2700102,Água Branca,AL,Alagoas,2702,Arapiraca,270009,Delmiro Gouveia,18974,9275,9699,743,722,1346,1498,1298,1340,1159,1209,2194,2412,3523,800,126,22,True
2700201,Anadia,AL,Alagoas,2701,Maceió,270004,São Miguel dos Campos,13966,6748,7218,441,441,974,1004,926,998,887,1021,1824,2090,3415,644,138,46,True
2700300,Arapiraca,AL,Alagoas,2702,Arapiraca,270007,Arapiraca,234359,110754,123603,7323,7381,18623,20189,17634,19972,15048,18007,23378,30562,35264,14096,4271,1791,True
2700409,Atalaia,AL,Alagoas,2701,Maceió,270006,Atalaia,37512,18266,19246,1448,1368,2831,2978,2272,2743,2509,2521,4073,4644,7693,1888,298,78,True
2700508,Barra de Santo Antônio,AL,Alagoas,2701,Maceió,270001,Maceió,16365,8075,8290,610,559,1284,1370,1065,1261,1143,1149,1673,1746,2414,635,98,39,True
2700607,Barra de São Miguel,AL,Alagoas,2701,Maceió,270001,Maceió,7933,3881,4052,281,252,632,680,596,654,549,601,751,856,1268,475,118,62,True
2700706,Batalha,AL,Alagoas,2702,Arapiraca,270011,Pão de Açúcar - Olho d'Água das Flores ¿ Batalha,16433,8024,8409,599,596,1286,1351,1216,1266,966,1088,1708,2028,3206,825,159,61,True
2700805,Belém,AL,Alagoas,2702,Arapiraca,270008,Palmeira dos Índios,4722,2272,2450,147,151,331,351,308,352,327,348,625,700,970,230,42,11,True
2700904,Belo Monte,AL,Alagoas,2702,Arapiraca,270011,Pão de Açúcar - Olho d'Água das Flores ¿ Batalha,5936,2975,2961,212,209,429,481,429,435,392,355,732,716,1349,200,21,6,True
2701001,Boca da Mata,AL,Alagoas,2701,Maceió,270004,São Miguel dos Campos,21187,10178,11009,769,758,1392,1542,1269,1511,1449,1681,2730,3075,4478,1283,253,71,True
2701100,Branquinha,AL,Alagoas,2701,Maceió,270005,União dos Palmares,9603,4712,4891,371,355,616,739,592,676,582,658,1173,1160,1865,359,36,6,True
2701209,Cacimbinhas,AL,Alagoas,2702,Arapiraca,270008,Palmeira dos Índios,10482,5111,5371,394,323,802,789,698,786,665,746,1252,1374,2260,380,66,32,True
2701308,Cajueiro,AL,Alagoas,2701,Maceió,270006,Atalaia,16024,7540,8484,650,593,1023,1257,951,1225,977,1108,1721,2037,3433,940,158,30,True
2701357,Campestre,AL,Alagoas,2701,Maceió,270002,Porto Calvo - São Luís do Quitunde,6665,3280,3385,263,238,528,548,443,471,439,471,722,794,1139,356,74,10,True
2701407,Campo Alegre,AL,Alagoas,2701,Maceió,270004,São Miguel dos Campos,32106,15379,16727,1245,1245,2548,2718,2021,2508,2084,2353,3332,3787,7323,2316,314,53,True
2701506,Campo Grande,AL,Alagoas,2702,Arapiraca,270007,Arapiraca,8126,4020,4106,296,285,585,622,587,630,519,542,1014,1073,1997,196,32,16,True
2701605,Canapi,AL,Alagoas,2702,Arapiraca,270010,Santana do Ipanema,15559,7706,7853,602,571,1108,1196,1004,1071,938,949,1796,1892,3619,510,68,23,True
2701704,Capela,AL,Alagoas,2701,Maceió,270006,Atalaia,15032,7290,7742,603,576,1109,1183,914,1086,998,1123,1690,1914,2894,838,144,43,True
2701803,Carneiros,AL,Alagoas,2702,Arapiraca,270010,Santana do Ipanema,8982,4395,4587,372,347,726,762,620,633,509,564,862,960,1623,284,35,8,True
2701902,Chã Preta,AL,Alagoas,2701,Maceió,270006,Atalaia,5910,2951,2959,263,219,406,400,353,369,398,441,711,770,1386,298,28,15,True
2702009,Coité do Nóia,AL,Alagoas,2702,Arapiraca,270007,Arapiraca,10810,5376,5434,372,318,812,818,765,804,692,734,1368,1448,2303,377,56,12,True
2702108,Colônia Leopoldina,AL,Alagoas,2701,Maceió,270002,Porto Calvo - São Luís do Quitunde,15816,7671,8145,602,598,1153,1317,964,1061,1067,1128,1722,1878,3958,814,166,33,True
2702207,Coqueiro Seco,AL,Alagoas,2701,Maceió,270001,Maceió,5581,2739,2842,208,199,428,396,373,443,396,384,631,772,1043,280,70,15,True
2702306,Coruripe,AL,Alagoas,2701,Maceió,270003,Penedo,50414,24311,26103,1808,1688,3691,4047,3571,4153,3274,3730,5260,5993,8834,2786,558,190,True
2702355,Craíbas,AL,Alagoas,2702,Arapiraca,270007,Arapiraca,25379,12524,12855,874,838,2006,2113,1915,2022,1542,1634,2663,2967,4527,703,74,19,True
2702405,Delmiro Gouveia,AL,Alagoas,2702,Arapiraca,270009,Delmiro Gouveia,51230,24494,26736,1755,1656,3797,4132,3594,4247,3178,3672,5498,6699,8356,3092,750,193,True
2702504,Dois Riachos,AL,Alagoas,2702,Arapiraca,270010,Santana do Ipanema,9805,4887,4918,360,365,834,837,660,664,618,644,1171,1297,2342,321,47,8,True
2702553,Estrela de Alagoas,AL,Alagoas,2702,Arapiraca,270008,Palmeira dos Índios,15429,7514,7915,506,466,987,1016,1067,1101,1028,1130,2137,2428,4129,566,45,23,True
2702603,Feira Grande,AL,Alagoas,2702,Arapiraca,270007,Arapiraca,22707,11228,11479,767,743,1878,1854,1585,1706,1525,1550,2538,2821,4637,544,80,31,True
2702702,Feliz Deserto,AL,Alagoas,2701,Maceió,270003,Penedo,3956,1964,1992,147,139,303,290,264,276,247,267,442,530,901,179,29,4,True
2702801,Flexeiras,AL,Alagoas,2701,Maceió,270001,Maceió,9618,4713,4905,325,298,718,841,669,689,620,670,1130,1195,2258,554,54,24,True
2702900,Girau do Ponciano,AL,Alagoas,2702,Arapiraca,270007,Arapiraca,35348,17427,17921,1307,1265,2766,2868,2539,2674,2220,2326,3809,4173,6960,828,126,34,True
2703007,Ibateguara,AL,Alagoas,2701,Maceió,270005,União dos Palmares,13731,6730,7001,494,458,1072,1083,871,991,863,891,1540,1702,3273,400,78,17,True
2703106,Igaci,AL,Alagoas,2702,Arapiraca,270008,Palmeira dos Índios,23995,11736,12259,772,800,1628,1688,1608,1786,1650,1727,3085,3430,5540,981,136,37,True
2703205,Igreja Nova,AL,Alagoas,2701,Maceió,270003,Penedo,21372,10581,10791,706,674,1503,1560,1527,1672,1483,1465,2595,2741,4841,679,82,26,True
2703304,Inhapi,AL,Alagoas,2702,Arapiraca,270009,Delmiro Gouveia,15130,7201,7929,560,550,1016,1163,890,1095,840,943,1653,1895,3328,443,58,16,True
2703403,Jacaré dos Homens,AL,Alagoas,2702,Arapiraca,270011,Pão de Açúcar - Olho d'Água das Flores ¿ Batalha,5072,2526,2546,204,151,368,382,329,389,333,321,572,655,1021,220,47,13,True
2703502,Jacuípe,AL,Alagoas,2701,Maceió,270002,Porto Calvo - São Luís do Quitunde,5352,2679,2673,210,196,385,403,370,385,392,391,634,648,1242,300,47,11,True
2703601,Japaratinga,AL,Alagoas,2701,Maceió,270002,Porto Calvo - São Luís do Quitunde,9219,4555,4664,354,325,759,788,647,659,623,622,893,929,1417,326,65,16,True
2703700,Jaramataia,AL,Alagoas,2702,Arapiraca,270007,Arapiraca,4985,2420,2565,177,169,323,396,333,369,330,317,568,634,1116,180,34,5,True
2703759,Jequiá da Praia,AL,Alagoas,2701,Maceió,270004,São Miguel dos Campos,9470,4748,4722,330,341,705,731,665,683,683,724,1042,1038,2248,499,59,25,True
2703809,Joaquim Gomes,AL,Alagoas,2701,Maceió,270001,Maceió,17097,8522,8575,735,656,1191,1246,1043,1134,1044,1068,1868,1862,4208,678,86,25,True
2703908,Jundiá,AL,Alagoas,2701,Maceió,270002,Porto Calvo - São Luís do Quitunde,4092,2048,2044,133,140,293,301,274,305,287,264,536,508,826,194,38,10,True
2704005,Junqueiro,AL,Alagoas,2702,Arapiraca,270007,Arapiraca,23907,11627,12280,859,810,1797,1854,1624,1842,1554,1805,2856,3145,4532,1122,195,58,True
2704104,Lagoa da Canoa,AL,Alagoas,2702,Arapiraca,270007,Arapiraca,18457,9050,9407,648,622,1601,1516,1277,1386,1164,1245,1975,2340,3650,641,95,25,True
2704203,Limoeiro de Anadia,AL,Alagoas,2702,Arapiraca,270007,Arapiraca,24740,12191,12549,936,862,1941,2006,1824,1971,1539,1656,2678,3054,5081,985,109,32,True
2704302,Maceió,AL,Alagoas,2701,Maceió,270001,Maceió,954592,443184,511408,28257,28378,75434,81945,68503,80542,64368,78117,100975,140777,130581,73769,31985,24925,True
2704401,Major Isidoro,AL,Alagoas,2702,Arapiraca,270008,Palmeira dos Índios,17700,8599,9101,593,574,1428,1435,1158,1307,1083,1205,2186,2436,3957,788,134,58,True
2704906,Mar Vermelho,AL,Alagoas,2701,Maceió,270006,Atalaia,3155,1558,1597,103,99,253,230,181,203,233,249,445,500,787,172,20,6,True
2704500,Maragogi,AL,Alagoas,2701,Maceió,270002,Porto Calvo - São Luís do Quitunde,32064,15760,16304,1084,1084,2667,2880,2410,2713,2233,2173,2898,3070,5086,1268,240,83,True
2704609,Maravilha,AL,Alagoas,2702,Arapiraca,270010,Santana do Ipanema,9534,4728,4806,351,312,703,675,657,683,594,657,1197,1285,1954,423,68,19,True
2704708,Marechal Deodoro,AL,Alagoas,2701,Maceió,270001,Maceió,60370,29220,31150,2082,1918,4562,4955,4268,4861,4164,4753,6492,7360,7460,2599,878,441,True
2704807,Maribondo,AL,Alagoas,2702,Arapiraca,270007,Arapiraca,13679,6628,7051,467,412,1039,1117,934,1019,900,1010,1594,1935,2764,724,130,35,True
2705002,Mata Grande,AL,Alagoas,2702,Arapiraca,270009,Delmiro Gouveia,21844,10824,11020,852,790,1471,1661,1446,1605,1309,1283,2601,2718,4621,710,141,34,True
2705101,Matriz de Camaragibe,AL,Alagoas,2701,Maceió,270002,Porto Calvo - São Luís do Quitunde,23847,11580,12267,874,838,1840,2088,1515,1755,1577,1636,2358,2708,4318,900,164,45,True
2705200,Messias,AL,Alagoas,2701,Maceió,270001,Maceió,15405,7345,8060,563,571,1125,1240,1002,1215,999,1131,1605,1857,2728,784,140,35,True
2705309,Minador do Negrão,AL,Alagoas,2702,Arapiraca,270008,Palmeira dos Índios,4838,2374,2464,151,164,333,357,343,328,327,361,659,713,1135,215,23,14,True
2705408,Monteirópolis,AL,Alagoas,2702,Arapiraca,270011,Pão de Açúcar - Olho d'Água das Flores ¿ Batalha,7184,3505,3679,276,277,533,573,485,521,459,478,759,879,1337,229,23,9,True
2705507,Murici,AL,Alagoas,2701,Maceió,270005,União dos Palmares,25175,12154,13021,964,907,1900,2058,1678,1880,1504,1683,2498,2855,4099,1110,214,36,True
2705606,Novo Lino,AL,Alagoas,2701,Maceió,270002,Porto Calvo - São Luís do Quitunde,10020,4974,5046,347,310,776,810,688,759,692,718,1129,1141,2410,441,89,24,True
2705705,Olho d'Água das Flores,AL,Alagoas,2702,Arapiraca,270011,Pão de Açúcar - Olho d'Água das Flores ¿ Batalha,20695,9900,10795,723,652,1548,1712,1412,1652,1227,1451,2237,2663,4082,901,214,78,True
2705804,Olho d'Água do Casado,AL,Alagoas,2702,Arapiraca,270009,Delmiro Gouveia,8349,4122,4227,304,301,665,686,577,655,489,545,839,935,1584,341,60,13,True
2705903,Olho d'Água Grande,AL,Alagoas,2702,Arapiraca,270007,Arapiraca,4330,2173,2157,174,165,307,333,255,311,321,298,515,491,1115,115,11,3,True
2706000,Olivença,AL,Alagoas,2702,Arapiraca,270010,Santana do Ipanema,10812,5278,5534,381,370,877,921,765,765,689,680,1203,1375,2331,359,49,8,True
2706109,Ouro Branco,AL,Alagoas,2702,Arapiraca,270010,Santana do Ipanema,11446,5670,5776,464,378,879,907,781,846,768,746,1283,1470,2271,513,79,15,True
2706208,Palestina,AL,Alagoas,2702,Arapiraca,270011,Pão de Açúcar - Olho d'Água das Flores ¿ Batalha,4325,2131,2194,174,153,355,347,271,289,292,318,464,539,845,141,18,6,True
2706307,Palmeira dos Índios,AL,Alagoas,2702,Arapiraca,270008,Palmeira dos Índios,71557,34136,37421,2393,2173,5100,5280,4818,5574,4653,5383,8503,10667,13111,4107,1312,464,True
2706406,Pão de Açúcar,AL,Alagoas,2702,Arapiraca,270011,Pão de Açúcar - Olho d'Água das Flores ¿ Batalha,23823,11739,12084,865,731,1843,1907,1590,1748,1499,1555,2717,3029,4398,869,228,67,True
2706422,Pariconha,AL,Alagoas,2702,Arapiraca,270009,Delmiro Gouveia,10553,5290,5263,422,382,882,855,701,764,672,634,1139,1269,1949,487,56,10,True
2706448,Paripueira,AL,Alagoas,2701,Maceió,270001,Maceió,13824,6707,7117,495,467,1091,1138,941,1117,926,997,1445,1658,1834,659,161,68,True
2706505,Passo de Camaragibe,AL,Alagoas,2701,Maceió,270002,Porto Calvo - São Luís do Quitunde,13800,6914,6886,632,551,1076,1116,980,1029,964,956,1359,1433,2783,529,73,16,True
2706604,Paulo Jacinto,AL,Alagoas,2702,Arapiraca,270008,Palmeira dos Índios,6576,3215,3361,269,245,481,468,430,483,459,449,824,964,1662,312,38,21,True
2706703,Penedo,AL,Alagoas,2701,Maceió,270003,Penedo,58650,27985,30665,1882,1820,4315,4577,4022,4813,3818,4283,6498,8000,10601,2979,950,399,True
2706802,Piaçabuçu,AL,Alagoas,2701,Maceió,270003,Penedo,15897,7790,8107,578,508,1194,1277,1110,1195,1080,1092,1693,1962,3432,582,140,49,True
2706901,Pilar,AL,Alagoas,2701,Maceió,270001,Maceió,35370,16895,18475,1262,1122,2555,2874,2371,2919,2300,2657,3643,4325,5875,1749,387,90,True
2707008,Pindoba,AL,Alagoas,2701,Maceió,270006,Atalaia,2731,1375,1356,98,99,226,206,171,177,192,208,366,386,535,145,21,7,True
2707107,Piranhas,AL,Alagoas,2702,Arapiraca,270009,Delmiro Gouveia,22598,10913,11685,830,816,1775,1905,1618,1857,1321,1554,2143,2417,3877,881,290,120,True
2707206,Poço das Trincheiras,AL,Alagoas,2702,Arapiraca,270010,Santana do Ipanema,12518,6291,6227,456,443,961,908,878,887,766,751,1466,1524,2745,293,40,12,True
2707305,Porto Calvo,AL,Alagoas,2701,Maceió,270002,Porto Calvo - São Luís do Quitunde,24071,11697,12374,893,838,1965,2093,1485,1822,1613,1819,2517,2781,4608,1226,221,64,True
2707404,Porto de Pedras,AL,Alagoas,2701,Maceió,270002,Porto Calvo - São Luís do Quitunde,9295,4666,4629,308,310,825,785,682,712,642,591,919,958,1725,300,46,23,True
2707503,Porto Real do Colégio,AL,Alagoas,2701,Maceió,270003,Penedo,20071,9793,10278,743,697,1446,1549,1439,1573,1254,1395,2223,2443,3750,518,103,39,True
2707602,Quebrangulo,AL,Alagoas,2702,Arapiraca,270008,Palmeira dos Índios,11080,5324,5756,359,352,760,870,731,831,781,757,1234,1440,2339,405,73,34,True
2707701,Rio Largo,AL,Alagoas,2701,Maceió,270001,Maceió,93914,44825,49089,3172,3131,7143,7668,6644,7762,6182,7203,9290,11545,11404,4697,1017,245,True
2707800,Roteiro,AL,Alagoas,2701,Maceió,270004,São Miguel dos Campos,6474,3235,3239,284,250,520,567,459,488,461,428,507,597,1262,261,13,6,True
2707909,Santa Luzia do Norte,AL,Alagoas,2701,Maceió,270001,Maceió,6919,3320,3599,249,241,589,609,449,574,486,524,659,795,1206,423,102,19,True
2708006,Santana do Ipanema,AL,Alagoas,2702,Arapiraca,270010,Santana do Ipanema,46200,22331,23869,1713,1666,3671,3942,3314,3668,2753,3012,4708,5668,8644,1966,483,185,True
2708105,Santana do Mundaú,AL,Alagoas,2701,Maceió,270005,União dos Palmares,11297,5615,5682,431,384,918,893,784,888,741,724,1255,1305,2154,342,49,6,True
2708204,São Brás,AL,Alagoas,2701,Maceió,270003,Penedo,6536,3166,3370,209,227,459,525,434,474,459,460,767,865,1425,184,57,12,True
2708303,São José da Laje,AL,Alagoas,2701,Maceió,270005,União dos Palmares,20813,10112,10701,756,677,1646,1741,1313,1511,1336,1418,2231,2646,4394,1079,209,55,True
2708402,São José da Tapera,AL,Alagoas,2702,Arapiraca,270011,Pão de Açúcar - Olho d'Água das Flores ¿ Batalha,30590,15083,15507,1180,1151,2566,2716,2106,2193,1701,1841,3029,3275,5495,852,157,40,True
2708501,São Luís do Quitunde,AL,Alagoas,2701,Maceió,270002,Porto Calvo - São Luís do Quitunde,30873,15119,15754,1167,1172,2440,2713,2075,2234,2031,2205,2951,3126,5562,1382,245,62,True
2708600,São Miguel dos Campos,AL,Alagoas,2701,Maceió,270004,São Miguel dos Campos,51990,24660,27330,1840,1835,3898,4417,3629,4268,3438,3965,5434,6609,8158,3673,928,315,True
2708709,São Miguel dos Milagres,AL,Alagoas,2701,Maceió,270002,Porto Calvo - São Luís do Quitunde,8482,4132,4350,290,298,718,732,606,666,622,605,852,923,1470,309,62,14,True
2708808,São Sebastião,AL,Alagoas,2702,Arapiraca,270007,Arapiraca,31739,15593,16146,1161,1056,2463,2565,2187,2506,2078,2194,3477,3892,6370,979,140,44,True
2708907,Satuba,AL,Alagoas,2701,Maceió,270001,Maceió,24274,11599,12675,722,733,1864,2006,2006,2346,1709,1955,2241,2643,2239,1008,277,66,True
2708956,Senador Rui Palmeira,AL,Alagoas,2702,Arapiraca,270010,Santana do Ipanema,12303,6084,6219,526,495,1029,1058,829,865,738,720,1236,1323,2389,431,44,10,True
2709004,Tanque d'Arca,AL,Alagoas,2702,Arapiraca,270007,Arapiraca,5796,2793,3003,178,165,388,422,394,442,427,425,723,868,1354,243,31,7,True
2709103,Taquarana,AL,Alagoas,2702,Arapiraca,270007,Arapiraca,19032,9171,9861,572,611,1261,1412,1292,1514,1197,1373,2364,2619,4224,706,110,28,True
2709152,Teotônio Vilela,AL,Alagoas,2702,Arapiraca,270007,Arapiraca,38046,18069,19977,1469,1455,2878,3291,2379,3039,2270,2731,4051,4574,7335,1844,288,70,True
2709202,Traipu,AL,Alagoas,2702,Arapiraca,270007,Arapiraca,23548,11754,11794,944,901,1796,1799,1604,1610,1499,1474,2751,2881,4647,603,116,47,True
2709301,União dos Palmares,AL,Alagoas,2701,Maceió,270005,União dos Palmares,59267,28225,31042,2019,1976,4267,4939,3832,4503,3736,4259,6517,7685,10808,3138,670,194,True
2709400,Viçosa,AL,Alagoas,2701,Maceió,270006,Atalaia,24092,11580,12512,878,817,1802,1922,1569,1782,1581,1727,2759,3264,4429,911,234,87,True
2800100,Amparo do São Francisco,SE,Sergipe,2801,Aracaju,280003,Propriá,2170,1086,1084,79,72,157,144,147,164,155,165,252,274,539,98,28,7,True
2800209,Aquidabã,SE,Sergipe,2801,Aracaju,280003,Propriá,20131,9835,10296,713,647,1424,1585,1329,1521,1369,1433,2665,2895,4509,916,237,54,True
2800308,Aracaju,SE,Sergipe,2801,Aracaju,280001,Aracaju,602631,276546,326085,16455,16396,45299,49791,44736,52896,41624,51710,67016,95760,63206,48149,27421,24003,True
2800407,Arauá,SE,Sergipe,2801,Aracaju,280002,Estância,10318,5037,5281,359,363,732,741,716,771,724,743,1272,1434,2197,508,81,25,True
2800506,Areia Branca,SE,Sergipe,2802,Itabaiana,280004,Itabaiana,17320,8361,8959,631,630,1331,1521,1247,1289,1130,1304,1881,2137,3224,913,165,59,True
2800605,Barra dos Coqueiros,SE,Sergipe,2801,Aracaju,280001,Aracaju,41505,19868,21637,1188,1208,2994,3403,3391,3942,3101,3476,4012,4731,3733,1823,553,193,True
2800670,Boquim,SE,Sergipe,2801,Aracaju,280002,Estância,24636,11907,12729,789,742,1675,1821,1630,1878,1696,1917,3336,3725,5267,1325,324,106,True
2800704,Brejo Grande,SE,Sergipe,2801,Aracaju,280003,Propriá,7841,3974,3867,315,282,646,650,549,517,481,484,764,807,1626,243,49,6,True
2801009,Campo do Brito,SE,Sergipe,2802,Itabaiana,280004,Itabaiana,18149,8745,9404,537,568,1416,1552,1260,1361,1195,1349,2202,2584,3734,981,208,106,True
2801108,Canhoba,SE,Sergipe,2801,Aracaju,280003,Propriá,3791,1957,1834,135,116,296,274,263,277,259,239,480,467,777,188,27,9,True
2801207,Canindé de São Francisco,SE,Sergipe,2802,Itabaiana,280006,Nossa Senhora da Glória,26834,13060,13774,1033,984,2236,2418,1779,2071,1730,1900,2408,2600,4630,965,241,80,True
2801306,Capela,SE,Sergipe,2801,Aracaju,280001,Aracaju,31645,15258,16387,1077,1072,2331,2585,2171,2444,2116,2289,3443,3938,5734,1386,307,99,True
2801405,Carira,SE,Sergipe,2802,Itabaiana,280004,Itabaiana,19939,9787,10152,647,620,1446,1569,1377,1499,1330,1395,2634,2852,4276,1158,183,50,True
2801504,Carmópolis,SE,Sergipe,2801,Aracaju,280001,Aracaju,13853,6605,7248,506,489,1050,1154,964,1239,916,1058,1277,1523,2320,903,224,64,True
2801603,Cedro de São João,SE,Sergipe,2801,Aracaju,280003,Propriá,5391,2629,2762,181,169,357,376,354,412,400,392,737,814,1154,319,83,27,True
2801702,Cristinápolis,SE,Sergipe,2801,Aracaju,280002,Estância,17100,8441,8659,675,661,1297,1429,1173,1367,1205,1224,1714,1829,3147,672,149,41,True
2801900,Cumbe,SE,Sergipe,2801,Aracaju,280001,Aracaju,3821,1874,1947,120,129,287,256,261,267,265,295,484,551,908,195,33,8,True
2802007,Divina Pastora,SE,Sergipe,2801,Aracaju,280001,Aracaju,4340,2157,2183,143,136,305,340,277,342,312,312,470,506,832,277,47,11,True
2802106,Estância,SE,Sergipe,2801,Aracaju,280002,Estância,65075,31089,33986,2151,1970,4693,5143,4657,5466,4296,4917,7258,8881,11044,4341,1156,444,True
2802205,Feira Nova,SE,Sergipe,2802,Itabaiana,280006,Nossa Senhora da Glória,5975,2913,3062,215,201,513,476,394,455,364,428,679,762,1152,249,40,7,True
2802304,Frei Paulo,SE,Sergipe,2802,Itabaiana,280004,Itabaiana,14530,7009,7521,464,439,1173,1205,1006,1195,981,1015,1639,1975,2498,1061,199,55,True
2802403,Gararu,SE,Sergipe,2802,Itabaiana,280006,Nossa Senhora da Glória,11096,5714,5382,377,374,848,742,812,782,853,808,1509,1399,2540,371,67,28,True
2802502,General Maynard,SE,Sergipe,2801,Aracaju,280001,Aracaju,3037,1432,1605,92,82,215,269,199,249,208,241,357,402,581,182,41,8,True
2802601,Graccho Cardoso,SE,Sergipe,2802,Itabaiana,280006,Nossa Senhora da Glória,5834,2937,2897,178,168,389,413,417,420,434,417,858,824,1263,225,44,16,True
2802700,Ilha das Flores,SE,Sergipe,2801,Aracaju,280003,Propriá,8321,4083,4238,317,276,632,645,537,592,492,555,924,1034,1732,232,37,11,True
2802809,Indiaroba,SE,Sergipe,2801,Aracaju,280002,Estância,16549,8220,8329,652,612,1241,1270,1035,1254,1096,1069,1809,1792,2974,650,126,31,True
2802908,Itabaiana,SE,Sergipe,2802,Itabaiana,280004,Itabaiana,103438,49586,53852,3257,3092,8672,9335,8014,9007,6854,8046,11053,13242,16680,6194,1582,548,True
2803005,Itabaianinha,SE,Sergipe,2801,Aracaju,280002,Estância,40669,19941,20728,1465,1431,3334,3391,2883,3224,2744,2797,4349,4875,7774,1832,332,102,True
2803104,Itabi,SE,Sergipe,2802,Itabaiana,280006,Nossa Senhora da Glória,4745,2407,2338,149,131,339,308,299,315,323,362,728,764,1200,267,56,10,True
2803203,Itaporanga d'Ajuda,SE,Sergipe,2801,Aracaju,280001,Aracaju,34401,16805,17596,1167,1127,2508,2707,2388,2841,2307,2517,3937,4118,5840,1214,221,60,True
2803302,Japaratuba,SE,Sergipe,2801,Aracaju,280001,Aracaju,16209,7821,8388,532,508,1154,1259,1131,1297,1036,1161,2013,2177,3050,912,243,64,True
2803401,Japoatã,SE,Sergipe,2801,Aracaju,280003,Propriá,13407,6760,6647,512,440,1030,1039,950,1060,931,924,1473,1578,2770,572,118,27,True
2803500,Lagarto,SE,Sergipe,2802,Itabaiana,280005,Lagarto,101560,49128,52432,3216,3041,8160,8463,7443,8252,6759,7529,12039,14229,18777,6206,1242,475,True
2803609,Laranjeiras,SE,Sergipe,2801,Aracaju,280001,Aracaju,23975,11485,12490,868,863,1809,1937,1615,1956,1641,1887,2423,2830,4510,1470,238,71,True
2803708,Macambira,SE,Sergipe,2802,Itabaiana,280004,Itabaiana,6838,3331,3507,240,215,499,532,507,519,434,499,877,996,1431,363,53,7,True
2803807,Malhada dos Bois,SE,Sergipe,2801,Aracaju,280003,Propriá,3579,1785,1794,127,97,276,276,214,281,241,275,424,409,704,162,26,4,True
2803906,Malhador,SE,Sergipe,2802,Itabaiana,280004,Itabaiana,11533,5643,5890,368,361,796,880,747,813,813,909,1507,1574,2677,653,128,23,True
2804003,Maruim,SE,Sergipe,2801,Aracaju,280001,Aracaju,15719,7552,8167,529,548,1194,1232,1068,1199,1056,1242,1547,1970,2650,1049,235,52,True
2804102,Moita Bonita,SE,Sergipe,2802,Itabaiana,280004,Itabaiana,11050,5405,5645,319,324,810,854,785,851,857,879,1463,1652,2576,618,98,29,True
2804201,Monte Alegre de Sergipe,SE,Sergipe,2802,Itabaiana,280006,Nossa Senhora da Glória,14336,7214,7122,533,504,1214,1249,1045,1096,942,931,1506,1530,2697,466,96,24,True
2804300,Muribeca,SE,Sergipe,2801,Aracaju,280003,Propriá,7822,3762,4060,233,237,603,600,578,656,517,558,863,1006,1498,422,70,17,True
2804409,Neópolis,SE,Sergipe,2801,Aracaju,280003,Propriá,16426,8060,8366,552,507,1172,1206,1062,1228,1130,1124,2076,2247,3278,901,233,92,True
2804458,Nossa Senhora Aparecida,SE,Sergipe,2802,Itabaiana,280004,Itabaiana,9232,4606,4626,251,283,735,708,648,722,709,710,1302,1241,1986,429,68,17,True
2804508,Nossa Senhora da Glória,SE,Sergipe,2802,Itabaiana,280006,Nossa Senhora da Glória,40884,19764,21120,1287,1321,3396,3756,3292,3569,2680,2966,4153,4629,6368,1781,437,127,True
2804607,Nossa Senhora das Dores,SE,Sergipe,2801,Aracaju,280001,Aracaju,24996,12152,12844,836,803,1917,2046,1780,2011,1722,1783,2976,3453,5262,1117,306,86,True
2804706,Nossa Senhora de Lourdes,SE,Sergipe,2801,Aracaju,280003,Propriá,6268,3137,3131,208,205,480,423,449,482,411,451,843,883,1291,290,61,20,True
2804805,Nossa Senhora do Socorro,SE,Sergipe,2801,Aracaju,280001,Aracaju,192156,91127,101029,6255,6081,15561,16972,15014,17146,12739,14987,16835,21760,26713,13038,2761,481,True
2804904,Pacatuba,SE,Sergipe,2801,Aracaju,280003,Propriá,12502,6194,6308,432,424,896,940,866,1025,838,810,1399,1443,2712,380,100,20,True
2805000,Pedra Mole,SE,Sergipe,2802,Itabaiana,280004,Itabaiana,2778,1374,1404,73,77,212,208,200,213,190,184,364,409,618,191,23,15,True
2805109,Pedrinhas,SE,Sergipe,2801,Aracaju,280002,Estância,7396,3571,3825,294,282,527,574,497,524,494,544,896,1154,1843,371,90,19,True
2805208,Pinhão,SE,Sergipe,2802,Itabaiana,280004,Itabaiana,5677,2751,2926,164,174,447,422,384,429,376,404,722,864,1253,385,45,16,True
2805307,Pirambu,SE,Sergipe,2801,Aracaju,280001,Aracaju,7908,3909,3999,330,286,531,550,544,594,527,562,947,1003,1463,340,88,27,True
2805406,Poço Redondo,SE,Sergipe,2802,Itabaiana,280006,Nossa Senhora da Glória,33439,16911,16528,1355,1220,2818,2673,2466,2584,2048,2043,3266,3392,6294,802,183,41,True
2805505,Poço Verde,SE,Sergipe,2802,Itabaiana,280005,Lagarto,21794,10576,11218,713,680,1568,1691,1522,1668,1510,1626,2928,3286,5024,1043,185,46,True
2805604,Porto da Folha,SE,Sergipe,2802,Itabaiana,280006,Nossa Senhora da Glória,26566,13406,13160,967,855,2047,1979,1973,2049,1856,1731,3085,3224,5706,935,212,53,True
2805703,Propriá,SE,Sergipe,2801,Aracaju,280003,Propriá,26618,12752,13866,850,797,1868,2061,1901,2182,1688,1915,3161,3809,5046,1811,586,219,True
2805802,Riachão do Dantas,SE,Sergipe,2802,Itabaiana,280005,Lagarto,18313,9135,9178,662,609,1425,1472,1299,1314,1297,1338,2355,2509,3815,734,97,32,True
2805901,Riachuelo,SE,Sergipe,2801,Aracaju,280001,Aracaju,8748,4203,4545,312,306,643,717,560,646,634,678,864,1026,1515,555,119,32,True
2806008,Ribeirópolis,SE,Sergipe,2802,Itabaiana,280004,Itabaiana,17033,8247,8786,518,466,1296,1307,1215,1342,1214,1376,2295,2601,3836,1158,185,66,True
2806107,Rosário do Catete,SE,Sergipe,2801,Aracaju,280001,Aracaju,9295,4348,4947,298,320,682,772,584,795,615,725,935,1155,1674,571,135,49,True
2806206,Salgado,SE,Sergipe,2802,Itabaiana,280005,Lagarto,20279,10085,10194,650,618,1458,1507,1434,1516,1494,1575,2637,2714,4095,1091,202,61,True
2806305,Santa Luzia do Itanhy,SE,Sergipe,2801,Aracaju,280002,Estância,13616,6753,6863,487,468,1087,1173,856,1050,885,838,1544,1501,2486,411,48,9,True
2806503,Santa Rosa de Lima,SE,Sergipe,2801,Aracaju,280001,Aracaju,3937,1984,1953,180,167,277,277,234,274,292,282,460,495,751,161,28,4,True
2806404,Santana do São Francisco,SE,Sergipe,2801,Aracaju,280003,Propriá,7346,3638,3708,244,251,543,562,518,595,515,498,762,807,1344,306,55,11,True
2806602,Santo Amaro das Brotas,SE,Sergipe,2801,Aracaju,280001,Aracaju,11092,5406,5686,339,377,747,800,732,832,736,795,1395,1556,1824,700,234,63,True
2806701,São Cristóvão,SE,Sergipe,2801,Aracaju,280001,Aracaju,93587,44705,48882,2869,2887,7440,7945,7766,8713,6387,7280,8865,11137,13188,6156,1777,476,True
2806800,São Domingos,SE,Sergipe,2802,Itabaiana,280004,Itabaiana,10327,5023,5304,310,315,816,788,669,811,744,827,1302,1394,2328,618,84,20,True
2806909,São Francisco,SE,Sergipe,2801,Aracaju,280003,Propriá,3243,1586,1657,110,101,237,235,218,236,227,255,419,431,721,173,37,10,True
2807006,São Miguel do Aleixo,SE,Sergipe,2802,Itabaiana,280004,Itabaiana,3434,1676,1758,98,106,272,262,254,260,240,264,429,506,750,205,37,12,True
2807105,Simão Dias,SE,Sergipe,2802,Itabaiana,280005,Lagarto,42578,20599,21979,1367,1293,3387,3646,3104,3302,2868,3107,5117,6052,8223,2051,411,135,True
2807204,Siriri,SE,Sergipe,2801,Aracaju,280001,Aracaju,7834,3845,3989,264,268,564,618,549,580,515,558,924,966,1630,417,80,16,True
2807303,Telha,SE,Sergipe,2801,Aracaju,280003,Propriá,3274,1600,1674,111,88,241,276,229,257,240,249,357,394,589,130,20,11,True
2807402,Tobias Barreto,SE,Sergipe,2802,Itabaiana,280005,Lagarto,50321,24258,26063,1577,1607,4059,4199,3797,4110,3387,3720,5928,7181,9796,2847,662,188,True
2807501,Tomar do Geru,SE,Sergipe,2801,Aracaju,280002,Estância,12012,6001,6011,433,409,831,860,888,877,907,887,1454,1538,2779,502,76,18,True
2807600,Umbaúba,SE,Sergipe,2801,Aracaju,280002,Estância,23912,11444,12468,788,828,1884,2027,1722,1982,1594,1753,2391,2857,4411,1112,228,56,True
2900108,Abaíra,BA,Bahia,2904,Vitória da Conquista,290013,Brumado,7301,3566,3735,205,154,375,394,461,514,502,503,1417,1564,1807,516,76,18,True
2900207,Abaré,BA,Bahia,2909,Paulo Afonso,290024,Paulo Afonso,17639,8703,8936,719,699,1358,1329,1214,1349,1225,1171,1799,2015,3070,554,105,28,True
2900306,Acajutiba,BA,Bahia,2901,Salvador,290002,Alagoinhas,13795,6732,7063,502,482,958,1022,906,998,899,990,1797,2039,3063,595,90,37,True
2900355,Adustina,BA,Bahia,2909,Paulo Afonso,290027,Cícero Dantas,14201,7069,7132,474,461,1113,1097,1074,1141,996,991,1939,2020,3384,663,81,21,True
2900405,Água Fria,BA,Bahia,2910,Feira de Santana,290029,Feira de Santana,14497,7041,7456,472,430,980,1028,973,1110,1061,1095,2003,2229,3349,616,77,17,True
2900603,Aiquara,BA,Bahia,2904,Vitória da Conquista,290012,Jequié,4447,2217,2230,139,144,288,309,310,322,313,309,694,692,997,256,41,11,True
2900702,Alagoinhas,BA,Bahia,2901,Salvador,290002,Alagoinhas,151003,70706,80297,4222,4106,10557,11657,11118,12903,11130,12999,17281,22788,21403,11689,4322,1792,True
2900801,Alcobaça,BA,Bahia,2903,Ilhéus ¿ Itabuna,290008,Teixeira de Freitas,24530,12375,12155,783,753,1640,1730,1696,1790,1808,1662,3332,3230,3947,1274,276,91,True
2900900,Almadina,BA,Bahia,2903,Ilhéus ¿ Itabuna,290007,Ilhéus ¿ Itabuna,5218,2555,2663,130,142,279,332,320,343,373,389,893,939,1475,323,41,14,True
2901007,Amargosa,BA,Bahia,2902,Santo Antônio de Jesus,290003,Santo Antônio de Jesus,36521,17571,18950,1196,1182,2845,2909,2590,2851,2527,2863,4505,5412,7410,1988,423,205,True
2901106,Amélia Rodrigues,BA,Bahia,2910,Feira de Santana,290029,Feira de Santana,24138,11257,12881,750,728,1583,1728,1576,1934,1711,2099,3075,3781,4467,1777,453,118,True
2901155,América Dourada,BA,Bahia,2907,Irecê,290020,Irecê,15132,7626,7506,560,539,1037,1101,939,1035,1070,1018,1992,1960,3308,470,57,8,True
2901205,Anagé,BA,Bahia,2904,Vitória da Conquista,290011,Vitória da Conquista,25438,12806,12632,812,795,1653,1590,1662,1697,1849,1788,4245,4330,5269,1164,115,22,True
2901304,Andaraí,BA,Bahia,2910,Feira de Santana,290031,Itaberaba,13078,6564,6514,425,442,1001,982,1005,1012,887,863,1652,1691,2775,428,70,28,True
2901353,Andorinha,BA,Bahia,2908,Juazeiro,290023,Senhor do Bonfim,15012,7467,7545,424,474,1081,1134,1081,1139,1174,1101,2121,2150,3399,846,118,27,True
2901403,Angical,BA,Bahia,2906,Barreiras,290018,Barreiras,13732,7071,6661,472,445,988,920,1031,919,1007,916,1997,1855,2524,719,97,40,True
2901502,Anguera,BA,Bahia,2910,Feira de Santana,290029,Feira de Santana,11031,5398,5633,319,294,829,862,869,876,830,821,1416,1714,1766,523,77,29,True
2901601,Antas,BA,Bahia,2909,Paulo Afonso,290027,Cícero Dantas,14206,7126,7080,400,405,1106,1135,1116,1127,1053,980,2125,2256,3114,749,124,56,True
2901700,Antônio Cardoso,BA,Bahia,2910,Feira de Santana,290029,Feira de Santana,11146,5414,5732,387,379,815,877,866,827,670,743,1354,1568,2028,661,80,16,True
2901809,Antônio Gonçalves,BA,Bahia,2908,Juazeiro,290023,Senhor do Bonfim,10840,5423,5417,370,290,773,801,795,810,810,808,1400,1489,2299,571,84,16,True
2901908,Aporá,BA,Bahia,2901,Salvador,290002,Alagoinhas,15916,8011,7905,586,527,1137,1133,1079,1107,1092,1135,2245,2367,3718,591,86,17,True
2901957,Apuarema,BA,Bahia,2904,Vitória da Conquista,290012,Jequié,6913,3483,3430,240,223,506,447,468,506,476,467,987,1033,1571,385,69,11,True
2902054,Araçás,BA,Bahia,2901,Salvador,290002,Alagoinhas,11557,5583,5974,434,397,873,976,867,1043,772,836,1203,1291,2192,470,85,26,True
2902005,Aracatu,BA,Bahia,2904,Vitória da Conquista,290013,Brumado,13936,7119,6817,426,404,995,892,1082,1032,978,873,2224,2229,2465,948,135,26,True
2902104,Araci,BA,Bahia,2910,Feira de Santana,290033,Serrinha,48294,24094,24200,1756,1704,3801,3832,3456,3541,3323,3248,5891,6342,10075,1712,292,83,True
2902203,Aramari,BA,Bahia,2901,Salvador,290002,Alagoinhas,9833,4760,5073,335,285,719,746,707,804,733,736,1191,1439,1712,557,140,31,True
2902252,Arataca,BA,Bahia,2903,Ilhéus ¿ Itabuna,290010,Camacan,10165,5363,4802,372,336,760,721,693,749,818,655,1424,1147,2398,414,75,19,True
2902302,Aratuípe,BA,Bahia,2902,Santo Antônio de Jesus,290006,Nazaré ¿ Maragogipe,8677,4378,4299,308,292,676,618,647,716,660,626,1063,1086,1817,408,67,20,True
2902401,Aurelino Leal,BA,Bahia,2903,Ilhéus ¿ Itabuna,290007,Ilhéus ¿ Itabuna,11179,5503,5676,384,369,698,812,761,872,707,721,1475,1454,2959,622,109,21,True
2902500,Baianópolis,BA,Bahia,2906,Barreiras,290018,Barreiras,13604,6993,6611,463,408,1034,979,983,919,1069,886,1816,1809,2775,532,74,29,True
2902609,Baixa Grande,BA,Bahia,2910,Feira de Santana,290029,Feira de Santana,18220,9051,9169,639,609,1281,1290,1147,1262,1234,1245,2716,2914,4445,773,127,48,True
2902658,Banzaê,BA,Bahia,2909,Paulo Afonso,290025,Ribeira do Pombal,11945,6021,5924,435,400,848,787,764,770,838,819,1621,1592,2194,580,49,13,True
2902708,Barra,BA,Bahia,2907,Irecê,290021,Xique-Xique ¿ Barra,51066,25972,25094,1986,1949,4014,3916,3626,3727,3376,3030,5581,5460,8413,1551,313,110,True
2902807,Barra da Estiva,BA,Bahia,2904,Vitória da Conquista,290011,Vitória da Conquista,26026,13130,12896,867,794,2160,2152,2242,2239,1846,1769,2874,3008,3904,977,163,67,True
2902906,Barra do Choça,BA,Bahia,2904,Vitória da Conquista,290011,Vitória da Conquista,36539,17994,18545,1222,1192,2693,2776,2634,2797,2638,2609,4401,4609,6764,1600,253,58,True
2903003,Barra do Mendes,BA,Bahia,2907,Irecê,290020,Irecê,13836,6983,6853,478,438,935,902,893,938,994,909,2173,2230,3061,694,130,31,True
2903102,Barra do Rocha,BA,Bahia,2904,Vitória da Conquista,290014,Ipiaú,5775,3017,2758,191,188,366,355,411,425,443,382,926,779,1231,297,85,19,True
2903201,Barreiras,BA,Bahia,2906,Barreiras,290018,Barreiras,159523,77911,81612,5153,5149,13244,14134,13425,14666,11406,11921,15135,16790,18454,12160,4339,2150,True
2903235,Barro Alto,BA,Bahia,2907,Irecê,290020,Irecê,13453,6795,6658,487,461,1000,928,887,945,1006,957,1926,1894,3101,676,56,14,True
2903300,Barro Preto,BA,Bahia,2903,Ilhéus ¿ Itabuna,290007,Ilhéus ¿ Itabuna,5833,2917,2916,184,132,377,390,397,435,418,441,932,881,1389,358,58,13,True
2903276,Barrocas,BA,Bahia,2910,Feira de Santana,290033,Serrinha,15203,7517,7686,497,491,1100,1119,1207,1309,1131,1140,1784,1857,2633,844,145,31,True
2903409,Belmonte,BA,Bahia,2903,Ilhéus ¿ Itabuna,290009,Eunápolis - Porto Seguro,20121,10132,9989,696,660,1360,1397,1349,1459,1421,1395,2682,2647,4664,1065,209,72,True
2903508,Belo Campo,BA,Bahia,2904,Vitória da Conquista,290011,Vitória da Conquista,18412,9184,9228,643,559,1318,1226,1206,1301,1229,1233,2787,3026,3092,865,133,28,True
2903607,Biritinga,BA,Bahia,2910,Feira de Santana,290033,Serrinha,15146,7612,7534,508,422,1079,1110,1084,1153,1103,1030,2083,2161,3079,612,94,15,True
2903706,Boa Nova,BA,Bahia,2904,Vitória da Conquista,290011,Vitória da Conquista,13690,6819,6871,485,473,920,928,843,979,976,886,2071,2133,3199,594,114,34,True
2903805,Boa Vista do Tupim,BA,Bahia,2910,Feira de Santana,290031,Itaberaba,16862,8549,8313,636,573,1089,1073,1102,1161,1131,1096,2415,2450,3500,525,74,16,True
2903904,Bom Jesus da Lapa,BA,Bahia,2905,Guanambi,290017,Bom Jesus da Lapa,65529,32159,33370,2372,2296,4993,5303,4870,5326,4433,4356,7063,7886,10366,3301,892,371,True
2903953,Bom Jesus da Serra,BA,Bahia,2904,Vitória da Conquista,290011,Vitória da Conquista,9730,5022,4708,349,332,759,685,693,690,671,639,1441,1348,2012,462,59,7,True
2904001,Boninal,BA,Bahia,2910,Feira de Santana,290034,Seabra,13622,6671,6951,420,419,948,971,931,973,952,934,1860,2131,2284,719,108,26,True
2904050,Bonito,BA,Bahia,2907,Irecê,290020,Irecê,15844,7921,7923,594,577,1363,1420,1200,1181,1085,1054,1548,1616,2988,596,97,18,True
2904100,Boquira,BA,Bahia,2905,Guanambi,290017,Bom Jesus da Lapa,19322,9505,9817,618,608,1324,1405,1366,1320,1282,1268,2805,3241,4249,1050,148,48,True
2904209,Botuporã,BA,Bahia,2905,Guanambi,290016,Guanambi,11024,5536,5488,346,313,894,847,771,798,757,714,1614,1756,2128,477,52,24,True
2904308,Brejões,BA,Bahia,2902,Santo Antônio de Jesus,290003,Santo Antônio de Jesus,12943,6368,6575,477,401,874,914,867,982,925,907,1800,1965,2595,647,126,32,True
2904407,Brejolândia,BA,Bahia,2906,Barreiras,290018,Barreiras,9108,4685,4423,300,239,518,504,614,657,704,579,1545,1451,2385,354,44,11,True
2904506,Brotas de Macaúbas,BA,Bahia,2907,Irecê,290021,Xique-Xique ¿ Barra,11765,6034,5731,395,347,698,728,785,755,820,725,1963,1963,2352,445,78,21,True
2904605,Brumado,BA,Bahia,2904,Vitória da Conquista,290013,Brumado,70510,34372,36138,2027,1910,4908,5375,5382,5794,5350,5387,9483,10660,11368,4782,1156,433,True
2904704,Buerarema,BA,Bahia,2903,Ilhéus ¿ Itabuna,290007,Ilhéus ¿ Itabuna,14804,7217,7587,418,424,848,992,939,1057,959,1020,2404,2505,3770,991,224,62,True
2904753,Buritirama,BA,Bahia,2907,Irecê,290021,Xique-Xique ¿ Barra,19589,10201,9388,767,737,1566,1425,1500,1442,1492,1215,2285,2104,3384,601,81,11,True
2904803,Caatiba,BA,Bahia,2904,Vitória da Conquista,290011,Vitória da Conquista,6205,3187,3018,237,166,390,390,438,443,483,465,991,936,1872,730,101,14,True
2904852,Cabaceiras do Paraguaçu,BA,Bahia,2902,Santo Antônio de Jesus,290004,Cruz das Almas,16559,7992,8567,673,716,1260,1294,1143,1302,1075,1133,1754,2171,3167,557,69,19,True
2904902,Cachoeira,BA,Bahia,2902,Santo Antônio de Jesus,290004,Cruz das Almas,29237,13978,15259,932,893,2134,2262,1916,2250,2140,2278,3604,4514,6100,2028,474,167,True
2905008,Caculé,BA,Bahia,2905,Guanambi,290016,Guanambi,22462,11087,11375,624,614,1657,1677,1670,1763,1595,1607,3259,3528,4154,1564,306,116,True
2905107,Caém,BA,Bahia,2910,Feira de Santana,290030,Jacobina,10374,5147,5227,410,355,733,777,695,713,695,661,1383,1533,2300,341,52,21,True
2905156,Caetanos,BA,Bahia,2904,Vitória da Conquista,290011,Vitória da Conquista,11266,5761,5505,392,338,829,749,865,825,822,736,1739,1695,2145,673,124,11,True
2905206,Caetité,BA,Bahia,2905,Guanambi,290016,Guanambi,52004,25535,26469,1552,1465,3908,4050,4151,4417,3536,3690,6786,7621,8212,2879,699,317,True
2905305,Cafarnaum,BA,Bahia,2907,Irecê,290020,Irecê,17464,8823,8641,658,602,1360,1297,1312,1301,1246,1211,1969,2170,3688,747,86,11,True
2905404,Cairu,BA,Bahia,2902,Santo Antônio de Jesus,290005,Valença,17750,8686,9064,577,535,1475,1631,1468,1622,1312,1341,1674,1699,3106,966,165,59,True
2905503,Caldeirão Grande,BA,Bahia,2910,Feira de Santana,290030,Jacobina,13080,6461,6619,477,458,945,1017,978,983,887,833,1571,1769,2717,452,47,19,True
2905602,Camacan,BA,Bahia,2903,Ilhéus ¿ Itabuna,290010,Camacan,22579,10990,11589,795,775,1474,1607,1374,1651,1490,1548,3116,3327,6149,1718,339,111,True
2905701,Camaçari,BA,Bahia,2901,Salvador,290001,Salvador,300358,144263,156095,8777,8413,21135,23314,25005,28975,23753,26284,29961,34736,37053,22510,6546,2507,True
2905800,Camamu,BA,Bahia,2902,Santo Antônio de Jesus,290005,Valença,30455,14914,15541,1078,1109,2021,2365,2006,2272,1901,1854,3601,3703,6956,1495,279,86,True
2905909,Campo Alegre de Lourdes,BA,Bahia,2908,Juazeiro,290022,Juazeiro,30671,15521,15150,1035,960,2157,2184,2161,2206,2093,1921,3988,3999,6160,887,96,41,True
2906006,Campo Formoso,BA,Bahia,2908,Juazeiro,290023,Senhor do Bonfim,71377,35495,35882,2447,2374,5664,5619,5135,5368,5082,5006,8576,9094,13392,2930,549,189,True
2906105,Canápolis,BA,Bahia,2906,Barreiras,290019,Santa Maria da Vitoria,10225,5305,4920,367,343,809,696,717,704,729,640,1383,1396,2029,321,38,15,True
2906204,Canarana,BA,Bahia,2907,Irecê,290020,Irecê,24206,12055,12151,904,855,1840,1787,1719,1730,1722,1654,2917,3288,5248,1082,134,27,True
2906303,Canavieiras,BA,Bahia,2903,Ilhéus ¿ Itabuna,290010,Camacan,32683,16329,16354,1028,972,2193,2274,2193,2487,2365,2338,4715,4627,6792,1844,387,155,True
2906402,Candeal,BA,Bahia,2910,Feira de Santana,290029,Feira de Santana,7772,3868,3904,243,214,544,556,455,474,600,598,1225,1294,1918,471,55,12,True
2906501,Candeias,BA,Bahia,2901,Salvador,290001,Salvador,72371,33917,38454,2088,1971,4904,5481,5117,6242,5411,6484,8392,10542,12599,7078,1941,475,True
2906600,Candiba,BA,Bahia,2905,Guanambi,290016,Guanambi,13016,6536,6480,371,357,816,791,912,937,922,856,2244,2274,2536,741,118,21,True
2906709,Cândido Sales,BA,Bahia,2904,Vitória da Conquista,290011,Vitória da Conquista,25247,12560,12687,862,799,1637,1733,1685,1775,1785,1814,3711,3918,5742,1406,204,64,True
2906808,Cansanção,BA,Bahia,2909,Paulo Afonso,290026,Euclides da Cunha,37439,18825,18614,1392,1263,3062,3089,2692,2707,2523,2565,4787,4802,7159,1057,129,46,True
2906824,Canudos,BA,Bahia,2909,Paulo Afonso,290026,Euclides da Cunha,16105,8137,7968,574,492,1103,1158,1114,1103,1157,1067,2146,2130,3077,746,170,24,True
2906857,Capela do Alto Alegre,BA,Bahia,2910,Feira de Santana,290029,Feira de Santana,10744,5343,5401,316,284,665,649,692,754,770,763,1840,1955,2676,586,70,19,True
2906873,Capim Grosso,BA,Bahia,2910,Feira de Santana,290030,Jacobina,33235,16156,17079,1137,1021,2449,2617,2465,2754,2272,2458,3785,4462,6086,1580,263,100,True
2906899,Caraíbas,BA,Bahia,2904,Vitória da Conquista,290011,Vitória da Conquista,9940,5043,4897,313,280,606,641,644,629,736,644,1802,1693,2172,589,64,17,True
2906907,Caravelas,BA,Bahia,2903,Ilhéus ¿ Itabuna,290008,Teixeira de Freitas,20580,10258,10322,700,697,1503,1413,1332,1537,1504,1394,2694,2828,3964,1166,316,122,True
2907004,Cardeal da Silva,BA,Bahia,2901,Salvador,290002,Alagoinhas,8365,4041,4324,321,292,650,737,621,709,493,575,881,923,1591,300,47,12,True
2907103,Carinhanha,BA,Bahia,2905,Guanambi,290016,Guanambi,28869,14730,14139,1082,1018,2204,2099,2215,2119,1996,1827,3379,3485,5534,996,155,48,True
2907202,Casa Nova,BA,Bahia,2908,Juazeiro,290022,Juazeiro,72086,36861,35225,2573,2402,5890,5554,5504,5261,5099,4753,8342,8466,11961,3240,470,157,True
2907301,Castro Alves,BA,Bahia,2902,Santo Antônio de Jesus,290004,Cruz das Almas,24712,11713,12999,813,764,1729,1861,1738,2006,1815,1917,3079,3830,5058,1278,210,87,True
2907400,Catolândia,BA,Bahia,2906,Barreiras,290018,Barreiras,3434,1782,1652,86,94,199,204,241,248,273,200,543,492,521,121,12,4,True
2907509,Catu,BA,Bahia,2901,Salvador,290001,Salvador,48148,22493,25655,1384,1347,3063,3411,3308,4177,3602,4360,6177,7533,8239,3869,1231,442,True
2907558,Caturama,BA,Bahia,2904,Vitória da Conquista,290013,Brumado,8841,4496,4345,280,216,653,583,683,675,664,603,1338,1423,1797,406,63,13,True
2907608,Central,BA,Bahia,2907,Irecê,290020,Irecê,16348,8274,8074,534,500,1153,1050,1102,1097,1168,1106,2396,2519,3733,658,94,26,True
2907707,Chorrochó,BA,Bahia,2909,Paulo Afonso,290024,Paulo Afonso,10579,5352,5227,391,366,894,770,698,746,752,673,1298,1371,2045,419,84,31,True
2907806,Cícero Dantas,BA,Bahia,2909,Paulo Afonso,290027,Cícero Dantas,30907,15238,15669,915,882,2249,2218,2245,2363,2057,2176,4738,5160,7699,1739,296,95,True
2907905,Cipó,BA,Bahia,2909,Paulo Afonso,290025,Ribeira do Pombal,17230,8402,8828,562,562,1318,1300,1219,1416,1210,1245,1894,2265,3039,818,204,56,True
2908002,Coaraci,BA,Bahia,2903,Ilhéus ¿ Itabuna,290007,Ilhéus ¿ Itabuna,17333,8262,9071,544,540,979,1110,1037,1186,1161,1216,2797,3211,4498,958,234,89,True
2908101,Cocos,BA,Bahia,2906,Barreiras,290019,Santa Maria da Vitoria,19096,9752,9344,663,624,1524,1407,1364,1348,1319,1233,2663,2590,3301,898,161,64,True
2908200,Conceição da Feira,BA,Bahia,2910,Feira de Santana,290029,Feira de Santana,20800,9863,10937,694,649,1580,1698,1425,1679,1536,1741,2326,2935,3805,1217,219,38,True
2908309,Conceição do Almeida,BA,Bahia,2902,Santo Antônio de Jesus,290004,Cruz das Almas,15794,7538,8256,472,447,1065,1094,1101,1231,1140,1245,2310,2812,3603,836,154,54,True
2908408,Conceição do Coité,BA,Bahia,2910,Feira de Santana,290032,Conceição do Coité,67825,32899,34926,2018,2096,4881,5253,4922,5429,4932,5169,8251,9240,13108,3623,630,233,True
2908507,Conceição do Jacuípe,BA,Bahia,2910,Feira de Santana,290029,Feira de Santana,35303,16782,18521,1066,1011,2625,2722,2642,2983,2666,2983,4016,5136,5403,2406,508,162,True
2908606,Conde,BA,Bahia,2901,Salvador,290002,Alagoinhas,23654,11714,11940,902,865,1961,2059,1659,1659,1482,1592,2586,2802,4461,756,166,69,True
2908705,Condeúba,BA,Bahia,2904,Vitória da Conquista,290011,Vitória da Conquista,17053,8403,8650,491,532,1045,1080,1137,1206,1276,1253,2752,2998,3419,913,132,43,True
2908804,Contendas do Sincorá,BA,Bahia,2904,Vitória da Conquista,290011,Vitória da Conquista,4329,2190,2139,155,122,284,285,335,334,297,266,646,694,944,263,48,15,True
2908903,Coração de Maria,BA,Bahia,2910,Feira de Santana,290029,Feira de Santana,26692,12837,13855,808,781,2086,2151,1988,2090,1937,2063,3262,3938,4193,1120,180,66,True
2909000,Cordeiros,BA,Bahia,2904,Vitória da Conquista,290011,Vitória da Conquista,7546,3700,3846,216,203,454,484,466,541,570,535,1286,1391,1558,482,91,11,True
2909109,Coribe,BA,Bahia,2906,Barreiras,290019,Santa Maria da Vitoria,13976,7150,6826,424,408,936,839,973,962,994,962,2327,2192,3064,495,82,31,True
2909208,Coronel João Sá,BA,Bahia,2909,Paulo Afonso,290028,Jeremoabo,17056,8743,8313,570,567,1486,1359,1240,1289,1210,1140,2230,2122,3673,765,107,22,True
2909307,Correntina,BA,Bahia,2906,Barreiras,290019,Santa Maria da Vitoria,32413,16246,16167,1119,1007,2266,2372,2452,2554,2260,2206,4314,4385,5688,1635,345,109,True
2909406,Cotegipe,BA,Bahia,2906,Barreiras,290018,Barreiras,13063,6702,6361,486,451,943,841,971,967,897,801,1824,1722,2745,537,75,24,True
2909505,Cravolândia,BA,Bahia,2904,Vitória da Conquista,290012,Jequié,4415,2189,2226,166,144,260,268,315,315,332,336,641,711,1113,229,28,13,True
2909604,Crisópolis,BA,Bahia,2901,Salvador,290002,Alagoinhas,19729,9891,9838,630,649,1439,1394,1354,1425,1453,1456,2703,2704,4685,588,101,31,True
2909703,Cristópolis,BA,Bahia,2906,Barreiras,290018,Barreiras,13993,7181,6812,474,435,1058,1022,1167,1025,938,903,1977,1920,2835,578,102,23,True
2909802,Cruz das Almas,BA,Bahia,2902,Santo Antônio de Jesus,290004,Cruz das Almas,60348,28114,32234,1793,1672,4186,4539,4277,5244,4376,5274,7306,9635,10137,4370,1220,655,True
2909901,Curaçá,BA,Bahia,2908,Juazeiro,290022,Juazeiro,34177,17444,16732,1206,1119,2615,2639,2664,2477,2422,2288,3996,3854,6595,1241,184,47,True
2910008,Dário Meira,BA,Bahia,2904,Vitória da Conquista,290014,Ipiaú,10820,5608,5212,396,329,701,723,702,747,799,685,1648,1481,2359,440,72,19,True
2910057,Dias d'Ávila,BA,Bahia,2901,Salvador,290001,Salvador,71485,34361,37124,2214,2194,5010,5458,5304,6254,5515,5977,7615,8867,10345,5588,1669,439,True
2910107,Dom Basílio,BA,Bahia,2904,Vitória da Conquista,290013,Brumado,11884,6065,5819,370,332,845,837,988,959,867,822,1845,1750,2212,611,72,24,True
2910206,Dom Macedo Costa,BA,Bahia,2902,Santo Antônio de Jesus,290003,Santo Antônio de Jesus,4407,2134,2273,134,124,318,298,301,355,332,367,615,697,775,236,39,6,True
2910305,Elísio Medrado,BA,Bahia,2902,Santo Antônio de Jesus,290003,Santo Antônio de Jesus,7808,3870,3938,244,211,453,433,531,560,577,613,1279,1377,1894,504,63,23,True
2910404,Encruzilhada,BA,Bahia,2904,Vitória da Conquista,290011,Vitória da Conquista,19107,9861,9246,661,614,1335,1349,1373,1317,1381,1226,2809,2518,4894,778,125,39,True
2910503,Entre Rios,BA,Bahia,2901,Salvador,290002,Alagoinhas,38084,18281,19803,1269,1247,2808,3175,2585,3042,2714,2962,4328,5081,7258,1955,454,133,True
2900504,Érico Cardoso,BA,Bahia,2904,Vitória da Conquista,290013,Brumado,10596,5281,5315,314,337,831,802,789,785,765,711,1597,1713,1732,650,112,26,True
2910602,Esplanada,BA,Bahia,2901,Salvador,290002,Alagoinhas,32554,15828,16726,1226,1157,2583,2780,2263,2525,2199,2285,3497,3991,5936,1530,317,117,True
2910701,Euclides da Cunha,BA,Bahia,2909,Paulo Afonso,290026,Euclides da Cunha,61449,30649,30800,2039,1848,4503,4540,4365,4794,4360,4251,8333,8863,12017,2494,446,169,True
2910727,Eunápolis,BA,Bahia,2903,Ilhéus ¿ Itabuna,290009,Eunápolis - Porto Seguro,113335,54756,58579,3575,3491,8120,8952,8514,9709,8250,8879,12382,14051,15526,8693,2702,1231,True
2910750,Fátima,BA,Bahia,2909,Paulo Afonso,290027,Cícero Dantas,17895,8959,8936,548,496,1410,1321,1350,1407,1261,1294,2618,2674,4159,824,93,28,True
2910776,Feira da Mata,BA,Bahia,2905,Guanambi,290016,Guanambi,5631,2885,2746,170,144,362,359,411,409,429,387,877,856,1295,223,34,13,True
2910800,Feira de Santana,BA,Bahia,2910,Feira de Santana,290029,Feira de Santana,616248,287010,329238,17722,17755,46702,51888,47410,55200,44641,52140,63324,85688,81975,49572,16178,7765,True
2910859,Filadélfia,BA,Bahia,2908,Juazeiro,290023,Senhor do Bonfim,17897,8930,8967,612,579,1352,1348,1350,1394,1354,1259,2194,2322,3748,685,87,28,True
2910909,Firmino Alves,BA,Bahia,2903,Ilhéus ¿ Itabuna,290007,Ilhéus ¿ Itabuna,4864,2449,2415,152,156,357,304,364,382,339,320,688,717,1071,407,67,13,True
2911006,Floresta Azul,BA,Bahia,2903,Ilhéus ¿ Itabuna,290007,Ilhéus ¿ Itabuna,11059,5627,5432,339,336,721,692,832,820,788,752,1831,1756,2226,509,83,19,True
2911105,Formosa do Rio Preto,BA,Bahia,2906,Barreiras,290018,Barreiras,25870,13077,12793,899,887,2245,2107,2088,2088,1702,1577,2668,2662,3329,1040,249,105,True
2911204,Gandu,BA,Bahia,2904,Vitória da Conquista,290014,Ipiaú,32178,15732,16446,1081,1058,2260,2382,2326,2665,2481,2516,3859,4130,6215,1974,482,204,True
2911253,Gavião,BA,Bahia,2910,Feira de Santana,290029,Feira de Santana,4360,2238,2122,130,129,304,247,290,301,314,300,790,706,1045,239,27,7,True
2911303,Gentio do Ouro,BA,Bahia,2907,Irecê,290021,Xique-Xique ¿ Barra,10872,5577,5293,364,354,817,742,785,791,769,662,1580,1533,2339,392,34,4,True
2911402,Glória,BA,Bahia,2909,Paulo Afonso,290024,Paulo Afonso,15518,7612,7906,448,419,995,1099,1245,1234,1053,1104,1877,2136,2867,850,144,23,True
2911501,Gongogi,BA,Bahia,2904,Vitória da Conquista,290014,Ipiaú,5555,2770,2785,193,184,346,390,391,417,412,371,758,816,1635,386,53,11,True
2911600,Governador Mangabeira,BA,Bahia,2902,Santo Antônio de Jesus,290004,Cruz das Almas,20605,9659,10946,687,720,1355,1486,1400,1726,1508,1638,2468,3151,3510,1061,188,61,True
2911659,Guajeru,BA,Bahia,2905,Guanambi,290016,Guanambi,8050,4018,4032,235,241,560,522,490,534,551,520,1459,1499,1888,601,77,11,True
2911709,Guanambi,BA,Bahia,2905,Guanambi,290016,Guanambi,87817,42581,45236,2554,2475,6457,6891,6731,7529,6256,6669,11130,12728,12821,5970,1509,711,True
2911808,Guaratinga,BA,Bahia,2903,Ilhéus ¿ Itabuna,290009,Eunápolis - Porto Seguro,19049,9796,9253,663,551,1188,1138,1294,1299,1479,1238,3016,2902,5091,920,150,47,True
2911857,Heliópolis,BA,Bahia,2909,Paulo Afonso,290027,Cícero Dantas,12309,6180,6129,390,384,1021,962,837,922,908,850,1823,1880,2951,604,86,17,True
2911907,Iaçu,BA,Bahia,2910,Feira de Santana,290031,Itaberaba,24607,11909,12698,855,791,1604,1816,1575,1798,1687,1754,3321,3744,5361,976,177,52,True
2912004,Ibiassucê,BA,Bahia,2905,Guanambi,290016,Guanambi,10429,5210,5219,298,264,689,674,698,789,760,732,1870,1860,1821,625,123,39,True
2912103,Ibicaraí,BA,Bahia,2903,Ilhéus ¿ Itabuna,290007,Ilhéus ¿ Itabuna,21665,10442,11223,714,687,1424,1526,1297,1559,1497,1592,3336,3681,5008,1210,369,114,True
2912202,Ibicoara,BA,Bahia,2904,Vitória da Conquista,290011,Vitória da Conquista,20785,10418,10367,763,742,1753,1789,1827,1911,1439,1369,1849,1869,3304,997,152,47,True
2912301,Ibicuí,BA,Bahia,2903,Ilhéus ¿ Itabuna,290007,Ilhéus ¿ Itabuna,13934,6930,7004,429,416,846,935,958,1015,1022,954,2190,2252,3396,883,199,56,True
2912400,Ibipeba,BA,Bahia,2907,Irecê,290020,Irecê,16600,8392,8208,559,512,1038,1063,1124,1186,1278,1171,2488,2426,3705,746,94,44,True
2912509,Ibipitanga,BA,Bahia,2905,Guanambi,290017,Bom Jesus da Lapa,13863,6897,6966,426,475,1120,1034,973,958,948,984,2005,2271,2768,715,107,28,True
2912608,Ibiquera,BA,Bahia,2910,Feira de Santana,290031,Itaberaba,3725,1906,1819,154,127,231,232,237,257,286,226,531,533,1006,144,22,9,True
2912707,Ibirapitanga,BA,Bahia,2903,Ilhéus ¿ Itabuna,290007,Ilhéus ¿ Itabuna,25344,13089,12255,1001,926,2034,1986,1742,1773,1772,1565,3312,2986,4717,993,209,63,True
2912806,Ibirapuã,BA,Bahia,2903,Ilhéus ¿ Itabuna,290008,Teixeira de Freitas,8892,4468,4424,275,257,592,638,680,658,634,578,1270,1231,1485,691,133,53,True
2912905,Ibirataia,BA,Bahia,2904,Vitória da Conquista,290014,Ipiaú,18792,9133,9659,518,529,1149,1179,1239,1487,1347,1360,2714,2886,4018,893,186,53,True
2913002,Ibitiara,BA,Bahia,2910,Feira de Santana,290034,Seabra,14637,7294,7343,470,420,1044,1017,1034,1000,1082,1004,2260,2526,3014,592,123,23,True
2913101,Ibititá,BA,Bahia,2907,Irecê,290020,Irecê,16969,8525,8444,522,531,1143,1103,1191,1171,1234,1179,2538,2659,3960,754,119,27,True
2913200,Ibotirama,BA,Bahia,2907,Irecê,290021,Xique-Xique ¿ Barra,26297,12884,13413,829,848,1878,2086,1931,2189,1794,1808,3125,3331,4749,1413,315,113,True
2913309,Ichu,BA,Bahia,2910,Feira de Santana,290029,Feira de Santana,6190,3012,3178,180,184,452,429,436,470,402,408,914,1026,1081,341,67,10,True
2913408,Igaporã,BA,Bahia,2905,Guanambi,290016,Guanambi,15516,7638,7878,427,434,1133,1211,1180,1277,1097,1101,2256,2374,2871,837,128,45,True
2913457,Igrapiúna,BA,Bahia,2902,Santo Antônio de Jesus,290005,Valença,13151,6770,6381,438,413,1035,1045,999,1030,964,839,1665,1452,2571,619,80,32,True
2913507,Iguaí,BA,Bahia,2904,Vitória da Conquista,290011,Vitória da Conquista,21491,10879,10612,708,701,1372,1339,1372,1517,1562,1498,3443,3195,5435,1084,184,78,True
2913606,Ilhéus,BA,Bahia,2903,Ilhéus ¿ Itabuna,290007,Ilhéus ¿ Itabuna,178613,85514,93099,5173,5231,12082,13194,12282,14356,12977,14436,23700,27516,31095,14596,5073,2768,True
2913705,Inhambupe,BA,Bahia,2901,Salvador,290002,Alagoinhas,33767,16505,17262,1176,1086,2589,2724,2457,2687,2348,2346,3952,4573,7268,1592,250,87,True
2913804,Ipecaetá,BA,Bahia,2910,Feira de Santana,290029,Feira de Santana,13709,6670,7039,447,428,1144,1133,938,1013,872,918,1805,2075,2938,640,51,8,True
2913903,Ipiaú,BA,Bahia,2904,Vitória da Conquista,290014,Ipiaú,40706,19594,21112,1218,1184,2577,2856,2814,3255,2871,3007,5540,6560,8207,2779,757,339,True
2914000,Ipirá,BA,Bahia,2910,Feira de Santana,290029,Feira de Santana,56876,27471,29405,1887,1818,3952,4252,3918,4361,3866,4110,7593,8820,12415,2890,377,123,True
2914109,Ipupiara,BA,Bahia,2907,Irecê,290021,Xique-Xique ¿ Barra,9935,4948,4987,291,306,660,709,719,718,691,674,1580,1590,1972,529,63,13,True
2914208,Irajuba,BA,Bahia,2904,Vitória da Conquista,290012,Jequié,6101,3008,3093,209,205,376,395,395,405,428,449,914,933,1564,288,35,10,True
2914307,Iramaia,BA,Bahia,2904,Vitória da Conquista,290011,Vitória da Conquista,10752,5487,5265,374,356,859,819,851,766,778,686,1463,1516,2454,499,68,24,True
2914406,Iraquara,BA,Bahia,2910,Feira de Santana,290034,Seabra,23879,11819,12060,862,849,1912,1968,1775,1815,1591,1568,2760,3020,4530,846,123,33,True
2914505,Irará,BA,Bahia,2910,Feira de Santana,290029,Feira de Santana,28043,13461,14582,963,842,1885,1988,1957,2209,1921,2150,3602,4499,5566,1533,311,67,True
2914604,Irecê,BA,Bahia,2907,Irecê,290020,Irecê,74507,35731,38776,2416,2577,5824,6362,5582,6300,5406,6016,7674,9202,12581,4439,1181,558,True
2914653,Itabela,BA,Bahia,2903,Ilhéus ¿ Itabuna,290009,Eunápolis - Porto Seguro,28165,14179,13986,956,887,2092,2256,2153,2131,1883,1873,3189,3238,5216,1530,343,111,True
2914703,Itaberaba,BA,Bahia,2910,Feira de Santana,290031,Itaberaba,65073,31408,33665,2095,1982,4780,4935,4896,5601,4644,4877,7525,9044,11458,3913,942,370,True
2914802,Itabuna,BA,Bahia,2903,Ilhéus ¿ Itabuna,290007,Ilhéus ¿ Itabuna,185751,85990,99761,5318,5261,12433,13781,12563,15551,13120,15579,24278,31563,32574,17824,6411,3283,True
2914901,Itacaré,BA,Bahia,2903,Ilhéus ¿ Itabuna,290007,Ilhéus ¿ Itabuna,27702,14080,13622,968,931,2136,2297,2210,2322,2107,1817,2986,2758,4517,1384,288,72,True
2915007,Itaeté,BA,Bahia,2910,Feira de Santana,290031,Itaberaba,13457,6730,6727,463,415,971,1009,934,937,839,850,1732,1842,2994,532,97,30,True
2915106,Itagi,BA,Bahia,2904,Vitória da Conquista,290012,Jequié,13803,6950,6853,460,478,954,956,876,997,1027,929,2071,2007,2832,531,98,21,True
2915205,Itagibá,BA,Bahia,2904,Vitória da Conquista,290014,Ipiaú,15310,7700,7610,504,437,956,1043,1105,1209,1159,1052,2232,2166,2996,716,138,46,True
2915304,Itagimirim,BA,Bahia,2903,Ilhéus ¿ Itabuna,290009,Eunápolis - Porto Seguro,6347,3168,3179,204,177,378,426,419,428,461,455,906,964,1456,431,119,28,True
2915353,Itaguaçu da Bahia,BA,Bahia,2907,Irecê,290020,Irecê,12294,6294,6000,425,388,883,865,872,827,842,777,1643,1503,2819,473,42,12,True
2915403,Itaju do Colônia,BA,Bahia,2903,Ilhéus ¿ Itabuna,290007,Ilhéus ¿ Itabuna,6035,2988,3047,247,224,388,357,325,399,394,433,816,822,1637,352,61,19,True
2915502,Itajuípe,BA,Bahia,2903,Ilhéus ¿ Itabuna,290007,Ilhéus ¿ Itabuna,18781,9158,9623,619,554,1156,1241,1235,1445,1321,1420,2795,3006,4212,1302,317,99,True
2915601,Itamaraju,BA,Bahia,2903,Ilhéus ¿ Itabuna,290008,Teixeira de Freitas,59605,29370,30235,1893,1902,4265,4392,4095,4529,4330,4327,7608,8228,11936,4331,1083,402,True
2915700,Itamari,BA,Bahia,2904,Vitória da Conquista,290014,Ipiaú,7051,3538,3513,235,241,435,445,452,499,518,492,1094,1020,1708,471,79,34,True
2915809,Itambé,BA,Bahia,2904,Vitória da Conquista,290011,Vitória da Conquista,24394,12300,12094,801,788,1733,1799,1824,1891,1956,1793,3289,3272,3898,1699,215,56,True
2915908,Itanagra,BA,Bahia,2901,Salvador,290001,Salvador,5914,2901,3013,214,202,437,505,396,450,383,412,695,686,1528,385,76,20,True
2916005,Itanhém,BA,Bahia,2903,Ilhéus ¿ Itabuna,290008,Teixeira de Freitas,17813,8982,8831,516,464,1093,1110,1209,1205,1240,1213,3152,3140,4346,1234,259,119,True
2916104,Itaparica,BA,Bahia,2902,Santo Antônio de Jesus,290006,Nazaré ¿ Maragogipe,19789,9338,10451,566,565,1366,1448,1183,1477,1437,1668,2734,3276,4101,1374,287,95,True
2916203,Itapé,BA,Bahia,2903,Ilhéus ¿ Itabuna,290007,Ilhéus ¿ Itabuna,10341,5188,5153,336,301,680,700,799,806,776,788,1457,1416,2488,557,91,35,True
2916302,Itapebi,BA,Bahia,2903,Ilhéus ¿ Itabuna,290009,Eunápolis - Porto Seguro,9174,4638,4536,316,288,581,609,599,663,633,606,1322,1253,2040,561,143,37,True
2916401,Itapetinga,BA,Bahia,2904,Vitória da Conquista,290015,Itapetinga,65897,31668,34229,2113,2091,4561,4830,4574,5141,4790,5262,8282,9678,10146,6411,1530,600,True
2916500,Itapicuru,BA,Bahia,2901,Salvador,290002,Alagoinhas,31679,16034,15645,1100,1023,2364,2451,2282,2295,2222,2152,4157,4009,7142,945,109,29,True
2916609,Itapitanga,BA,Bahia,2903,Ilhéus ¿ Itabuna,290007,Ilhéus ¿ Itabuna,10279,5196,5083,298,309,775,714,725,829,789,702,1326,1397,2050,477,61,21,True
2916708,Itaquara,BA,Bahia,2904,Vitória da Conquista,290012,Jequié,8153,4076,4077,212,197,600,608,631,687,642,597,1178,1161,1665,273,44,14,True
2916807,Itarantim,BA,Bahia,2904,Vitória da Conquista,290015,Itapetinga,17052,8656,8396,484,481,1143,1136,1240,1275,1258,1180,2587,2470,3728,1049,180,65,True
2916856,Itatim,BA,Bahia,2902,Santo Antônio de Jesus,290004,Cruz das Almas,15737,7680,8057,546,507,1214,1237,1166,1283,1108,1166,1745,1956,3073,734,105,29,True
2916906,Itiruçu,BA,Bahia,2904,Vitória da Conquista,290012,Jequié,10999,5313,5686,363,361,729,712,751,825,760,749,1588,1900,2825,652,117,41,True
2917003,Itiúba,BA,Bahia,2908,Juazeiro,290023,Senhor do Bonfim,33872,17076,16796,1273,1205,2532,2467,2347,2402,2321,2294,4527,4608,7708,1326,221,55,True
2917102,Itororó,BA,Bahia,2904,Vitória da Conquista,290015,Itapetinga,16617,8157,8460,540,516,1030,1087,1103,1168,1184,1176,2459,2730,3942,1355,207,82,True
2917201,Ituaçu,BA,Bahia,2904,Vitória da Conquista,290011,Vitória da Conquista,17914,8929,8985,553,558,1310,1253,1367,1365,1353,1292,2497,2707,3529,925,173,63,True
2917300,Ituberá,BA,Bahia,2902,Santo Antônio de Jesus,290005,Valença,21902,10596,11306,753,770,1438,1509,1523,1731,1569,1696,2737,3124,5079,1509,308,117,True
2917334,Iuiu,BA,Bahia,2905,Guanambi,290016,Guanambi,11114,5608,5506,411,368,947,897,891,881,757,720,1370,1387,1926,557,74,14,True
2917359,Jaborandi,BA,Bahia,2906,Barreiras,290019,Santa Maria da Vitoria,9219,4733,4486,252,241,635,600,718,708,650,620,1364,1325,1862,339,47,27,True
2917409,Jacaraci,BA,Bahia,2905,Guanambi,290016,Guanambi,14436,7366,7070,397,378,1002,990,1125,1085,1048,915,2523,2553,2554,918,129,31,True
2917508,Jacobina,BA,Bahia,2910,Feira de Santana,290030,Jacobina,82590,39465,43125,2494,2426,5857,6407,5934,6980,5908,6389,9676,11726,16693,5103,1331,586,True
2917607,Jaguaquara,BA,Bahia,2904,Vitória da Conquista,290012,Jequié,45964,22189,23775,1557,1537,3333,3419,3004,3487,3165,3391,5757,6601,9899,2549,520,171,True
2917706,Jaguarari,BA,Bahia,2908,Juazeiro,290023,Senhor do Bonfim,32703,16408,16295,1014,941,2352,2345,2379,2443,2476,2417,4543,4696,5899,1861,454,127,True
2917805,Jaguaripe,BA,Bahia,2902,Santo Antônio de Jesus,290006,Nazaré ¿ Maragogipe,17659,8819,8840,596,572,1255,1290,1347,1447,1389,1321,2291,2288,3646,641,84,22,True
2917904,Jandaíra,BA,Bahia,2901,Salvador,290002,Alagoinhas,9285,4650,4635,324,328,748,724,638,631,622,641,1034,1087,2072,315,55,11,True
2918001,Jequié,BA,Bahia,2904,Vitória da Conquista,290012,Jequié,158448,75755,82693,4699,4627,10751,11840,11503,13262,11462,12516,19501,23253,27354,10774,3292,1404,True
2918100,Jeremoabo,BA,Bahia,2909,Paulo Afonso,290028,Jeremoabo,37626,18617,19009,1373,1267,2665,2771,2643,2791,2576,2565,4991,5274,8048,1739,319,100,True
2918209,Jiquiriçá,BA,Bahia,2902,Santo Antônio de Jesus,290003,Santo Antônio de Jesus,13629,6806,6823,446,424,947,991,1097,1144,1035,1010,1855,1850,2931,655,115,26,True
2918308,Jitaúna,BA,Bahia,2904,Vitória da Conquista,290012,Jequié,14355,7271,7084,489,454,966,1018,1036,1025,1054,945,2093,2179,3059,557,123,27,True
2918357,João Dourado,BA,Bahia,2907,Irecê,290020,Irecê,24854,12453,12401,946,948,1884,1794,1681,1796,1814,1821,2835,2921,4659,857,148,49,True
2918407,Juazeiro,BA,Bahia,2908,Juazeiro,290022,Juazeiro,237041,115306,121735,8007,7883,19745,20260,17411,19113,16061,17639,23153,27212,31918,14391,4148,1858,True
2918456,Jucuruçu,BA,Bahia,2903,Ilhéus ¿ Itabuna,290008,Teixeira de Freitas,9655,5087,4568,296,282,647,637,728,669,734,593,1527,1297,2211,400,62,13,True
2918506,Jussara,BA,Bahia,2907,Irecê,290020,Irecê,16351,8387,7964,559,512,1210,1071,1145,1169,1223,1036,2303,2231,3297,645,90,24,True
2918555,Jussari,BA,Bahia,2903,Ilhéus ¿ Itabuna,290010,Camacan,5888,2965,2923,191,168,424,375,376,416,421,426,917,896,1485,329,53,16,True
2918605,Jussiape,BA,Bahia,2904,Vitória da Conquista,290013,Brumado,7379,3613,3766,180,166,458,422,588,525,519,535,1265,1499,1649,544,63,22,True
2918704,Lafaiete Coutinho,BA,Bahia,2904,Vitória da Conquista,290012,Jequié,4075,2081,1994,118,101,238,205,294,326,310,285,703,632,972,186,26,10,True
2918753,Lagoa Real,BA,Bahia,2905,Guanambi,290016,Guanambi,14105,7181,6924,424,392,1183,1205,1223,1150,994,875,1913,1924,2438,613,79,11,True
2918803,Laje,BA,Bahia,2902,Santo Antônio de Jesus,290003,Santo Antônio de Jesus,21052,10478,10574,725,639,1505,1513,1602,1687,1620,1605,2760,2908,4894,1031,202,37,True
2918902,Lajedão,BA,Bahia,2903,Ilhéus ¿ Itabuna,290008,Teixeira de Freitas,3845,1892,1953,116,109,205,232,272,256,271,270,611,660,826,264,57,21,True
2919009,Lajedinho,BA,Bahia,2910,Feira de Santana,290031,Itaberaba,3527,1754,1773,127,103,229,204,229,264,260,247,516,524,886,124,17,7,True
2919058,Lajedo do Tabocal,BA,Bahia,2904,Vitória da Conquista,290012,Jequié,7494,3746,3748,262,211,502,533,510,550,546,576,1138,1125,1945,320,29,10,True
2919108,Lamarão,BA,Bahia,2910,Feira de Santana,290029,Feira de Santana,9015,4383,4632,322,306,650,648,629,684,606,582,1215,1403,1805,384,43,5,True
2919157,Lapão,BA,Bahia,2907,Irecê,290020,Irecê,25736,12829,12907,926,864,1941,1908,1750,1851,1885,1807,3265,3553,5688,1016,145,57,True
2919207,Lauro de Freitas,BA,Bahia,2901,Salvador,290001,Salvador,202966,94921,108045,5480,5407,13800,15722,16375,19406,16571,19410,21070,26925,21120,13914,5456,6475,True
2919306,Lençóis,BA,Bahia,2910,Feira de Santana,290034,Seabra,10773,5308,5465,366,365,860,860,880,911,783,761,1092,1226,2046,553,131,60,True
2919405,Licínio de Almeida,BA,Bahia,2905,Guanambi,290016,Guanambi,11834,5979,5855,365,340,717,722,884,850,859,796,1966,2030,2524,783,107,21,True
2919504,Livramento de Nossa Senhora,BA,Bahia,2904,Vitória da Conquista,290013,Brumado,43903,21995,21908,1294,1185,3091,3171,3552,3598,3341,3219,6183,6422,7394,2511,477,184,True
2919553,Luís Eduardo Magalhães,BA,Bahia,2906,Barreiras,290018,Barreiras,107909,54115,53794,3649,3675,10388,10845,10594,10905,7820,7380,6801,6338,6798,6357,2577,1347,True
2919603,Macajuba,BA,Bahia,2910,Feira de Santana,290029,Feira de Santana,10454,5106,5348,386,407,633,626,669,713,747,753,1417,1649,2597,296,41,10,True
2919702,Macarani,BA,Bahia,2904,Vitória da Conquista,290015,Itapetinga,21599,10527,11072,589,652,1470,1691,1833,1942,1796,1804,2768,2845,3304,1244,185,63,True
2919801,Macaúbas,BA,Bahia,2905,Guanambi,290017,Bom Jesus da Lapa,41859,20771,21088,1414,1333,3224,3048,2846,3085,2801,2829,6092,6515,8288,2620,404,135,True
2919900,Macururé,BA,Bahia,2909,Paulo Afonso,290024,Paulo Afonso,7256,3629,3627,293,251,493,493,445,498,517,470,958,1037,1445,367,48,18,True
2919926,Madre de Deus,BA,Bahia,2901,Salvador,290001,Salvador,18501,8684,9817,487,542,1312,1410,1270,1481,1346,1712,2287,2793,2487,1524,496,173,True
2919959,Maetinga,BA,Bahia,2904,Vitória da Conquista,290011,Vitória da Conquista,6973,3533,3440,241,208,432,438,432,483,510,529,1220,1162,1467,403,47,7,True
2920007,Maiquinique,BA,Bahia,2904,Vitória da Conquista,290015,Itapetinga,8731,4372,4359,290,317,618,612,621,667,640,626,1198,1195,1890,494,92,32,True
2920106,Mairi,BA,Bahia,2910,Feira de Santana,290029,Feira de Santana,17674,8770,8904,524,500,1283,1247,1220,1225,1239,1248,2651,2984,4378,902,145,48,True
2920205,Malhada,BA,Bahia,2905,Guanambi,290016,Guanambi,15374,7825,7549,613,526,1161,1119,1152,1105,1016,1017,1835,1848,2815,701,74,22,True
2920304,Malhada de Pedras,BA,Bahia,2904,Vitória da Conquista,290013,Brumado,8670,4421,4249,255,272,610,624,667,626,621,589,1391,1345,1776,446,55,6,True
2920403,Manoel Vitorino,BA,Bahia,2904,Vitória da Conquista,290012,Jequié,13860,7014,6846,469,436,979,943,904,938,989,954,2118,2090,2930,601,110,19,True
2920452,Mansidão,BA,Bahia,2906,Barreiras,290018,Barreiras,13919,7161,6758,518,461,1171,1117,1203,1152,1037,920,1650,1601,1903,467,66,24,True
2920502,Maracás,BA,Bahia,2904,Vitória da Conquista,290012,Jequié,27620,13558,14062,862,819,1999,2104,2123,2299,1941,1931,3701,3903,5713,1037,167,50,True
2920601,Maragogipe,BA,Bahia,2902,Santo Antônio de Jesus,290006,Nazaré ¿ Maragogipe,35853,17505,18348,1165,1162,2532,2529,2735,2750,2890,2918,4440,5280,8879,2116,397,115,True
2920700,Maraú,BA,Bahia,2903,Ilhéus ¿ Itabuna,290007,Ilhéus ¿ Itabuna,24527,12514,12013,830,802,2042,2004,2030,2278,1889,1586,2592,2125,3637,1015,191,78,True
2920809,Marcionílio Souza,BA,Bahia,2910,Feira de Santana,290031,Itaberaba,9267,4625,4642,322,327,630,657,659,669,607,598,1254,1303,2130,370,52,15,True
2920908,Mascote,BA,Bahia,2903,Ilhéus ¿ Itabuna,290010,Camacan,13544,6814,6730,502,469,890,989,964,1063,964,920,1898,1794,3023,544,104,35,True
2921005,Mata de São João,BA,Bahia,2901,Salvador,290001,Salvador,42547,20332,22215,1424,1365,2939,3189,3136,3717,3263,3462,4551,5493,6568,2915,691,233,True
2921054,Matina,BA,Bahia,2905,Guanambi,290016,Guanambi,10330,5186,5144,383,357,786,818,763,768,709,688,1334,1417,2020,555,59,8,True
2921104,Medeiros Neto,BA,Bahia,2903,Ilhéus ¿ Itabuna,290008,Teixeira de Freitas,22194,11192,11002,705,613,1502,1479,1472,1602,1633,1435,3406,3526,4694,1379,304,109,True
2921203,Miguel Calmon,BA,Bahia,2910,Feira de Santana,290030,Jacobina,24661,12139,12522,740,667,1593,1561,1592,1848,1706,1759,3638,3900,6267,1102,228,86,True
2921302,Milagres,BA,Bahia,2902,Santo Antônio de Jesus,290003,Santo Antônio de Jesus,11071,5395,5676,352,365,823,833,759,808,786,839,1434,1594,2271,555,87,19,True
2921401,Mirangaba,BA,Bahia,2910,Feira de Santana,290030,Jacobina,15725,7852,7873,556,495,1142,1104,1102,1192,1083,1100,2076,2204,3666,503,67,11,True
2921450,Mirante,BA,Bahia,2904,Vitória da Conquista,290011,Vitória da Conquista,10187,5260,4927,322,322,762,681,717,714,797,708,1551,1519,2122,449,60,10,True
2921500,Monte Santo,BA,Bahia,2909,Paulo Afonso,290026,Euclides da Cunha,47780,24204,23576,1613,1514,3386,3338,3336,3450,3474,3253,6899,6863,11284,1950,194,61,True
2921609,Morpará,BA,Bahia,2907,Irecê,290021,Xique-Xique ¿ Barra,7994,4094,3900,296,241,509,499,504,574,534,428,1271,1217,1866,292,33,10,True
2921708,Morro do Chapéu,BA,Bahia,2907,Irecê,290020,Irecê,33594,16619,16975,1089,1066,2291,2356,2308,2460,2249,2348,4379,4582,7584,1519,316,98,True
2921807,Mortugaba,BA,Bahia,2905,Guanambi,290016,Guanambi,11143,5491,5652,267,263,595,645,762,778,792,748,1935,2120,2270,951,129,36,True
2921906,Mucugê,BA,Bahia,2910,Feira de Santana,290034,Seabra,12101,5981,6120,390,371,873,937,970,999,858,853,1446,1537,1910,579,102,53,True
2922003,Mucuri,BA,Bahia,2903,Ilhéus ¿ Itabuna,290008,Teixeira de Freitas,37977,18805,19172,1197,1149,2791,2896,2737,3058,2770,2779,4452,4525,5586,2806,971,346,True
2922052,Mulungu do Morro,BA,Bahia,2907,Irecê,290020,Irecê,13143,6550,6593,508,465,1108,1111,991,1018,885,865,1313,1494,2566,420,50,5,True
2922102,Mundo Novo,BA,Bahia,2910,Feira de Santana,290029,Feira de Santana,17305,8527,8778,574,543,1154,1178,1100,1149,1237,1204,2487,2735,5079,1059,161,60,True
2922201,Muniz Ferreira,BA,Bahia,2902,Santo Antônio de Jesus,290003,Santo Antônio de Jesus,7185,3536,3649,179,179,478,465,556,585,604,602,1037,1140,1624,399,68,27,True
2922250,Muquém do São Francisco,BA,Bahia,2907,Irecê,290021,Xique-Xique ¿ Barra,10436,5500,4936,423,339,859,776,724,752,711,656,1265,1021,2024,315,48,10,True
2922300,Muritiba,BA,Bahia,2902,Santo Antônio de Jesus,290004,Cruz das Almas,28707,13398,15309,880,849,1905,2118,1977,2409,2079,2405,3524,4621,5204,1978,450,161,True
2922409,Mutuípe,BA,Bahia,2902,Santo Antônio de Jesus,290003,Santo Antônio de Jesus,20037,9632,10405,616,631,1357,1512,1479,1608,1446,1561,2634,2975,4796,1124,223,73,True
2922508,Nazaré,BA,Bahia,2902,Santo Antônio de Jesus,290006,Nazaré ¿ Maragogipe,27060,13029,14031,787,735,1886,2017,1984,2262,2016,2186,3392,4064,5329,1756,430,133,True
2922607,Nilo Peçanha,BA,Bahia,2902,Santo Antônio de Jesus,290005,Valença,12063,6084,5979,414,385,823,851,888,884,908,909,1568,1506,2684,511,84,18,True
2922656,Nordestina,BA,Bahia,2910,Feira de Santana,290032,Conceição do Coité,18523,9298,9225,640,653,1477,1524,1455,1425,1452,1334,2242,2057,2617,426,53,10,True
2922706,Nova Canaã,BA,Bahia,2904,Vitória da Conquista,290011,Vitória da Conquista,13715,6904,6811,488,478,854,810,824,856,980,937,2317,2299,3467,659,104,31,True
2922730,Nova Fátima,BA,Bahia,2910,Feira de Santana,290029,Feira de Santana,7967,3896,4071,227,236,512,520,506,548,594,671,1288,1363,1806,417,55,19,True
2922755,Nova Ibiá,BA,Bahia,2904,Vitória da Conquista,290014,Ipiaú,6501,3357,3144,202,190,444,376,401,505,552,473,992,869,1462,405,73,29,True
2922805,Nova Itarana,BA,Bahia,2902,Santo Antônio de Jesus,290003,Santo Antônio de Jesus,7780,3935,3845,281,263,628,595,536,556,526,516,964,995,1589,206,26,6,True
2922854,Nova Redenção,BA,Bahia,2910,Feira de Santana,290031,Itaberaba,7538,3786,3752,285,286,575,546,491,472,523,528,1017,1092,1491,373,50,10,True
2922904,Nova Soure,BA,Bahia,2909,Paulo Afonso,290025,Ribeira do Pombal,24236,12062,12174,894,781,1725,1718,1550,1636,1706,1648,3370,3694,5397,873,128,40,True
2923001,Nova Viçosa,BA,Bahia,2903,Ilhéus ¿ Itabuna,290008,Teixeira de Freitas,39509,19395,20114,1334,1354,2785,3007,2705,3066,2756,2778,4684,4885,6768,2852,664,213,True
2923035,Novo Horizonte,BA,Bahia,2910,Feira de Santana,290034,Seabra,11162,5664,5498,375,329,827,834,902,905,844,743,1472,1531,2150,437,49,18,True
2923050,Novo Triunfo,BA,Bahia,2909,Paulo Afonso,290028,Jeremoabo,10660,5271,5389,350,382,773,838,811,820,730,715,1492,1556,2818,533,59,17,True
2923100,Olindina,BA,Bahia,2909,Paulo Afonso,290025,Ribeira do Pombal,22633,11019,11614,838,782,1580,1562,1483,1634,1621,1672,2908,3338,5452,778,136,32,True
2923209,Oliveira dos Brejinhos,BA,Bahia,2907,Irecê,290021,Xique-Xique ¿ Barra,20715,10474,10241,664,642,1533,1428,1395,1388,1416,1377,3258,3225,4536,783,89,23,True
2923308,Ouriçangas,BA,Bahia,2910,Feira de Santana,290029,Feira de Santana,7716,3719,3997,197,201,491,584,553,597,545,529,1094,1234,1787,420,79,22,True
2923357,Ourolândia,BA,Bahia,2910,Feira de Santana,290030,Jacobina,19243,9706,9537,641,646,1411,1470,1495,1585,1463,1293,2135,2087,3606,601,62,18,True
2923407,Palmas de Monte Alto,BA,Bahia,2905,Guanambi,290016,Guanambi,20078,10151,9927,602,562,1449,1369,1475,1520,1464,1345,2985,3092,3892,1070,155,36,True
2923506,Palmeiras,BA,Bahia,2910,Feira de Santana,290034,Seabra,10334,5103,5231,331,335,822,756,794,860,737,729,1169,1337,1701,379,106,34,True
2923605,Paramirim,BA,Bahia,2904,Vitória da Conquista,290013,Brumado,20351,10118,10233,556,541,1476,1449,1500,1609,1471,1504,3166,3299,3558,1236,313,93,True
2923704,Paratinga,BA,Bahia,2905,Guanambi,290017,Bom Jesus da Lapa,29252,14694,14558,1054,987,1991,2059,2139,2185,1951,1838,3642,3787,5232,991,151,40,True
2923803,Paripiranga,BA,Bahia,2909,Paulo Afonso,290027,Cícero Dantas,26604,13047,13557,815,795,2097,2089,1914,1980,1822,1895,3674,4047,5955,1248,210,83,True
2923902,Pau Brasil,BA,Bahia,2903,Ilhéus ¿ Itabuna,290010,Camacan,9370,4744,4624,378,316,589,659,591,643,627,619,1261,1184,2162,441,104,26,True
2924009,Paulo Afonso,BA,Bahia,2909,Paulo Afonso,290024,Paulo Afonso,112528,53357,59171,3440,3308,8254,8894,7549,9022,7913,9154,12895,16181,17014,8424,3056,1283,True
2924058,Pé de Serra,BA,Bahia,2910,Feira de Santana,290029,Feira de Santana,13243,6493,6750,399,391,864,876,873,953,953,985,1974,2133,3129,698,69,10,True
2924108,Pedrão,BA,Bahia,2901,Salvador,290002,Alagoinhas,6235,3007,3228,205,220,456,461,426,436,403,425,872,1005,1348,326,40,15,True
2924207,Pedro Alexandre,BA,Bahia,2909,Paulo Afonso,290028,Jeremoabo,13954,7002,6952,541,485,1124,1181,1124,1115,932,863,1475,1501,3508,462,52,14,True
2924306,Piatã,BA,Bahia,2910,Feira de Santana,290034,Seabra,20086,9769,10317,616,641,1359,1310,1330,1539,1325,1376,2831,3243,3120,668,113,31,True
2924405,Pilão Arcado,BA,Bahia,2908,Juazeiro,290022,Juazeiro,35341,18021,17320,1380,1199,2624,2504,2572,2479,2282,2185,4068,4174,6239,998,145,29,True
2924504,Pindaí,BA,Bahia,2905,Guanambi,290016,Guanambi,14731,7471,7260,425,377,1004,1002,1095,1088,1068,1012,2301,2336,2916,891,115,22,True
2924603,Pindobaçu,BA,Bahia,2908,Juazeiro,290023,Senhor do Bonfim,19083,9476,9607,724,660,1308,1373,1301,1396,1358,1331,2485,2538,4665,734,122,27,True
2924652,Pintadas,BA,Bahia,2910,Feira de Santana,290029,Feira de Santana,10325,5155,5170,317,309,855,781,735,734,688,676,1541,1645,1949,655,115,26,True
2924678,Piraí do Norte,BA,Bahia,2904,Vitória da Conquista,290014,Ipiaú,10974,5625,5349,337,347,999,954,953,976,818,689,1252,1158,1973,438,76,21,True
2924702,Piripá,BA,Bahia,2904,Vitória da Conquista,290011,Vitória da Conquista,9152,4478,4674,269,214,526,576,598,661,686,638,1456,1667,2362,626,90,21,True
2924801,Piritiba,BA,Bahia,2910,Feira de Santana,290030,Jacobina,17566,8646,8920,570,533,1156,1183,1111,1204,1240,1291,2549,2797,5144,828,147,49,True
2924900,Planaltino,BA,Bahia,2904,Vitória da Conquista,290012,Jequié,8022,4124,3898,223,240,544,488,551,575,631,543,1299,1226,1863,508,61,13,True
2925006,Planalto,BA,Bahia,2904,Vitória da Conquista,290011,Vitória da Conquista,23334,11305,12029,746,773,1512,1679,1624,1782,1614,1707,3197,3500,5040,1223,208,43,True
2925105,Poções,BA,Bahia,2904,Vitória da Conquista,290011,Vitória da Conquista,48293,23546,24747,1650,1648,3509,3553,3293,3582,3208,3389,6376,7321,9220,2201,501,135,True
2925204,Pojuca,BA,Bahia,2901,Salvador,290001,Salvador,32132,15038,17094,986,966,1999,2422,2338,2862,2415,2776,3815,4617,5408,2621,726,206,True
2925253,Ponto Novo,BA,Bahia,2908,Juazeiro,290023,Senhor do Bonfim,17938,8864,9074,578,572,1362,1397,1261,1385,1270,1267,2229,2247,3469,612,84,19,True
2925303,Porto Seguro,BA,Bahia,2903,Ilhéus ¿ Itabuna,290009,Eunápolis - Porto Seguro,168326,82696,85630,5755,5721,14057,14536,13138,14809,12465,13139,15502,16170,21229,10816,3045,1373,True
2925402,Potiraguá,BA,Bahia,2904,Vitória da Conquista,290015,Itapetinga,10274,5183,5091,331,336,758,729,799,773,718,675,1309,1337,2030,563,97,32,True
2925501,Prado,BA,Bahia,2903,Ilhéus ¿ Itabuna,290008,Teixeira de Freitas,34999,17701,17298,1214,1150,2704,2644,2444,2438,2363,2366,4241,4133,4874,1646,383,141,True
2925600,Presidente Dutra,BA,Bahia,2907,Irecê,290020,Irecê,15120,7580,7540,484,421,1019,1026,1102,1051,1273,1211,2116,2312,2994,519,70,32,True
2925709,Presidente Jânio Quadros,BA,Bahia,2904,Vitória da Conquista,290011,Vitória da Conquista,12621,6421,6200,375,371,865,812,881,851,949,872,2076,2103,2937,528,64,25,True
2925758,Presidente Tancredo Neves,BA,Bahia,2902,Santo Antônio de Jesus,290005,Valença,27734,13988,13746,996,938,2224,2285,2312,2397,1927,1832,2994,2928,4843,1120,192,52,True
2925808,Queimadas,BA,Bahia,2910,Feira de Santana,290032,Conceição do Coité,25988,12833,13155,845,829,1944,1912,1684,1822,1836,1903,3651,3800,5327,1074,155,53,True
2925907,Quijingue,BA,Bahia,2909,Paulo Afonso,290026,Euclides da Cunha,25272,12906,12366,875,834,1812,1753,1761,1719,1819,1660,3830,3711,5557,967,124,34,True
2925931,Quixabeira,BA,Bahia,2910,Feira de Santana,290030,Jacobina,9461,4771,4690,321,266,677,606,662,724,676,656,1444,1489,2516,400,33,3,True
2925956,Rafael Jambeiro,BA,Bahia,2910,Feira de Santana,290029,Feira de Santana,19662,9471,10191,720,714,1383,1387,1144,1386,1312,1403,2711,3187,4706,932,98,15,True
2926004,Remanso,BA,Bahia,2908,Juazeiro,290022,Juazeiro,40578,20234,20344,1406,1288,2939,2859,2801,2832,2864,2938,5352,5730,7484,1863,344,126,True
2926103,Retirolândia,BA,Bahia,2910,Feira de Santana,290032,Conceição do Coité,13651,6686,6965,413,389,928,937,966,1041,1003,1096,1813,1961,2747,655,81,33,True
2926202,Riachão das Neves,BA,Bahia,2906,Barreiras,290018,Barreiras,21634,11276,10358,720,625,1596,1425,1677,1561,1532,1381,2966,2706,3993,811,122,30,True
2926301,Riachão do Jacuípe,BA,Bahia,2910,Feira de Santana,290029,Feira de Santana,33386,16180,17206,997,980,2247,2350,2276,2535,2409,2586,4795,5506,7344,1849,332,111,True
2926400,Riacho de Santana,BA,Bahia,2905,Guanambi,290016,Guanambi,30706,15435,15271,994,962,2276,2182,2170,2217,2185,2087,4418,4581,5878,1435,209,79,True
2926509,Ribeira do Amparo,BA,Bahia,2909,Paulo Afonso,290025,Ribeira do Pombal,13841,7025,6816,459,430,1146,1067,1032,954,974,911,1829,1883,3140,466,52,12,True
2926608,Ribeira do Pombal,BA,Bahia,2909,Paulo Afonso,290025,Ribeira do Pombal,54010,26370,27640,1812,1691,4070,4272,3822,4277,3675,4003,6870,7680,9669,2765,568,213,True
2926657,Ribeirão do Largo,BA,Bahia,2904,Vitória da Conquista,290011,Vitória da Conquista,9740,5126,4614,341,336,687,631,711,657,739,619,1472,1270,1809,460,62,13,True
2926707,Rio de Contas,BA,Bahia,2904,Vitória da Conquista,290013,Brumado,13184,6467,6717,320,325,826,843,925,916,921,923,2195,2506,2605,757,129,52,True
2926806,Rio do Antônio,BA,Bahia,2905,Guanambi,290016,Guanambi,13146,6593,6553,384,416,936,856,905,954,927,956,2174,2201,3049,542,87,19,True
2926905,Rio do Pires,BA,Bahia,2904,Vitória da Conquista,290013,Brumado,10497,5157,5340,309,277,716,742,754,734,742,744,1664,1857,2312,624,111,27,True
2927002,Rio Real,BA,Bahia,2901,Salvador,290002,Alagoinhas,35362,17537,17825,1175,1145,2579,2726,2498,2672,2528,2628,4375,4666,7799,1598,319,86,True
2927101,Rodelas,BA,Bahia,2909,Paulo Afonso,290024,Paulo Afonso,10294,5073,5221,396,362,844,847,772,753,667,651,890,1062,1421,344,81,29,True
2927200,Ruy Barbosa,BA,Bahia,2910,Feira de Santana,290031,Itaberaba,28282,13519,14763,955,959,2046,2176,1905,2030,1905,2006,3515,4441,6424,1362,258,99,True
2927309,Salinas da Margarida,BA,Bahia,2902,Santo Antônio de Jesus,290006,Nazaré ¿ Maragogipe,14987,7169,7818,496,478,952,1030,980,1184,1108,1248,1843,2213,2757,737,138,38,True
2927408,Salvador,BA,Bahia,2901,Salvador,290001,Salvador,2412968,1098011,1314957,60390,60684,164539,183917,172742,211794,181478,224540,297880,418936,373162,247320,105109,85676,True
2927507,Santa Bárbara,BA,Bahia,2910,Feira de Santana,290029,Feira de Santana,20952,10311,10641,727,689,1692,1599,1428,1517,1534,1606,2552,3081,3811,824,135,29,True
2927606,Santa Brígida,BA,Bahia,2909,Paulo Afonso,290024,Paulo Afonso,14965,7529,7436,503,470,1058,1101,1128,1138,1062,1049,1922,1922,3212,615,68,22,True
2927705,Santa Cruz Cabrália,BA,Bahia,2903,Ilhéus ¿ Itabuna,290009,Eunápolis - Porto Seguro,29185,14471,14714,954,946,2060,2172,2091,2321,2222,2204,3409,3462,5169,1537,385,133,True
2927804,Santa Cruz da Vitória,BA,Bahia,2903,Ilhéus ¿ Itabuna,290007,Ilhéus ¿ Itabuna,4681,2337,2344,163,164,272,266,324,318,337,332,689,713,1231,308,44,13,True
2927903,Santa Inês,BA,Bahia,2904,Vitória da Conquista,290012,Jequié,10300,5096,5202,311,246,737,735,734,759,732,728,1443,1647,2409,519,92,40,True
2928059,Santa Luzia,BA,Bahia,2903,Ilhéus ¿ Itabuna,290010,Camacan,13896,7300,6596,408,383,969,1027,1090,1005,1083,876,1978,1630,2996,603,88,21,True
2928109,Santa Maria da Vitória,BA,Bahia,2906,Barreiras,290019,Santa Maria da Vitoria,38599,19271,19328,1284,1148,2741,2753,2947,2955,2742,2729,5103,5451,7790,2095,544,201,True
2928406,Santa Rita de Cássia,BA,Bahia,2906,Barreiras,290018,Barreiras,27390,14005,13385,926,851,1978,1909,2030,1938,1831,1616,3664,3618,5182,988,164,72,True
2928505,Santa Terezinha,BA,Bahia,2902,Santo Antônio de Jesus,290004,Cruz das Almas,10441,5048,5393,305,295,699,783,671,790,721,748,1524,1702,2035,366,55,14,True
2928000,Santaluz,BA,Bahia,2910,Feira de Santana,290032,Conceição do Coité,37834,18681,19153,1292,1262,2795,2903,2769,2971,2782,2727,4662,4998,7108,1559,233,54,True
2928208,Santana,BA,Bahia,2906,Barreiras,290018,Barreiras,24755,12583,12172,851,784,1782,1607,1648,1698,1742,1659,3823,3849,5070,1328,230,97,True
2928307,Santanópolis,BA,Bahia,2910,Feira de Santana,290029,Feira de Santana,8716,4135,4581,286,282,606,591,556,614,594,670,1132,1444,1850,423,67,12,True
2928604,Santo Amaro,BA,Bahia,2901,Salvador,290001,Salvador,56000,26370,29630,1555,1492,3636,4012,3607,4473,4204,4760,7435,9340,10952,3707,883,251,True
2928703,Santo Antônio de Jesus,BA,Bahia,2902,Santo Antônio de Jesus,290003,Santo Antônio de Jesus,103031,48075,54956,2724,2799,7810,8962,8298,9578,7740,9062,10623,14038,15535,7871,2094,912,True
2928802,Santo Estêvão,BA,Bahia,2910,Feira de Santana,290029,Feira de Santana,52276,24794,27482,1607,1555,3996,4312,3920,4561,3371,3704,5379,7060,8930,2781,523,164,True
2928901,São Desidério,BA,Bahia,2906,Barreiras,290018,Barreiras,32793,16855,15938,1152,1156,2823,2692,2870,2676,2197,1991,3284,2979,3940,1533,379,111,True
2928950,São Domingos,BA,Bahia,2910,Feira de Santana,290032,Conceição do Coité,8420,4135,4285,271,259,532,503,515,614,651,682,1348,1430,2177,542,86,28,True
2929107,São Felipe,BA,Bahia,2902,Santo Antônio de Jesus,290004,Cruz das Almas,20283,9899,10384,609,576,1412,1362,1432,1615,1647,1650,2806,3239,4310,1016,141,29,True
2929008,São Félix,BA,Bahia,2902,Santo Antônio de Jesus,290004,Cruz das Almas,11026,5265,5761,326,309,744,824,778,847,841,923,1429,1762,2352,749,213,80,True
2929057,São Félix do Coribe,BA,Bahia,2906,Barreiras,290019,Santa Maria da Vitoria,15194,7584,7610,506,495,1129,1107,1136,1213,1103,1060,1847,1903,2449,828,162,46,True
2929206,São Francisco do Conde,BA,Bahia,2901,Salvador,290001,Salvador,38718,18199,20519,1206,1182,2774,3188,2648,3403,2853,3451,4070,4835,5297,2664,647,155,True
2929255,São Gabriel,BA,Bahia,2907,Irecê,290020,Irecê,18600,9447,9153,651,593,1321,1299,1344,1372,1421,1357,2481,2466,3839,671,81,20,True
2929305,São Gonçalo dos Campos,BA,Bahia,2910,Feira de Santana,290029,Feira de Santana,39513,18652,20861,1214,1179,2804,3136,3077,3546,2906,3164,4163,5396,5666,2351,466,124,True
2929354,São José da Vitória,BA,Bahia,2903,Ilhéus ¿ Itabuna,290007,Ilhéus ¿ Itabuna,5315,2678,2637,174,169,340,341,330,406,380,382,818,747,1263,237,34,4,True
2929370,São José do Jacuípe,BA,Bahia,2910,Feira de Santana,290030,Jacobina,10187,5040,5147,335,350,718,676,676,738,729,721,1410,1490,2437,491,62,13,True
2929404,São Miguel das Matas,BA,Bahia,2902,Santo Antônio de Jesus,290003,Santo Antônio de Jesus,10334,5165,5169,333,303,777,774,721,714,804,796,1511,1568,2230,539,68,17,True
2929503,São Sebastião do Passé,BA,Bahia,2901,Salvador,290001,Salvador,40958,19393,21565,1138,1142,2749,2975,2765,3516,3205,3563,5232,6092,7092,3120,862,232,True
2929602,Sapeaçu,BA,Bahia,2902,Santo Antônio de Jesus,290004,Cruz das Almas,17963,8662,9301,570,518,1215,1403,1387,1499,1272,1413,2239,2775,3265,838,155,47,True
2929701,Sátiro Dias,BA,Bahia,2901,Salvador,290002,Alagoinhas,16008,7921,8087,543,576,1241,1232,1100,1156,1118,1066,2023,2169,4028,677,84,27,True
2929750,Saubara,BA,Bahia,2901,Salvador,290001,Salvador,11417,5416,6001,309,333,677,681,765,851,840,927,1609,1982,2668,597,86,24,True
2929800,Saúde,BA,Bahia,2910,Feira de Santana,290030,Jacobina,10472,5113,5359,371,361,646,649,621,728,766,755,1533,1732,2710,506,88,24,True
2929909,Seabra,BA,Bahia,2910,Feira de Santana,290034,Seabra,46145,22487,23658,1558,1559,3686,3707,3413,3707,3111,3295,5330,6010,7983,2205,455,200,True
2930006,Sebastião Laranjeiras,BA,Bahia,2905,Guanambi,290016,Guanambi,9360,4728,4632,272,257,607,611,675,686,663,640,1483,1438,1739,570,103,20,True
2930105,Senhor do Bonfim,BA,Bahia,2908,Juazeiro,290023,Senhor do Bonfim,74523,35622,38901,2388,2261,5308,5516,5133,5803,5266,5857,9156,11285,14370,4729,1415,575,True
2930204,Sento Sé,BA,Bahia,2908,Juazeiro,290022,Juazeiro,38135,19668,18467,1434,1257,2992,2700,2611,2780,2766,2452,4550,4250,6921,1332,216,76,True
2930154,Serra do Ramalho,BA,Bahia,2905,Guanambi,290017,Bom Jesus da Lapa,34220,17372,16848,1184,1106,2517,2608,2565,2604,2198,2004,3936,3930,6179,1129,120,33,True
2930303,Serra Dourada,BA,Bahia,2906,Barreiras,290018,Barreiras,17066,8748,8318,523,434,1090,1050,1214,1190,1297,1253,2695,2593,3754,805,110,30,True
2930402,Serra Preta,BA,Bahia,2910,Feira de Santana,290029,Feira de Santana,17996,8693,9303,586,547,1284,1353,1253,1317,1263,1310,2515,2956,3173,666,89,17,True
2930501,Serrinha,BA,Bahia,2910,Feira de Santana,290033,Serrinha,80291,38327,41964,2575,2444,5887,6314,5969,6936,5697,6489,8993,10970,13980,4813,1307,430,True
2930600,Serrolândia,BA,Bahia,2910,Feira de Santana,290030,Jacobina,13335,6508,6827,368,382,857,872,945,997,953,970,1893,2189,3203,565,86,15,True
2930709,Simões Filho,BA,Bahia,2901,Salvador,290001,Salvador,114356,54205,60151,3522,3423,8493,9142,8303,10166,8435,10075,11806,14191,19637,9796,2418,526,True
2930758,Sítio do Mato,BA,Bahia,2905,Guanambi,290017,Bom Jesus da Lapa,13408,6889,6519,543,489,1078,971,994,972,860,787,1494,1419,2195,254,30,8,True
2930766,Sítio do Quinto,BA,Bahia,2909,Paulo Afonso,290028,Jeremoabo,14773,7495,7278,509,446,1149,1211,1094,1095,1031,995,2207,2150,2854,505,60,22,True
2930774,Sobradinho,BA,Bahia,2908,Juazeiro,290022,Juazeiro,25475,12475,13000,881,883,1997,2001,1671,1860,1722,1943,2838,3173,3807,1368,359,97,True
2930808,Souto Soares,BA,Bahia,2910,Feira de Santana,290034,Seabra,17054,8511,8543,624,625,1532,1417,1253,1237,1189,1115,1954,2111,3168,647,89,13,True
2930907,Tabocas do Brejo Velho,BA,Bahia,2906,Barreiras,290018,Barreiras,11979,6175,5804,420,364,952,805,842,863,863,787,1694,1678,2425,415,59,11,True
2931004,Tanhaçu,BA,Bahia,2904,Vitória da Conquista,290011,Vitória da Conquista,21006,10536,10470,623,592,1416,1463,1641,1662,1628,1470,3054,3196,4204,917,126,49,True
2931053,Tanque Novo,BA,Bahia,2905,Guanambi,290016,Guanambi,17158,8549,8609,586,560,1389,1309,1267,1298,1166,1161,2283,2385,3354,725,133,45,True
2931103,Tanquinho,BA,Bahia,2910,Feira de Santana,290029,Feira de Santana,7717,3749,3968,245,248,613,564,494,561,555,572,1058,1240,1544,473,85,30,True
2931202,Taperoá,BA,Bahia,2902,Santo Antônio de Jesus,290005,Valença,18034,8988,9046,670,594,1274,1361,1294,1363,1296,1261,2131,2237,3836,828,138,49,True
2931301,Tapiramutá,BA,Bahia,2910,Feira de Santana,290030,Jacobina,15818,7845,7973,603,564,1284,1287,1162,1192,1014,1116,1792,1867,2954,652,118,34,True
2931350,Teixeira de Freitas,BA,Bahia,2903,Ilhéus ¿ Itabuna,290008,Teixeira de Freitas,144911,69715,75196,4465,4464,10600,11860,10751,12345,10097,11038,16598,18777,21345,12356,3840,1713,True
2931400,Teodoro Sampaio,BA,Bahia,2901,Salvador,290002,Alagoinhas,7106,3431,3675,257,231,512,487,464,535,510,568,1010,1212,1882,355,67,12,True
2931509,Teofilândia,BA,Bahia,2910,Feira de Santana,290033,Serrinha,21176,10420,10756,745,731,1579,1584,1485,1630,1459,1594,2632,2846,3702,1151,265,53,True
2931608,Teolândia,BA,Bahia,2904,Vitória da Conquista,290014,Ipiaú,15332,7881,7451,524,476,1298,1351,1245,1194,1059,951,1786,1676,2517,677,113,22,True
2931707,Terra Nova,BA,Bahia,2901,Salvador,290001,Salvador,10798,5128,5670,351,325,799,815,689,794,774,883,1383,1719,2378,818,114,24,True
2931806,Tremedal,BA,Bahia,2904,Vitória da Conquista,290011,Vitória da Conquista,16296,8213,8083,477,430,1001,1005,1043,1098,1199,1049,2858,2992,3620,847,96,19,True
2931905,Tucano,BA,Bahia,2909,Paulo Afonso,290025,Ribeira do Pombal,48736,24150,24586,1532,1399,3429,3531,3591,3829,3556,3535,6771,7249,11413,2276,377,107,True
2932002,Uauá,BA,Bahia,2908,Juazeiro,290022,Juazeiro,24665,12447,12218,765,720,1585,1548,1664,1724,1900,1733,3804,3914,5384,1064,188,50,True
2932101,Ubaíra,BA,Bahia,2902,Santo Antônio de Jesus,290003,Santo Antônio de Jesus,18626,9306,9320,579,557,1099,1227,1423,1498,1378,1306,2752,2797,4471,958,142,59,True
2932200,Ubaitaba,BA,Bahia,2903,Ilhéus ¿ Itabuna,290007,Ilhéus ¿ Itabuna,17596,8461,9135,576,571,1135,1278,1171,1375,1146,1325,2234,2555,4150,1218,278,116,True
2932309,Ubatã,BA,Bahia,2904,Vitória da Conquista,290014,Ipiaú,16094,7784,8310,537,527,905,1116,1035,1177,1079,1159,2279,2550,4818,1177,293,109,True
2932408,Uibaí,BA,Bahia,2907,Irecê,290020,Irecê,13432,6790,6642,386,360,949,867,1037,920,1034,969,2028,2166,2991,610,79,29,True
2932457,Umburanas,BA,Bahia,2910,Feira de Santana,290030,Jacobina,13634,6956,6678,522,456,1018,993,1098,1016,963,856,1657,1595,3186,469,32,8,True
2932507,Una,BA,Bahia,2903,Ilhéus ¿ Itabuna,290010,Camacan,18126,9081,9045,599,525,1062,1163,1184,1438,1320,1243,2794,2613,5181,1205,238,58,True
2932606,Urandi,BA,Bahia,2905,Guanambi,290016,Guanambi,15355,7686,7669,470,451,1108,1078,1209,1189,1051,1045,2283,2385,2991,1034,177,46,True
2932705,Uruçuca,BA,Bahia,2903,Ilhéus ¿ Itabuna,290007,Ilhéus ¿ Itabuna,21420,10567,10853,726,699,1361,1507,1517,1740,1550,1519,2818,2815,4082,1259,244,64,True
2932804,Utinga,BA,Bahia,2910,Feira de Santana,290031,Itaberaba,16277,8068,8209,552,524,1238,1303,1092,1185,1168,1148,2013,2177,3943,740,111,45,True
2932903,Valença,BA,Bahia,2902,Santo Antônio de Jesus,290005,Valença,85543,41153,44390,2736,2709,6200,6612,6265,7186,6092,6654,10219,11866,17320,5619,1412,529,True
2933000,Valente,BA,Bahia,2910,Feira de Santana,290032,Conceição do Coité,24362,11826,12536,731,748,1590,1675,1730,1995,1821,2006,3376,3660,5157,1848,260,87,True
2933059,Várzea da Roça,BA,Bahia,2910,Feira de Santana,290029,Feira de Santana,13800,6816,6984,444,399,940,1028,982,1075,937,971,2033,2187,3389,491,47,10,True
2933109,Várzea do Poço,BA,Bahia,2910,Feira de Santana,290030,Jacobina,8101,3984,4117,230,233,546,499,526,587,547,607,1344,1381,2218,404,67,17,True
2933158,Várzea Nova,BA,Bahia,2910,Feira de Santana,290030,Jacobina,13377,6666,6711,407,392,921,945,934,1026,947,851,1770,1901,3154,516,56,18,True
2933174,Varzedo,BA,Bahia,2902,Santo Antônio de Jesus,290003,Santo Antônio de Jesus,9913,4935,4978,308,246,703,720,757,765,757,757,1388,1486,1978,517,72,16,True
2933208,Vera Cruz,BA,Bahia,2902,Santo Antônio de Jesus,290006,Nazaré ¿ Maragogipe,42525,20571,21954,1282,1213,2705,2916,2716,3059,3073,3399,6483,7143,7546,2463,632,234,True
2933257,Vereda,BA,Bahia,2903,Ilhéus ¿ Itabuna,290008,Teixeira de Freitas,6003,3120,2883,186,192,395,352,407,391,418,377,1034,939,1533,343,58,21,True
2933307,Vitória da Conquista,BA,Bahia,2904,Vitória da Conquista,290011,Vitória da Conquista,370301,176845,193456,11735,11376,29004,31292,27883,31723,25917,29034,41258,50761,44975,25275,8169,4189,True
2933406,Wagner,BA,Bahia,2910,Feira de Santana,290031,Itaberaba,9503,4677,4826,293,291,779,764,718,740,627,649,1200,1347,1823,450,70,21,True
2933455,Wanderley,BA,Bahia,2906,Barreiras,290018,Barreiras,12963,6718,6245,454,415,1017,951,984,891,936,795,1741,1677,2642,547,86,37,True
2933505,Wenceslau Guimarães,BA,Bahia,2904,Vitória da Conquista,290014,Ipiaú,24470,12407,12063,866,800,1716,1792,1848,1945,1743,1579,3098,2772,4559,1040,145,37,True
2933604,Xique-Xique,BA,Bahia,2907,Irecê,290021,Xique-Xique ¿ Barra,44748,21881,22867,1635,1658,3302,3438,3150,3299,2739,2828,4983,5612,8224,1978,363,124,True
3100104,Abadia dos Dourados,MG,Minas Gerais,3111,Uberlândia,310061,Monte Carmelo,6272,3161,3111,167,143,378,377,413,390,486,493,1215,1181,1260,767,161,63,True
3100203,Abaeté,MG,Minas Gerais,3113,Divinópolis,310070,Abaeté,22636,11190,11446,573,536,1580,1495,1579,1549,1503,1535,4022,4389,3919,2651,677,299,True
3100302,Abre Campo,MG,Minas Gerais,3106,Juíz de Fora,310028,Manhuaçu,13617,6777,6840,392,387,939,940,985,965,977,954,2204,2304,2343,1131,226,101,True
3100401,Acaiaca,MG,Minas Gerais,3106,Juíz de Fora,310030,Ponte Nova,3909,1897,2012,114,97,230,242,252,251,284,303,610,735,891,256,59,11,True
3100500,Açucena,MG,Minas Gerais,3105,Ipatinga,310024,Ipatinga,8821,4453,4368,246,221,585,510,507,516,624,603,1621,1680,2001,680,117,29,True
3100609,Água Boa,MG,Minas Gerais,3103,Teófilo Otoni,310014,Capelinha,12573,6367,6206,419,389,958,888,834,831,851,799,1876,1889,2891,861,165,55,True
3100708,Água Comprida,MG,Minas Gerais,3110,Uberaba,310055,Uberaba,2108,1070,1038,51,42,123,116,140,152,171,174,357,337,294,278,101,25,True
3100807,Aguanil,MG,Minas Gerais,3108,Varginha,310048,Campo Belo,4357,2161,2196,97,104,277,275,295,283,314,296,765,768,733,479,76,20,True
3100906,Águas Formosas,MG,Minas Gerais,3103,Teófilo Otoni,310019,Águas Formosas,18446,9267,9179,563,533,1326,1312,1348,1264,1272,1243,2680,2853,3510,1191,277,131,True
3101003,Águas Vermelhas,MG,Minas Gerais,3103,Teófilo Otoni,310018,Pedra Azul,14037,7139,6898,498,457,1174,1136,1085,1047,924,882,1831,1838,2528,658,123,31,True
3101102,Aimorés,MG,Minas Gerais,3104,Governador Valadares,310023,Aimorés - Resplendor,25087,12307,12780,738,652,1578,1639,1655,1656,1770,1885,3987,4472,4778,2332,644,254,True
3101201,Aiuruoca,MG,Minas Gerais,3109,Pouso Alegre,310054,Caxambu - Baependi,6233,3159,3074,159,135,408,364,454,456,433,442,1224,1205,1150,625,154,66,True
3101300,Alagoa,MG,Minas Gerais,3109,Pouso Alegre,310053,São Lourenço,2749,1411,1338,65,68,190,158,191,173,191,185,531,520,533,250,54,8,True
3101409,Albertina,MG,Minas Gerais,3109,Pouso Alegre,310050,Pouso Alegre,2952,1499,1453,75,71,204,214,219,194,253,200,437,490,299,466,113,14,True
3101508,Além Paraíba,MG,Minas Gerais,3106,Juíz de Fora,310036,Além Paraíba,30503,14330,16173,758,734,1927,2070,1816,2019,2020,2214,4859,6182,4732,4168,1484,556,True
3101607,Alfenas,MG,Minas Gerais,3108,Varginha,310042,Alfenas,78564,38052,40512,2049,1994,5796,5894,5851,6083,5435,5951,11246,13280,8487,9510,3332,1520,True
3101631,Alfredo Vasconcelos,MG,Minas Gerais,3107,Barbacena,310037,Barbacena,6931,3460,3471,217,202,541,481,530,513,490,529,1024,1090,1053,581,100,28,True
3101706,Almenara,MG,Minas Gerais,3103,Teófilo Otoni,310015,Almenara,40263,19810,20453,1214,1261,2519,2653,2964,3101,2859,2789,5696,6236,7278,2621,770,322,True
3101805,Alpercata,MG,Minas Gerais,3104,Governador Valadares,310020,Governador Valadares,6891,3402,3489,178,178,450,443,449,451,517,531,1155,1226,1357,573,88,21,True
3101904,Alpinópolis,MG,Minas Gerais,3108,Varginha,310041,Passos,18300,9191,9109,492,535,1386,1335,1343,1250,1322,1288,2890,2977,2406,2229,668,214,True
3102001,Alterosa,MG,Minas Gerais,3108,Varginha,310042,Alfenas,13859,6961,6898,383,360,919,938,961,980,963,948,2402,2355,2579,1441,274,72,True
3102050,Alto Caparaó,MG,Minas Gerais,3106,Juíz de Fora,310028,Manhuaçu,5793,2914,2879,171,151,423,444,486,425,397,413,791,840,992,548,108,33,True
3153509,Alto Jequitibá,MG,Minas Gerais,3106,Juíz de Fora,310028,Manhuaçu,8397,4294,4103,241,210,626,525,602,614,630,586,1354,1413,1737,720,152,59,True
3102100,Alto Rio Doce,MG,Minas Gerais,3107,Barbacena,310037,Barbacena,10891,5500,5391,276,261,752,679,752,705,786,745,1976,2086,2424,863,152,55,True
3102209,Alvarenga,MG,Minas Gerais,3105,Ipatinga,310025,Caratinga,3975,1968,2007,90,100,194,206,246,285,313,282,713,734,994,250,40,10,True
3102308,Alvinópolis,MG,Minas Gerais,3106,Juíz de Fora,310030,Ponte Nova,15059,7444,7615,375,353,1049,959,1016,1025,1081,1079,2574,2898,2695,1483,266,83,True
3102407,Alvorada de Minas,MG,Minas Gerais,3103,Teófilo Otoni,310016,Diamantina,4159,2102,2057,147,130,349,344,330,330,286,282,471,499,639,164,26,17,True
3102506,Amparo do Serra,MG,Minas Gerais,3106,Juíz de Fora,310030,Ponte Nova,4541,2245,2296,121,129,299,287,274,277,323,311,809,877,925,418,56,16,True
3102605,Andradas,MG,Minas Gerais,3109,Pouso Alegre,310051,Poços de Caldas,40448,19979,20469,1012,1015,2992,2885,3051,3039,2989,3022,6276,6816,4175,5441,1683,524,True
3102803,Andrelândia,MG,Minas Gerais,3106,Juíz de Fora,310027,Juiz de Fora,11927,5913,6014,283,302,776,787,765,748,897,881,2172,2244,2358,1060,272,127,True
3102852,Angelândia,MG,Minas Gerais,3103,Teófilo Otoni,310014,Capelinha,7701,3792,3909,300,292,618,604,544,592,533,510,857,961,1424,457,66,15,True
3102902,Antônio Carlos,MG,Minas Gerais,3107,Barbacena,310037,Barbacena,11095,5568,5527,291,274,808,758,778,759,826,872,1836,1979,1949,1075,254,81,True
3103009,Antônio Dias,MG,Minas Gerais,3105,Ipatinga,310024,Ipatinga,9219,4688,4531,265,232,712,646,630,638,682,678,1427,1412,1854,694,151,35,True
3103108,Antônio Prado de Minas,MG,Minas Gerais,3106,Juíz de Fora,310031,Muriaé,1538,783,755,46,34,98,79,80,100,108,105,335,336,300,190,41,18,True
3103207,Araçaí,MG,Minas Gerais,3101,Belo Horizonte,310002,Sete Lagoas,2181,1084,1097,76,51,111,116,138,151,140,148,394,437,409,238,49,9,True
3103306,Aracitaba,MG,Minas Gerais,3106,Juíz de Fora,310027,Juiz de Fora,2049,996,1053,47,45,115,134,124,111,125,141,423,465,467,176,16,3,True
3103405,Araçuaí,MG,Minas Gerais,3103,Teófilo Otoni,310017,Araçuaí,34297,16813,17484,1039,1011,2367,2490,2452,2548,2447,2433,4982,5460,6255,2205,591,190,True
3103504,Araguari,MG,Minas Gerais,3111,Uberlândia,310059,Uberlândia,117410,57288,60122,3108,3016,8163,8235,8661,8971,8416,8718,17387,20173,12261,14681,5751,2185,True
3103603,Arantina,MG,Minas Gerais,3106,Juíz de Fora,310027,Juiz de Fora,2915,1460,1455,66,65,196,168,185,171,199,202,547,595,562,287,54,6,True
3103702,Araponga,MG,Minas Gerais,3106,Juíz de Fora,310033,Viçosa,8048,4105,3943,242,254,640,559,650,619,628,602,1145,1085,1553,586,90,20,True
3103751,Araporã,MG,Minas Gerais,3111,Uberlândia,310059,Uberlândia,8479,4233,4244,230,217,655,669,720,720,598,599,975,1069,689,770,239,63,True
3103801,Arapuá,MG,Minas Gerais,3112,Patos de Minas,310062,Patos de Minas,2631,1333,1298,63,60,162,145,167,165,196,195,531,527,478,361,87,31,True
3103900,Araújos,MG,Minas Gerais,3113,Divinópolis,310065,Divinópolis,9199,4623,4576,265,254,687,667,679,687,674,656,1282,1349,861,1126,368,61,True
3104007,Araxá,MG,Minas Gerais,3110,Uberaba,310056,Araxá,111285,54487,56798,2988,2903,8249,8181,9030,9256,7990,8364,14639,17028,8305,12458,5601,2286,True
3104106,Arceburgo,MG,Minas Gerais,3108,Varginha,310044,Guaxupé,9127,4557,4570,260,236,657,589,651,708,656,622,1485,1595,1124,1314,316,92,True
3104205,Arcos,MG,Minas Gerais,3113,Divinópolis,310066,Formiga,41401,20545,20856,1070,952,2890,2796,3267,3258,3186,3178,6170,6825,3973,5084,1751,589,True
3104304,Areado,MG,Minas Gerais,3108,Varginha,310042,Alfenas,13881,6917,6962,382,374,934,863,1019,1014,995,1061,2202,2316,2011,1755,445,153,True
3104403,Argirita,MG,Minas Gerais,3106,Juíz de Fora,310032,Cataguases,2688,1343,1345,77,55,165,164,164,174,186,173,479,553,509,330,62,23,True
3104452,Aricanduva,MG,Minas Gerais,3103,Teófilo Otoni,310014,Capelinha,4719,2402,2317,181,164,324,286,311,368,357,293,700,673,890,286,48,7,True
3104502,Arinos,MG,Minas Gerais,3112,Patos de Minas,310063,Unaí,17272,8772,8500,644,568,1194,1189,1144,1192,1164,1169,2585,2457,3474,1083,224,101,True
3104601,Astolfo Dutra,MG,Minas Gerais,3106,Juíz de Fora,310032,Cataguases,14138,7101,7037,333,299,1014,904,1115,1121,1022,1020,2363,2481,1652,1829,435,131,True
3104700,Ataléia,MG,Minas Gerais,3103,Teófilo Otoni,310013,Teófilo Otoni,13726,7006,6720,439,367,986,882,936,887,956,846,2238,2428,3111,873,159,48,True
3104809,Augusto de Lima,MG,Minas Gerais,3101,Belo Horizonte,310004,Curvelo,4538,2312,2226,142,126,269,211,298,291,326,349,816,788,933,420,88,23,True
3104908,Baependi,MG,Minas Gerais,3109,Pouso Alegre,310054,Caxambu - Baependi,18300,9146,9154,503,440,1270,1256,1360,1364,1280,1278,3082,3264,3114,1812,336,129,True
3105004,Baldim,MG,Minas Gerais,3101,Belo Horizonte,310002,Sete Lagoas,7492,3737,3755,200,185,454,397,491,510,489,518,1341,1487,1496,737,138,38,True
3105103,Bambuí,MG,Minas Gerais,3113,Divinópolis,310066,Formiga,23546,11568,11978,564,521,1576,1565,1707,1632,1582,1637,4249,4769,3538,3061,896,344,True
3105202,Bandeira,MG,Minas Gerais,3103,Teófilo Otoni,310015,Almenara,4741,2468,2273,148,126,287,268,324,305,396,308,892,876,1097,311,49,17,True
3105301,Bandeira do Sul,MG,Minas Gerais,3109,Pouso Alegre,310051,Poços de Caldas,5943,2943,3000,144,149,461,423,410,426,405,457,965,955,685,780,187,37,True
3105400,Barão de Cocais,MG,Minas Gerais,3101,Belo Horizonte,310003,Santa Bárbara - Ouro Preto,30777,15055,15722,845,812,2385,2245,2504,2558,2219,2343,3961,4591,3609,3311,998,264,True
3105509,Barão do Monte Alto,MG,Minas Gerais,3106,Juíz de Fora,310031,Muriaé,4964,2481,2483,147,108,281,338,304,267,306,316,975,1025,1095,466,79,24,True
3105608,Barbacena,MG,Minas Gerais,3107,Barbacena,310037,Barbacena,125140,59440,65700,3223,3097,9065,8997,8991,9632,8666,9629,18486,23737,16484,13590,5570,2808,True
3105707,Barra Longa,MG,Minas Gerais,3106,Juíz de Fora,310030,Ponte Nova,5666,2795,2871,140,104,316,311,357,331,382,362,1135,1222,1303,430,78,21,True
3105905,Barroso,MG,Minas Gerais,3107,Barbacena,310037,Barbacena,20080,9749,10331,560,538,1386,1420,1421,1464,1464,1533,2980,3550,3077,2213,503,155,True
3106002,Bela Vista de Minas,MG,Minas Gerais,3105,Ipatinga,310026,João Monlevade,10167,4878,5289,270,298,738,703,677,750,672,762,1459,1767,1373,1102,299,51,True
3106101,Belmiro Braga,MG,Minas Gerais,3106,Juíz de Fora,310027,Juiz de Fora,3244,1631,1613,86,83,182,176,151,202,233,241,652,605,586,375,79,24,True
3106200,Belo Horizonte,MG,Minas Gerais,3101,Belo Horizonte,310001,Belo Horizonte,2314600,1075476,1239124,55364,54414,168083,175563,169965,187994,164805,190490,320906,441062,184561,258031,154773,145053,True
3106309,Belo Oriente,MG,Minas Gerais,3105,Ipatinga,310024,Ipatinga,23928,11900,12028,660,661,1796,1764,1655,1752,1704,1819,3366,3522,3217,2365,601,118,True
3106408,Belo Vale,MG,Minas Gerais,3107,Barbacena,310038,Conselheiro Lafaiete,8627,4352,4275,178,217,569,541,583,580,641,594,1526,1534,1288,776,206,50,True
3106507,Berilo,MG,Minas Gerais,3103,Teófilo Otoni,310017,Araçuaí,9780,4928,4852,339,291,678,639,707,625,770,717,1490,1606,2125,817,127,24,True
3106655,Berizal,MG,Minas Gerais,3102,Montes Claros,310008,Salinas,4201,2107,2094,128,121,280,303,336,329,292,271,577,629,893,248,28,4,True
3106606,Bertópolis,MG,Minas Gerais,3103,Teófilo Otoni,310019,Águas Formosas,4451,2308,2143,137,143,267,250,308,295,312,284,658,604,869,275,43,13,True
3106705,Betim,MG,Minas Gerais,3101,Belo Horizonte,310001,Belo Horizonte,411636,199478,212158,11615,11158,32366,33677,33339,35552,30374,33013,46124,54805,41990,46834,15411,4744,True
3106804,Bias Fortes,MG,Minas Gerais,3106,Juíz de Fora,310027,Juiz de Fora,3361,1758,1603,87,99,214,180,201,192,244,251,701,602,816,316,33,10,True
3106903,Bicas,MG,Minas Gerais,3106,Juíz de Fora,310035,São João Nepomuceno - Bicas,13978,6679,7299,328,367,940,873,864,943,890,1007,2403,2887,2011,1699,547,210,True
3107000,Biquinhas,MG,Minas Gerais,3113,Divinópolis,310070,Abaeté,2383,1173,1210,42,37,119,120,142,143,138,155,556,566,546,319,71,13,True
3107109,Boa Esperança,MG,Minas Gerais,3108,Varginha,310046,Três Pontas - Boa Esperança,39788,19661,20127,1121,1043,3065,2904,2904,3029,2607,2690,5888,6502,5621,4282,1083,431,True
3107208,Bocaina de Minas,MG,Minas Gerais,3106,Juíz de Fora,310027,Juiz de Fora,5348,2799,2549,129,124,344,313,399,354,432,361,1029,961,1021,570,98,31,True
3107307,Bocaiúva,MG,Minas Gerais,3102,Montes Claros,310006,Montes Claros,47951,23671,24280,1456,1466,3613,3528,3605,3779,3314,3547,6321,6728,7872,3813,840,305,True
3107406,Bom Despacho,MG,Minas Gerais,3113,Divinópolis,310067,Dores do Indaiá,51651,25220,26431,1346,1266,3766,3806,3815,3899,3557,3896,7560,8620,5025,5967,2246,1057,True
3107505,Bom Jardim de Minas,MG,Minas Gerais,3106,Juíz de Fora,310027,Juiz de Fora,6783,3385,3398,183,166,451,443,444,445,498,510,1233,1264,1282,677,143,43,True
3107604,Bom Jesus da Penha,MG,Minas Gerais,3108,Varginha,310041,Passos,4474,2252,2222,116,137,341,303,290,306,316,297,757,716,665,484,120,39,True
3107703,Bom Jesus do Amparo,MG,Minas Gerais,3101,Belo Horizonte,310005,Itabira,5631,2792,2839,166,154,391,383,391,421,376,350,870,984,855,493,146,40,True
3107802,Bom Jesus do Galho,MG,Minas Gerais,3105,Ipatinga,310025,Caratinga,14536,7392,7144,386,392,877,794,950,940,1062,986,2686,2696,3206,1053,192,50,True
3107901,Bom Repouso,MG,Minas Gerais,3109,Pouso Alegre,310050,Pouso Alegre,12649,6566,6083,407,365,1065,964,986,917,939,898,1816,1714,1863,1066,209,42,True
3108008,Bom Sucesso,MG,Minas Gerais,3108,Varginha,310043,Lavras,17151,8441,8710,449,439,1148,1137,1139,1153,1204,1176,3013,3335,2879,1814,400,157,True
3108107,Bonfim,MG,Minas Gerais,3113,Divinópolis,310069,Oliveira,7434,3769,3665,165,151,468,368,422,431,534,573,1605,1610,1498,677,135,51,True
3108206,Bonfinópolis de Minas,MG,Minas Gerais,3112,Patos de Minas,310063,Unaí,5528,2794,2734,169,135,380,320,371,361,392,427,886,927,1070,551,134,35,True
3108255,Bonito de Minas,MG,Minas Gerais,3102,Montes Claros,310009,Januária,10204,5251,4953,425,392,896,764,648,690,617,528,1321,1272,1637,327,62,11,True
3108305,Borda da Mata,MG,Minas Gerais,3109,Pouso Alegre,310050,Pouso Alegre,17368,8770,8598,431,457,1162,1123,1269,1164,1270,1253,3139,3201,2398,2232,595,202,True
3108404,Botelhos,MG,Minas Gerais,3109,Pouso Alegre,310051,Poços de Caldas,14785,7342,7443,358,327,960,972,1073,1076,1051,1095,2497,2627,2411,1828,473,138,True
3108503,Botumirim,MG,Minas Gerais,3102,Montes Claros,310006,Montes Claros,5790,3016,2774,224,169,409,360,456,411,405,352,860,805,1302,306,50,10,True
3108701,Brás Pires,MG,Minas Gerais,3106,Juíz de Fora,310029,Ubá,4260,2109,2151,109,125,243,212,228,269,313,310,847,863,1002,343,37,5,True
3108552,Brasilândia de Minas,MG,Minas Gerais,3112,Patos de Minas,310062,Patos de Minas,15020,7655,7365,517,466,1234,1177,1193,1155,1001,1034,1806,1747,2060,1500,303,97,True
3108602,Brasília de Minas,MG,Minas Gerais,3102,Montes Claros,310006,Montes Claros,32025,15891,16134,946,965,2316,2343,2293,2377,2268,2226,4548,4974,5751,1935,392,160,True
3108800,Braúnas,MG,Minas Gerais,3105,Ipatinga,310024,Ipatinga,4441,2206,2235,118,127,261,246,255,265,301,312,873,913,866,383,87,27,True
3108909,Brazópolis,MG,Minas Gerais,3109,Pouso Alegre,310052,Itajubá,14246,7143,7103,374,328,887,860,898,867,1022,1079,2648,2715,2513,1584,395,114,True
3109006,Brumadinho,MG,Minas Gerais,3101,Belo Horizonte,310001,Belo Horizonte,38835,19434,19401,1000,944,2888,2780,2853,2795,2905,2906,6019,6366,4012,3899,1272,965,True
3109105,Bueno Brandão,MG,Minas Gerais,3109,Pouso Alegre,310050,Pouso Alegre,10911,5595,5316,285,239,734,668,751,734,836,786,2061,2063,2022,1114,246,79,True
3109204,Buenópolis,MG,Minas Gerais,3101,Belo Horizonte,310004,Curvelo,9149,4533,4616,244,249,605,650,643,621,615,652,1466,1551,1896,777,180,67,True
3109253,Bugre,MG,Minas Gerais,3105,Ipatinga,310024,Ipatinga,4041,2045,1996,109,119,291,271,260,237,279,278,741,688,828,301,46,4,True
3109303,Buritis,MG,Minas Gerais,3112,Patos de Minas,310063,Unaí,24030,12093,11937,791,781,1791,1813,1618,1717,1737,1737,3147,3086,4186,1772,382,171,True
3109402,Buritizeiro,MG,Minas Gerais,3102,Montes Claros,310010,Pirapora,23910,11852,12058,811,763,1689,1698,1686,1829,1674,1706,3062,3155,4518,2186,346,57,True
3109451,Cabeceira Grande,MG,Minas Gerais,3112,Patos de Minas,310063,Unaí,6627,3366,3261,187,192,457,410,445,451,477,496,1091,981,1313,557,133,35,True
3109501,Cabo Verde,MG,Minas Gerais,3108,Varginha,310044,Guaxupé,11410,5881,5529,324,275,743,713,808,785,855,806,1999,1921,2071,1331,407,163,True
3109600,Cachoeira da Prata,MG,Minas Gerais,3101,Belo Horizonte,310002,Sete Lagoas,3693,1753,1940,98,65,189,207,248,258,234,299,643,783,504,434,124,36,True
3109709,Cachoeira de Minas,MG,Minas Gerais,3109,Pouso Alegre,310050,Pouso Alegre,11879,6044,5835,321,273,748,741,811,764,848,859,2160,2093,1691,1239,277,75,True
3102704,Cachoeira de Pajeú,MG,Minas Gerais,3103,Teófilo Otoni,310018,Pedra Azul,9110,4613,4497,303,301,677,719,662,643,649,602,1436,1384,1834,469,55,19,True
3109808,Cachoeira Dourada,MG,Minas Gerais,3111,Uberlândia,310060,Ituiutaba,2309,1165,1144,88,67,132,127,176,160,155,176,390,416,294,335,110,31,True
3109907,Caetanópolis,MG,Minas Gerais,3101,Belo Horizonte,310002,Sete Lagoas,11435,5637,5798,282,267,726,721,852,873,814,811,1874,2044,1488,1241,303,97,True
3110004,Caeté,MG,Minas Gerais,3101,Belo Horizonte,310001,Belo Horizonte,38776,18777,19999,1048,948,2652,2598,2623,2820,2741,2850,5806,7149,4915,4594,1576,502,True
3110103,Caiana,MG,Minas Gerais,3106,Juíz de Fora,310034,Carangola,5304,2717,2587,173,136,432,398,407,404,358,348,789,766,971,450,96,28,True
3110202,Cajuri,MG,Minas Gerais,3106,Juíz de Fora,310033,Viçosa,4088,2091,1997,112,102,308,265,295,286,300,291,684,667,809,282,53,10,True
3110301,Caldas,MG,Minas Gerais,3109,Pouso Alegre,310051,Poços de Caldas,14173,7192,6981,337,307,849,835,956,904,1004,993,2774,2711,2416,1616,403,125,True
3110400,Camacho,MG,Minas Gerais,3113,Divinópolis,310065,Divinópolis,2838,1486,1352,89,52,154,171,225,202,256,206,522,492,630,283,50,13,True
3110509,Camanducaia,MG,Minas Gerais,3109,Pouso Alegre,310050,Pouso Alegre,26097,13178,12919,728,649,2076,1971,2007,1973,1911,1882,3745,3778,2918,2832,689,201,True
3110608,Cambuí,MG,Minas Gerais,3109,Pouso Alegre,310050,Pouso Alegre,29536,14592,14944,728,704,2146,2050,2172,2167,2211,2238,4710,5120,3518,3950,1043,315,True
3110707,Cambuquira,MG,Minas Gerais,3108,Varginha,310045,Três Corações,12313,6032,6281,304,330,891,815,840,851,813,865,2021,2308,1933,1446,397,145,True
3110806,Campanário,MG,Minas Gerais,3103,Teófilo Otoni,310013,Teófilo Otoni,2923,1392,1531,95,87,177,206,172,181,188,222,492,543,669,270,55,8,True
3110905,Campanha,MG,Minas Gerais,3108,Varginha,310045,Três Corações,15935,7913,8022,455,462,1244,1100,1119,1090,1075,1084,2371,2730,2066,1743,616,241,True
3111002,Campestre,MG,Minas Gerais,3109,Pouso Alegre,310051,Poços de Caldas,20631,10597,10034,526,514,1515,1443,1515,1423,1490,1449,3743,3488,3592,2312,506,144,True
3111101,Campina Verde,MG,Minas Gerais,3111,Uberlândia,310059,Uberlândia,18009,9089,8920,455,409,1004,897,1206,1190,1274,1320,3509,3465,3045,2351,638,266,True
3111150,Campo Azul,MG,Minas Gerais,3102,Montes Claros,310006,Montes Claros,3714,1859,1855,116,121,252,220,252,244,267,244,597,587,719,192,18,8,True
3111200,Campo Belo,MG,Minas Gerais,3108,Varginha,310048,Campo Belo,52054,25210,26844,1310,1218,3529,3573,3692,3910,3798,4037,8147,9451,8098,6510,1663,621,True
3111309,Campo do Meio,MG,Minas Gerais,3108,Varginha,310042,Alfenas,11377,5735,5642,360,311,765,713,776,758,774,781,1977,2030,1977,1256,211,58,True
3111408,Campo Florido,MG,Minas Gerais,3110,Uberaba,310055,Uberaba,8466,4380,4086,262,252,685,656,677,697,638,559,1030,950,740,956,308,106,True
3111507,Campos Altos,MG,Minas Gerais,3110,Uberaba,310056,Araxá,12979,6474,6505,406,377,927,886,903,956,927,942,1808,1926,1731,1920,471,155,True
3111606,Campos Gerais,MG,Minas Gerais,3108,Varginha,310042,Alfenas,26064,13144,12920,776,702,1943,1807,1752,1803,1971,1981,4099,4099,4791,2849,543,155,True
3111903,Cana Verde,MG,Minas Gerais,3108,Varginha,310043,Lavras,5272,2669,2603,147,153,318,296,350,371,416,376,954,931,1084,538,131,27,True
3111705,Canaã,MG,Minas Gerais,3106,Juíz de Fora,310033,Viçosa,4715,2342,2373,116,128,280,294,316,327,387,356,821,837,945,382,58,29,True
3111804,Canápolis,MG,Minas Gerais,3111,Uberlândia,310059,Uberlândia,10608,5338,5270,271,236,697,628,742,799,845,813,1756,1837,1663,1369,427,129,True
3112000,Candeias,MG,Minas Gerais,3108,Varginha,310048,Campo Belo,13928,7033,6895,321,304,897,858,991,974,1090,1016,2603,2576,2724,1768,342,121,True
3112059,Cantagalo,MG,Minas Gerais,3104,Governador Valadares,310021,Guanhães,3974,1992,1982,118,135,269,231,298,310,265,261,564,625,769,308,60,11,True
3112109,Caparaó,MG,Minas Gerais,3106,Juíz de Fora,310028,Manhuaçu,5048,2587,2461,169,154,450,403,403,374,372,326,666,653,1045,385,72,23,True
3112208,Capela Nova,MG,Minas Gerais,3107,Barbacena,310038,Conselheiro Lafaiete,4362,2135,2227,110,133,242,215,255,279,323,307,880,953,962,372,62,11,True
3112307,Capelinha,MG,Minas Gerais,3103,Teófilo Otoni,310014,Capelinha,39562,19520,20042,1333,1243,3252,3326,3311,3486,2794,2764,4240,4727,5843,2568,655,249,True
3112406,Capetinga,MG,Minas Gerais,3108,Varginha,310041,Passos,6562,3372,3190,196,173,409,403,411,411,512,461,1115,1056,1045,833,211,49,True
3112505,Capim Branco,MG,Minas Gerais,3101,Belo Horizonte,310002,Sete Lagoas,10663,5216,5447,316,238,753,748,773,789,734,837,1602,1768,1149,1061,296,57,True
3112604,Capinópolis,MG,Minas Gerais,3111,Uberlândia,310060,Ituiutaba,14653,7234,7419,423,395,1022,1017,976,997,1038,1120,2282,2464,2280,1908,530,151,True
3112653,Capitão Andrade,MG,Minas Gerais,3104,Governador Valadares,310020,Governador Valadares,4585,2218,2367,128,121,231,269,250,294,300,315,802,909,1093,359,57,17,True
3112703,Capitão Enéas,MG,Minas Gerais,3102,Montes Claros,310006,Montes Claros,14108,7066,7042,497,458,1222,1143,1038,1062,885,934,1679,1775,2464,802,138,32,True
3112802,Capitólio,MG,Minas Gerais,3108,Varginha,310049,Piumhi,10360,5204,5156,300,263,757,760,814,764,735,761,1563,1631,1036,1207,325,110,True
3112901,Caputira,MG,Minas Gerais,3106,Juíz de Fora,310028,Manhuaçu,8936,4484,4452,309,255,664,636,624,628,610,608,1309,1377,1784,476,66,33,True
3113008,Caraí,MG,Minas Gerais,3103,Teófilo Otoni,310013,Teófilo Otoni,19548,9783,9765,723,673,1207,1276,1288,1315,1378,1254,2791,2993,4061,968,134,23,True
3113107,Caranaíba,MG,Minas Gerais,3107,Barbacena,310038,Conselheiro Lafaiete,2933,1508,1425,74,75,186,158,204,187,205,200,580,553,575,233,55,6,True
3113206,Carandaí,MG,Minas Gerais,3107,Barbacena,310038,Conselheiro Lafaiete,23812,11742,12070,614,608,1812,1697,1756,1683,1684,1747,3594,4157,3764,2227,601,138,True
3113305,Carangola,MG,Minas Gerais,3106,Juíz de Fora,310034,Carangola,31060,14879,16181,782,783,2144,2197,2140,2138,2123,2317,4742,5799,5578,3607,1035,435,True
3113404,Caratinga,MG,Minas Gerais,3105,Ipatinga,310025,Caratinga,86864,42011,44853,2388,2405,6294,6479,6056,6580,6158,6592,12216,14310,13329,8448,2671,1017,True
3113503,Carbonita,MG,Minas Gerais,3103,Teófilo Otoni,310016,Diamantina,8497,4274,4223,251,249,524,566,660,642,640,610,1287,1269,1994,698,142,39,True
3113602,Careaçu,MG,Minas Gerais,3109,Pouso Alegre,310050,Pouso Alegre,6816,3450,3366,176,203,458,442,502,459,488,503,1139,1083,939,771,175,41,True
3113701,Carlos Chagas,MG,Minas Gerais,3103,Teófilo Otoni,310013,Teófilo Otoni,18526,9234,9292,524,467,1162,1180,1274,1317,1352,1305,3052,3229,4118,1294,354,169,True
3113800,Carmésia,MG,Minas Gerais,3101,Belo Horizonte,310005,Itabira,2605,1318,1287,83,81,148,169,166,157,167,173,404,390,437,224,46,15,True
3113909,Carmo da Cachoeira,MG,Minas Gerais,3108,Varginha,310045,Três Corações,11547,5813,5734,345,338,907,826,800,816,755,792,1704,1808,1549,1332,325,98,True
3114006,Carmo da Mata,MG,Minas Gerais,3113,Divinópolis,310065,Divinópolis,11019,5470,5549,304,308,811,722,760,745,818,803,1867,2092,1705,1353,296,94,True
3114105,Carmo de Minas,MG,Minas Gerais,3109,Pouso Alegre,310053,São Lourenço,13797,6899,6898,427,416,1085,1064,1006,998,987,970,1984,2076,1987,1356,327,130,True
3114204,Carmo do Cajuru,MG,Minas Gerais,3113,Divinópolis,310065,Divinópolis,23455,11664,11791,612,604,1808,1771,1752,1660,1708,1771,3375,3612,2616,2603,704,127,True
3114303,Carmo do Paranaíba,MG,Minas Gerais,3112,Patos de Minas,310062,Patos de Minas,28737,14301,14436,713,702,1939,1883,1941,1852,2060,2095,4916,5363,4538,3573,957,363,True
3114402,Carmo do Rio Claro,MG,Minas Gerais,3108,Varginha,310041,Passos,20897,10556,10341,557,505,1417,1324,1517,1479,1616,1578,3485,3518,3154,2359,630,263,True
3114501,Carmópolis de Minas,MG,Minas Gerais,3113,Divinópolis,310069,Oliveira,17938,9067,8871,501,515,1386,1334,1291,1303,1337,1284,2798,2730,2160,1967,567,171,True
3114550,Carneirinho,MG,Minas Gerais,3110,Uberaba,310058,Iturama,9422,4772,4650,250,223,598,566,699,673,761,715,1581,1574,1432,1285,352,106,True
3114600,Carrancas,MG,Minas Gerais,3108,Varginha,310043,Lavras,4046,2011,2035,106,95,236,206,290,285,276,272,687,734,680,333,121,48,True
3114709,Carvalhópolis,MG,Minas Gerais,3108,Varginha,310042,Alfenas,3341,1716,1625,105,85,247,204,197,207,238,205,634,657,550,397,98,26,True
3114808,Carvalhos,MG,Minas Gerais,3109,Pouso Alegre,310054,Caxambu - Baependi,4422,2247,2175,107,90,273,263,322,285,301,297,862,855,958,421,81,29,True
3114907,Casa Grande,MG,Minas Gerais,3107,Barbacena,310038,Conselheiro Lafaiete,2214,1140,1074,68,55,157,139,158,127,177,187,400,375,338,198,41,7,True
3115003,Cascalho Rico,MG,Minas Gerais,3111,Uberlândia,310059,Uberlândia,2712,1363,1349,70,69,166,167,159,169,204,193,539,500,478,405,95,33,True
3115102,Cássia,MG,Minas Gerais,3108,Varginha,310041,Passos,17145,8582,8563,485,429,1131,1135,1159,1157,1169,1216,2879,2961,2340,2401,660,249,True
3115300,Cataguases,MG,Minas Gerais,3106,Juíz de Fora,310032,Cataguases,66075,31795,34280,1574,1545,4214,4284,4549,4918,4662,4916,10888,12909,10073,8845,2631,1046,True
3115359,Catas Altas,MG,Minas Gerais,3101,Belo Horizonte,310003,Santa Bárbara - Ouro Preto,5457,2681,2776,159,163,399,375,388,392,409,458,759,851,592,601,162,39,True
3115409,Catas Altas da Noruega,MG,Minas Gerais,3107,Barbacena,310038,Conselheiro Lafaiete,3110,1533,1577,109,91,219,208,180,215,226,232,514,518,596,239,54,13,True
3115458,Catuji,MG,Minas Gerais,3103,Teófilo Otoni,310013,Teófilo Otoni,7030,3474,3556,238,224,429,475,503,553,501,492,912,958,1189,272,44,13,True
3115474,Catuti,MG,Minas Gerais,3102,Montes Claros,310012,Espinosa,4739,2366,2373,144,113,269,262,365,350,352,358,737,769,1139,249,27,7,True
3115508,Caxambu,MG,Minas Gerais,3109,Pouso Alegre,310054,Caxambu - Baependi,20993,10016,10977,529,495,1252,1252,1370,1382,1419,1598,3548,4435,3305,2313,780,337,True
3115607,Cedro do Abaeté,MG,Minas Gerais,3113,Divinópolis,310070,Abaeté,1081,552,529,30,22,58,48,56,67,72,65,237,241,281,126,23,2,True
3115706,Central de Minas,MG,Minas Gerais,3104,Governador Valadares,310022,Mantena,6171,3029,3142,157,144,349,374,336,359,451,472,1145,1264,1559,483,107,33,True
3115805,Centralina,MG,Minas Gerais,3111,Uberlândia,310059,Uberlândia,10207,5110,5097,246,241,616,657,748,763,655,696,1630,1680,1649,1104,308,75,True
3115904,Chácara,MG,Minas Gerais,3106,Juíz de Fora,310027,Juiz de Fora,3075,1520,1555,77,77,173,200,182,209,196,196,577,579,591,273,64,22,True
3116001,Chalé,MG,Minas Gerais,3106,Juíz de Fora,310028,Manhuaçu,6075,3045,3030,162,146,419,409,447,465,425,421,957,928,1052,513,117,32,True
3116100,Chapada do Norte,MG,Minas Gerais,3103,Teófilo Otoni,310014,Capelinha,10313,5046,5267,393,360,747,660,668,714,722,721,1329,1654,2253,988,184,22,True
3116159,Chapada Gaúcha,MG,Minas Gerais,3102,Montes Claros,310011,São Francisco,12348,6350,5998,436,466,1096,1117,999,919,735,662,1318,1202,1516,627,154,45,True
3116209,Chiador,MG,Minas Gerais,3106,Juíz de Fora,310027,Juiz de Fora,2800,1332,1468,84,69,146,188,161,193,177,193,494,528,401,350,95,18,True
3116308,Cipotânea,MG,Minas Gerais,3107,Barbacena,310037,Barbacena,5581,2767,2814,172,142,351,319,334,380,419,405,988,1072,1210,410,70,18,True
3116407,Claraval,MG,Minas Gerais,3108,Varginha,310041,Passos,4658,2420,2238,125,129,334,307,334,340,308,317,859,714,691,505,157,47,True
3116506,Claro dos Poções,MG,Minas Gerais,3102,Montes Claros,310006,Montes Claros,7166,3608,3558,204,190,384,379,458,471,588,547,1244,1302,1647,609,92,22,True
3116605,Cláudio,MG,Minas Gerais,3113,Divinópolis,310065,Divinópolis,30133,15054,15079,879,863,2364,2354,2364,2403,2330,2215,4019,4182,2726,3442,1012,283,True
3116704,Coimbra,MG,Minas Gerais,3106,Juíz de Fora,310033,Viçosa,7117,3601,3516,182,173,492,477,516,482,537,516,1254,1307,1394,706,150,37,True
3116803,Coluna,MG,Minas Gerais,3104,Governador Valadares,310021,Guanhães,8163,4096,4067,288,243,544,553,567,607,606,545,1187,1264,1684,568,89,32,True
3116902,Comendador Gomes,MG,Minas Gerais,3110,Uberaba,310057,Frutal,2773,1423,1350,71,76,185,163,207,197,213,176,453,405,419,362,143,37,True
3117009,Comercinho,MG,Minas Gerais,3103,Teófilo Otoni,310018,Pedra Azul,6660,3353,3307,204,196,345,359,404,421,479,453,1277,1244,1784,434,69,21,True
3117108,Conceição da Aparecida,MG,Minas Gerais,3108,Varginha,310042,Alfenas,10371,5332,5039,317,281,749,642,728,756,793,730,1709,1634,1672,1066,295,99,True
3115201,Conceição da Barra de Minas,MG,Minas Gerais,3107,Barbacena,310039,São João del Rei,3560,1842,1718,102,79,253,204,255,230,278,250,647,657,696,389,70,21,True
3117306,Conceição das Alagoas,MG,Minas Gerais,3110,Uberaba,310055,Uberaba,28375,14508,13867,841,790,2357,2273,2422,2278,2157,2008,3314,3337,2534,2819,991,325,True
3117207,Conceição das Pedras,MG,Minas Gerais,3109,Pouso Alegre,310052,Itajubá,2772,1480,1292,81,55,189,158,218,198,205,192,544,461,537,234,43,10,True
3117405,Conceição de Ipanema,MG,Minas Gerais,3106,Juíz de Fora,310028,Manhuaçu,4409,2212,2197,113,126,247,239,253,291,344,325,845,806,886,405,90,25,True
3117504,Conceição do Mato Dentro,MG,Minas Gerais,3101,Belo Horizonte,310002,Sete Lagoas,23144,11656,11488,675,660,1906,1821,1987,1853,1654,1458,2828,3032,3165,1333,279,92,True
3117603,Conceição do Pará,MG,Minas Gerais,3113,Divinópolis,310065,Divinópolis,5415,2767,2648,121,135,330,267,381,386,396,377,989,966,746,662,173,42,True
3117702,Conceição do Rio Verde,MG,Minas Gerais,3109,Pouso Alegre,310053,São Lourenço,12488,6267,6221,358,365,905,897,856,850,868,870,1931,1966,2266,1198,270,100,True
3117801,Conceição dos Ouros,MG,Minas Gerais,3109,Pouso Alegre,310050,Pouso Alegre,10880,5550,5330,300,299,828,750,779,759,782,757,1742,1697,1434,1329,303,71,True
3117836,Cônego Marinho,MG,Minas Gerais,3102,Montes Claros,310009,Januária,7228,3669,3559,225,217,494,479,504,515,507,442,1062,1054,1284,357,50,9,True
3117876,Confins,MG,Minas Gerais,3101,Belo Horizonte,310001,Belo Horizonte,7345,3624,3721,208,173,593,570,495,536,515,614,1063,1161,566,731,287,88,True
3117900,Congonhal,MG,Minas Gerais,3109,Pouso Alegre,310050,Pouso Alegre,11033,5549,5484,290,268,759,698,765,777,837,844,1903,1957,1572,1332,322,81,True
3118007,Congonhas,MG,Minas Gerais,3107,Barbacena,310038,Conselheiro Lafaiete,52883,25958,26925,1469,1363,3977,3986,4307,4257,3690,3859,6919,8051,4705,5896,2374,778,True
3118106,Congonhas do Norte,MG,Minas Gerais,3101,Belo Horizonte,310002,Sete Lagoas,4831,2441,2390,179,166,381,340,339,318,366,332,671,778,1034,302,23,11,True
3118205,Conquista,MG,Minas Gerais,3110,Uberaba,310055,Uberaba,6684,3381,3303,192,172,493,434,480,456,474,455,1064,1127,797,891,275,89,True
3118304,Conselheiro Lafaiete,MG,Minas Gerais,3107,Barbacena,310038,Conselheiro Lafaiete,131346,63093,68253,3246,3248,9566,9691,10747,10920,9447,9952,17560,22104,11454,14411,6245,2336,True
3118403,Conselheiro Pena,MG,Minas Gerais,3104,Governador Valadares,310020,Governador Valadares,20824,10250,10574,552,508,1373,1347,1391,1419,1399,1517,3312,3697,4702,1621,474,156,True
3118502,Consolação,MG,Minas Gerais,3109,Pouso Alegre,310050,Pouso Alegre,1563,811,752,29,35,107,87,105,88,108,109,324,288,324,183,41,4,True
3118601,Contagem,MG,Minas Gerais,3101,Belo Horizonte,310001,Belo Horizonte,619921,295910,324010,16036,15673,47194,47904,47789,51872,47135,52286,77701,98014,55874,76561,35071,11969,True
3118700,Coqueiral,MG,Minas Gerais,3108,Varginha,310046,Três Pontas - Boa Esperança,9023,4536,4487,255,246,632,634,587,613,619,589,1554,1596,1672,902,183,66,True
3118809,Coração de Jesus,MG,Minas Gerais,3102,Montes Claros,310006,Montes Claros,25377,12735,12642,738,727,1637,1621,1794,1874,1860,1720,3873,4001,5642,1380,224,78,True
3118908,Cordisburgo,MG,Minas Gerais,3101,Belo Horizonte,310002,Sete Lagoas,7547,3755,3792,191,171,445,376,465,499,551,551,1463,1500,1598,787,184,65,True
3119005,Cordislândia,MG,Minas Gerais,3108,Varginha,310040,Varginha,3200,1630,1570,92,98,199,197,198,197,225,206,572,552,607,341,68,18,True
3119104,Corinto,MG,Minas Gerais,3101,Belo Horizonte,310004,Curvelo,23532,11546,11986,680,654,1604,1626,1577,1605,1468,1564,3702,4153,4194,2037,511,178,True
3119203,Coroaci,MG,Minas Gerais,3104,Governador Valadares,310020,Governador Valadares,10884,5557,5327,318,268,920,859,902,813,782,784,1705,1731,1918,721,164,50,True
3119302,Coromandel,MG,Minas Gerais,3112,Patos de Minas,310064,Patrocínio,28843,14505,14338,768,724,1970,1926,2055,2044,2113,2172,4891,4901,4718,3383,875,372,True
3119401,Coronel Fabriciano,MG,Minas Gerais,3105,Ipatinga,310024,Ipatinga,104314,49508,54806,2760,2744,7285,7480,7196,8053,7161,8049,14602,18092,11615,12559,5009,1623,True
3119500,Coronel Murta,MG,Minas Gerais,3103,Teófilo Otoni,310017,Araçuaí,8197,4146,4051,233,234,576,578,597,546,606,548,1318,1304,1799,542,94,21,True
3119609,Coronel Pacheco,MG,Minas Gerais,3106,Juíz de Fora,310027,Juiz de Fora,2762,1349,1413,56,60,154,159,191,200,189,182,529,545,420,369,102,26,True
3119708,Coronel Xavier Chaves,MG,Minas Gerais,3107,Barbacena,310039,São João del Rei,3486,1725,1761,80,86,210,192,213,220,277,274,618,663,514,325,83,38,True
3119807,Córrego Danta,MG,Minas Gerais,3113,Divinópolis,310066,Formiga,2960,1556,1404,83,70,176,151,178,168,211,212,660,583,694,376,92,25,True
3119906,Córrego do Bom Jesus,MG,Minas Gerais,3109,Pouso Alegre,310050,Pouso Alegre,4272,2188,2084,86,76,209,187,314,278,314,318,910,879,733,406,99,28,True
3119955,Córrego Fundo,MG,Minas Gerais,3113,Divinópolis,310066,Formiga,6133,3094,3039,152,151,416,396,463,454,523,494,998,959,780,798,160,22,True
3120003,Córrego Novo,MG,Minas Gerais,3105,Ipatinga,310025,Caratinga,2875,1444,1431,88,98,164,134,175,187,223,207,503,557,734,197,30,5,True
3120102,Couto de Magalhães de Minas,MG,Minas Gerais,3103,Teófilo Otoni,310016,Diamantina,4245,2069,2176,118,109,312,312,284,323,279,269,612,684,790,286,58,12,True
3120151,Crisólita,MG,Minas Gerais,3103,Teófilo Otoni,310019,Águas Formosas,5265,2748,2517,202,148,345,353,389,328,374,351,755,756,1276,323,52,27,True
3120201,Cristais,MG,Minas Gerais,3108,Varginha,310048,Campo Belo,12197,6132,6065,340,331,918,888,907,888,928,915,1848,1826,1835,1339,281,130,True
3120300,Cristália,MG,Minas Gerais,3102,Montes Claros,310006,Montes Claros,5121,2598,2523,199,193,440,388,412,424,333,286,561,587,989,217,29,8,True
3120409,Cristiano Otoni,MG,Minas Gerais,3107,Barbacena,310038,Conselheiro Lafaiete,4667,2301,2366,134,139,350,292,297,335,369,372,685,753,734,497,125,31,True
3120508,Cristina,MG,Minas Gerais,3109,Pouso Alegre,310053,São Lourenço,10374,5331,5043,268,251,821,698,729,732,739,679,1757,1749,1808,927,219,73,True
3120607,Crucilândia,MG,Minas Gerais,3113,Divinópolis,310069,Oliveira,5323,2688,2635,154,134,361,302,346,370,400,400,979,954,992,478,84,18,True
3120706,Cruzeiro da Fortaleza,MG,Minas Gerais,3112,Patos de Minas,310064,Patrocínio,3521,1815,1706,104,92,277,267,242,218,239,225,553,565,681,410,101,33,True
3120805,Cruzília,MG,Minas Gerais,3109,Pouso Alegre,310054,Caxambu - Baependi,15304,7547,7757,399,393,1113,1156,1044,1079,1039,1034,2535,2711,2496,1508,328,106,True
3120839,Cuparaque,MG,Minas Gerais,3104,Governador Valadares,310023,Aimorés - Resplendor,3983,1978,2005,115,101,237,233,241,267,283,269,652,734,1010,302,77,18,True
3120870,Curral de Dentro,MG,Minas Gerais,3102,Montes Claros,310008,Salinas,7406,3727,3679,274,248,575,569,522,563,487,475,954,960,1372,370,47,10,True
3120904,Curvelo,MG,Minas Gerais,3101,Belo Horizonte,310004,Curvelo,80543,38704,41839,2278,2189,5818,6171,5916,6386,5544,5989,11285,13409,11554,7535,2129,931,True
3121001,Datas,MG,Minas Gerais,3103,Teófilo Otoni,310016,Diamantina,5465,2682,2783,171,187,379,391,390,401,326,365,751,851,920,385,57,10,True
3121100,Delfim Moreira,MG,Minas Gerais,3109,Pouso Alegre,310052,Itajubá,7952,4098,3854,190,180,501,506,552,522,584,500,1501,1434,1360,761,175,66,True
3121209,Delfinópolis,MG,Minas Gerais,3108,Varginha,310041,Passos,8393,4383,4010,217,222,689,561,591,563,623,581,1311,1203,976,931,214,73,True
3121258,Delta,MG,Minas Gerais,3110,Uberaba,310055,Uberaba,10486,5377,5109,382,385,907,805,935,876,806,692,993,1000,927,1006,251,45,True
3121308,Descoberto,MG,Minas Gerais,3106,Juíz de Fora,310035,São João Nepomuceno - Bicas,4928,2493,2435,125,98,308,290,352,383,377,334,876,900,711,576,113,17,True
3121407,Desterro de Entre Rios,MG,Minas Gerais,3107,Barbacena,310038,Conselheiro Lafaiete,7653,3896,3757,179,172,494,433,575,509,559,507,1397,1426,1608,554,84,18,True
3121506,Desterro do Melo,MG,Minas Gerais,3107,Barbacena,310037,Barbacena,2994,1519,1475,80,90,174,154,206,218,228,222,577,567,626,255,46,12,True
3121605,Diamantina,MG,Minas Gerais,3103,Teófilo Otoni,310016,Diamantina,47694,23181,24513,1362,1278,3863,3933,3648,3996,3245,3412,6112,7278,6357,3801,1499,777,True
3121704,Diogo de Vasconcelos,MG,Minas Gerais,3106,Juíz de Fora,310030,Ponte Nova,3549,1776,1773,89,98,170,201,215,193,228,254,731,716,830,261,26,12,True
3121803,Dionísio,MG,Minas Gerais,3105,Ipatinga,310024,Ipatinga,6843,3324,3519,157,180,413,401,446,377,487,495,1267,1485,1524,823,206,39,True
3121902,Divinésia,MG,Minas Gerais,3106,Juíz de Fora,310029,Ubá,4226,2108,2118,110,118,293,286,345,303,270,263,634,684,537,376,84,22,True
3122009,Divino,MG,Minas Gerais,3106,Juíz de Fora,310034,Carangola,20699,10472,10227,675,650,1573,1493,1476,1473,1381,1423,3078,3096,3906,1313,272,84,True
3122108,Divino das Laranjeiras,MG,Minas Gerais,3104,Governador Valadares,310020,Governador Valadares,4178,2029,2149,112,98,222,220,235,248,277,304,772,851,1027,400,72,31,True
3122207,Divinolândia de Minas,MG,Minas Gerais,3104,Governador Valadares,310021,Guanhães,6516,3152,3364,188,194,440,445,432,495,411,438,957,1096,1163,576,100,26,True
3122306,Divinópolis,MG,Minas Gerais,3113,Divinópolis,310065,Divinópolis,230290,110715,119575,5594,5541,16669,17021,17541,18308,17061,18469,32872,39858,18712,29115,12491,5006,True
3122355,Divisa Alegre,MG,Minas Gerais,3103,Teófilo Otoni,310018,Pedra Azul,6321,3082,3239,225,242,528,535,443,482,409,453,718,789,1118,374,63,23,True
3122405,Divisa Nova,MG,Minas Gerais,3108,Varginha,310042,Alfenas,5851,3035,2816,183,149,435,417,379,420,417,398,963,876,919,657,139,20,True
3122454,Divisópolis,MG,Minas Gerais,3103,Teófilo Otoni,310018,Pedra Azul,10213,5245,4968,307,286,830,871,849,805,775,693,1458,1393,1698,569,84,21,True
3122470,Dom Bosco,MG,Minas Gerais,3112,Patos de Minas,310063,Unaí,3697,1937,1760,120,100,212,205,273,260,264,230,653,563,799,301,66,17,True
3122504,Dom Cavati,MG,Minas Gerais,3105,Ipatinga,310024,Ipatinga,4904,2363,2541,154,125,291,291,308,295,298,355,884,1041,956,564,118,25,True
3122603,Dom Joaquim,MG,Minas Gerais,3104,Governador Valadares,310021,Guanhães,4891,2458,2433,179,157,368,350,363,338,361,315,673,772,768,390,68,26,True
3122702,Dom Silvério,MG,Minas Gerais,3106,Juíz de Fora,310030,Ponte Nova,5228,2503,2725,131,117,352,355,328,318,341,355,942,1172,914,609,131,36,True
3122801,Dom Viçoso,MG,Minas Gerais,3109,Pouso Alegre,310053,São Lourenço,3095,1574,1521,90,68,199,177,164,228,251,228,621,547,651,252,40,10,True
3122900,Dona Euzébia,MG,Minas Gerais,3106,Juíz de Fora,310032,Cataguases,6093,3064,3029,185,162,494,430,440,425,417,457,968,992,876,780,163,41,True
3123007,Dores de Campos,MG,Minas Gerais,3107,Barbacena,310037,Barbacena,10007,4991,5016,275,244,752,738,737,729,716,733,1578,1718,1524,1159,200,55,True
3123106,Dores de Guanhães,MG,Minas Gerais,3104,Governador Valadares,310021,Guanhães,5014,2541,2473,149,158,345,312,303,345,387,329,841,831,928,392,60,21,True
3123205,Dores do Indaiá,MG,Minas Gerais,3113,Divinópolis,310067,Dores do Indaiá,12630,6077,6553,316,307,828,749,757,718,798,957,2399,2861,2522,1722,451,195,True
3123304,Dores do Turvo,MG,Minas Gerais,3106,Juíz de Fora,310029,Ubá,4987,2507,2480,145,138,327,364,326,319,380,345,887,860,900,348,57,19,True
3123403,Doresópolis,MG,Minas Gerais,3108,Varginha,310049,Piumhi,1461,725,736,40,43,114,83,81,92,110,119,260,252,278,172,27,9,True
3123502,Douradoquara,MG,Minas Gerais,3111,Uberlândia,310061,Monte Carmelo,1829,934,895,44,44,99,92,140,128,129,118,346,334,343,241,61,7,True
3123528,Durandé,MG,Minas Gerais,3106,Juíz de Fora,310028,Manhuaçu,7817,4003,3814,234,227,671,607,604,568,534,509,1051,1040,1381,608,116,35,True
3123601,Elói Mendes,MG,Minas Gerais,3108,Varginha,310040,Varginha,26336,12885,13451,713,758,1889,1944,1904,1940,1799,1900,3921,4283,3639,2693,762,259,True
3123700,Engenheiro Caldas,MG,Minas Gerais,3104,Governador Valadares,310020,Governador Valadares,13622,6509,7113,404,357,976,1118,1002,1182,899,936,1571,1746,2079,804,130,50,True
3123809,Engenheiro Navarro,MG,Minas Gerais,3102,Montes Claros,310006,Montes Claros,6354,3164,3190,196,178,429,411,427,441,441,469,1008,994,1350,546,85,12,True
3123858,Entre Folhas,MG,Minas Gerais,3105,Ipatinga,310025,Caratinga,5179,2636,2543,149,140,323,305,321,345,377,395,912,890,1034,398,82,19,True
3123908,Entre Rios de Minas,MG,Minas Gerais,3107,Barbacena,310038,Conselheiro Lafaiete,14746,7217,7529,402,372,1022,1030,1040,1063,1083,1127,2248,2599,2240,1390,389,144,True
3124005,Ervália,MG,Minas Gerais,3106,Juíz de Fora,310033,Viçosa,20255,10134,10121,565,552,1478,1397,1666,1666,1502,1470,3030,3121,3684,1477,311,93,True
3124104,Esmeraldas,MG,Minas Gerais,3101,Belo Horizonte,310001,Belo Horizonte,85598,42428,43170,2459,2322,6109,6385,6734,7150,6316,6358,10474,11108,9128,6180,1212,381,True
3124203,Espera Feliz,MG,Minas Gerais,3106,Juíz de Fora,310034,Carangola,24047,11899,12148,677,670,1838,1833,1732,1830,1766,1781,3346,3608,4445,1944,518,161,True
3124302,Espinosa,MG,Minas Gerais,3102,Montes Claros,310012,Espinosa,30443,14992,15451,874,910,2134,2208,2168,2284,2107,2091,4273,4721,5654,2035,326,94,True
3124401,Espírito Santo do Dourado,MG,Minas Gerais,3109,Pouso Alegre,310050,Pouso Alegre,6611,3469,3142,197,203,585,498,538,439,434,399,934,884,679,605,113,20,True
3124500,Estiva,MG,Minas Gerais,3109,Pouso Alegre,310050,Pouso Alegre,11502,5911,5591,296,268,813,739,876,787,863,820,2021,1968,1569,1416,317,67,True
3124609,Estrela Dalva,MG,Minas Gerais,3106,Juíz de Fora,310036,Além Paraíba,2182,1070,1112,59,44,117,116,121,164,152,137,424,441,498,228,62,25,True
3124708,Estrela do Indaiá,MG,Minas Gerais,3113,Divinópolis,310067,Dores do Indaiá,2772,1357,1415,68,57,150,131,175,145,188,199,581,666,676,383,89,45,True
3124807,Estrela do Sul,MG,Minas Gerais,3111,Uberlândia,310061,Monte Carmelo,6840,3574,3266,180,146,468,420,472,488,498,478,1241,1119,1139,927,237,65,True
3124906,Eugenópolis,MG,Minas Gerais,3106,Juíz de Fora,310031,Muriaé,10654,5338,5316,268,241,657,665,820,764,750,829,1842,1896,2082,1061,236,80,True
3125002,Ewbank da Câmara,MG,Minas Gerais,3106,Juíz de Fora,310027,Juiz de Fora,3875,1947,1928,102,105,305,299,273,275,256,259,580,581,566,424,67,9,True
3125101,Extrema,MG,Minas Gerais,3109,Pouso Alegre,310050,Pouso Alegre,53482,26867,26615,1534,1402,5262,4794,4639,4503,3772,3912,5920,6400,2805,4119,1582,413,True
3125200,Fama,MG,Minas Gerais,3108,Varginha,310042,Alfenas,2578,1296,1282,60,61,132,127,167,158,164,184,554,531,375,301,91,29,True
3125309,Faria Lemos,MG,Minas Gerais,3106,Juíz de Fora,310034,Carangola,3188,1582,1606,88,82,215,211,207,202,209,226,531,570,670,311,89,22,True
3125408,Felício dos Santos,MG,Minas Gerais,3103,Teófilo Otoni,310016,Diamantina,5133,2547,2586,169,131,345,368,356,344,297,343,841,905,1045,348,48,7,True
3125606,Felisburgo,MG,Minas Gerais,3103,Teófilo Otoni,310015,Almenara,6489,3308,3181,200,190,413,423,461,413,452,417,990,1016,1429,349,64,22,True
3125705,Felixlândia,MG,Minas Gerais,3101,Belo Horizonte,310004,Curvelo,13966,6985,6981,334,344,854,855,834,926,963,1013,2669,2586,2658,1379,235,77,True
3125804,Fernandes Tourinho,MG,Minas Gerais,3104,Governador Valadares,310020,Governador Valadares,2789,1371,1418,83,63,155,158,149,162,202,211,542,556,643,236,50,10,True
3125903,Ferros,MG,Minas Gerais,3101,Belo Horizonte,310005,Itabira,9590,4788,4802,264,235,565,532,607,620,681,654,1791,1917,2187,817,161,62,True
3125952,Fervedouro,MG,Minas Gerais,3106,Juíz de Fora,310031,Muriaé,10441,5366,5075,329,310,803,782,773,754,838,719,1478,1435,2034,604,105,22,True
3126000,Florestal,MG,Minas Gerais,3101,Belo Horizonte,310001,Belo Horizonte,8045,3956,4089,211,187,596,559,539,577,562,590,1332,1450,710,835,355,106,True
3126109,Formiga,MG,Minas Gerais,3113,Divinópolis,310066,Formiga,67608,33019,34589,1628,1519,4720,4703,5070,5052,4799,5092,10877,12613,8328,8775,2722,1003,True
3126208,Formoso,MG,Minas Gerais,3112,Patos de Minas,310063,Unaí,7949,4192,3757,287,251,560,564,602,547,518,513,1140,926,1322,522,138,47,True
3126307,Fortaleza de Minas,MG,Minas Gerais,3108,Varginha,310041,Passos,3477,1774,1703,91,70,223,208,216,237,230,247,680,610,635,537,144,24,True
3126406,Fortuna de Minas,MG,Minas Gerais,3101,Belo Horizonte,310002,Sete Lagoas,3093,1533,1560,70,81,194,194,226,231,222,247,514,495,420,296,56,18,True
3126505,Francisco Badaró,MG,Minas Gerais,3103,Teófilo Otoni,310017,Araçuaí,7366,3781,3585,231,185,467,427,491,467,565,537,1357,1378,1876,672,100,18,True
3126604,Francisco Dumont,MG,Minas Gerais,3102,Montes Claros,310006,Montes Claros,4503,2303,2200,144,117,301,294,316,291,315,323,679,653,1016,358,56,12,True
3126703,Francisco Sá,MG,Minas Gerais,3102,Montes Claros,310006,Montes Claros,23033,11620,11413,708,673,1670,1522,1631,1634,1686,1599,3471,3596,4527,1454,292,107,True
3126752,Franciscópolis,MG,Minas Gerais,3103,Teófilo Otoni,310013,Teófilo Otoni,5034,2563,2471,155,161,361,351,330,340,399,347,834,779,1159,347,47,16,True
3126802,Frei Gaspar,MG,Minas Gerais,3103,Teófilo Otoni,310013,Teófilo Otoni,5640,2839,2801,184,159,375,354,365,392,412,354,855,871,1223,348,40,15,True
3126901,Frei Inocêncio,MG,Minas Gerais,3104,Governador Valadares,310020,Governador Valadares,8226,4009,4217,260,266,551,559,478,524,559,582,1285,1471,1597,702,148,35,True
3126950,Frei Lagonegro,MG,Minas Gerais,3104,Governador Valadares,310021,Guanhães,3391,1696,1695,105,100,186,223,269,260,310,224,476,511,629,174,20,2,True
3127008,Fronteira,MG,Minas Gerais,3110,Uberaba,310057,Frutal,14528,7303,7225,399,406,1005,949,1062,1091,1109,1095,2084,2109,1957,1890,461,136,True
3127057,Fronteira dos Vales,MG,Minas Gerais,3103,Teófilo Otoni,310019,Águas Formosas,4345,2186,2159,138,125,256,279,259,277,345,318,716,708,1083,233,22,7,True
3127073,Fruta de Leite,MG,Minas Gerais,3102,Montes Claros,310008,Salinas,4647,2382,2265,222,155,302,292,305,307,317,287,617,704,1137,350,25,8,True
3127107,Frutal,MG,Minas Gerais,3110,Uberaba,310057,Frutal,58243,28899,29344,1570,1490,4243,4172,4605,4712,4243,4269,8040,8936,6797,7431,2411,854,True
3127206,Funilândia,MG,Minas Gerais,3101,Belo Horizonte,310002,Sete Lagoas,4676,2353,2323,147,118,300,324,288,278,312,331,770,782,675,324,68,17,True
3127305,Galiléia,MG,Minas Gerais,3104,Governador Valadares,310020,Governador Valadares,6215,3065,3150,170,171,377,416,369,367,422,445,1016,1079,1395,539,128,36,True
3127339,Gameleiras,MG,Minas Gerais,3102,Montes Claros,310012,Espinosa,4788,2415,2373,159,126,263,296,360,338,363,332,733,754,1139,257,22,9,True
3127354,Glaucilândia,MG,Minas Gerais,3102,Montes Claros,310006,Montes Claros,2928,1451,1477,92,88,147,162,159,211,243,221,528,527,571,208,33,7,True
3127370,Goiabeira,MG,Minas Gerais,3104,Governador Valadares,310020,Governador Valadares,2830,1351,1479,67,82,158,157,173,190,191,205,486,538,695,233,35,12,True
3127388,Goianá,MG,Minas Gerais,3106,Juíz de Fora,310027,Juiz de Fora,4053,1982,2071,103,91,254,237,253,260,259,274,758,837,607,447,110,31,True
3127404,Gonçalves,MG,Minas Gerais,3109,Pouso Alegre,310052,Itajubá,4727,2429,2298,107,99,313,256,322,313,347,345,924,868,676,488,132,39,True
3127503,Gonzaga,MG,Minas Gerais,3104,Governador Valadares,310020,Governador Valadares,5230,2559,2671,163,158,353,378,292,333,342,342,860,938,981,355,58,13,True
3127602,Gouveia,MG,Minas Gerais,3103,Teófilo Otoni,310016,Diamantina,11331,5555,5776,312,312,763,762,794,924,787,782,1761,1946,2038,966,197,50,True
3127701,Governador Valadares,MG,Minas Gerais,3104,Governador Valadares,310020,Governador Valadares,255592,120266,135326,7042,7043,18342,19677,17452,19785,17573,19872,34767,44629,34807,28586,10415,4739,True
3127800,Grão Mogol,MG,Minas Gerais,3102,Montes Claros,310006,Montes Claros,13901,7152,6749,476,446,1022,935,1062,1022,1006,934,2009,1929,2490,956,192,52,True
3127909,Grupiara,MG,Minas Gerais,3111,Uberlândia,310061,Monte Carmelo,1392,706,686,29,27,89,77,91,87,94,100,292,277,272,183,29,11,True
3128006,Guanhães,MG,Minas Gerais,3104,Governador Valadares,310021,Guanhães,32122,15505,16617,890,875,2413,2620,2313,2498,2230,2356,4418,5059,5052,2784,823,318,True
3128105,Guapé,MG,Minas Gerais,3108,Varginha,310041,Passos,13772,7121,6651,377,315,976,929,1005,952,1063,980,2349,2166,2386,1503,270,90,True
3128204,Guaraciaba,MG,Minas Gerais,3106,Juíz de Fora,310030,Ponte Nova,9753,4907,4846,217,221,597,582,663,668,728,653,1851,1964,1864,769,149,38,True
3128253,Guaraciama,MG,Minas Gerais,3102,Montes Claros,310006,Montes Claros,5051,2565,2486,138,126,329,309,380,367,387,354,813,807,972,325,39,7,True
3128303,Guaranésia,MG,Minas Gerais,3108,Varginha,310044,Guaxupé,19150,9648,9502,464,446,1482,1402,1519,1379,1393,1348,2979,3162,2394,2661,599,178,True
3128402,Guarani,MG,Minas Gerais,3106,Juíz de Fora,310029,Ubá,7714,3842,3872,179,171,515,529,515,525,504,499,1385,1447,1343,893,270,107,True
3128501,Guarará,MG,Minas Gerais,3106,Juíz de Fora,310035,São João Nepomuceno - Bicas,3149,1548,1601,85,88,213,211,217,232,214,210,502,565,697,442,81,23,True
3128600,Guarda-Mor,MG,Minas Gerais,3112,Patos de Minas,310062,Patos de Minas,6539,3377,3162,176,168,407,412,491,479,495,463,1062,973,935,754,224,102,True
3128709,Guaxupé,MG,Minas Gerais,3108,Varginha,310044,Guaxupé,50785,24754,26031,1255,1173,3625,3579,3834,3944,3519,3792,7818,8983,5823,6535,2156,853,True
3128808,Guidoval,MG,Minas Gerais,3106,Juíz de Fora,310029,Ubá,7131,3635,3496,202,148,493,495,501,457,493,504,1288,1291,1099,952,201,38,True
3128907,Guimarânia,MG,Minas Gerais,3112,Patos de Minas,310064,Patrocínio,8478,4349,4129,261,245,700,690,587,519,560,565,1279,1251,1136,822,196,63,True
3129004,Guiricema,MG,Minas Gerais,3106,Juíz de Fora,310029,Ubá,7778,3884,3894,202,190,501,440,509,519,521,570,1539,1540,1786,885,165,37,True
3129103,Gurinhatã,MG,Minas Gerais,3111,Uberlândia,310060,Ituiutaba,5188,2704,2484,118,96,229,219,262,285,402,393,1210,1047,1150,684,181,59,True
3129202,Heliodora,MG,Minas Gerais,3109,Pouso Alegre,310050,Pouso Alegre,6134,3159,2975,170,134,412,412,401,391,468,413,1142,1105,1176,588,105,27,True
3129301,Iapu,MG,Minas Gerais,3105,Ipatinga,310024,Ipatinga,12030,6050,5980,308,286,886,890,919,911,882,885,1909,1965,1954,807,181,50,True
3129400,Ibertioga,MG,Minas Gerais,3107,Barbacena,310037,Barbacena,5198,2592,2606,149,142,344,327,319,352,372,384,907,947,1026,366,74,22,True
3129509,Ibiá,MG,Minas Gerais,3110,Uberaba,310056,Araxá,22229,11156,11073,641,585,1533,1496,1617,1668,1603,1566,3336,3422,3311,2808,819,306,True
3129608,Ibiaí,MG,Minas Gerais,3102,Montes Claros,310010,Pirapora,6286,3186,3100,207,164,414,409,446,488,489,439,892,870,1487,446,63,15,True
3129657,Ibiracatu,MG,Minas Gerais,3102,Montes Claros,310006,Montes Claros,5081,2632,2449,159,148,340,300,375,337,346,300,825,817,1114,249,29,6,True
3129707,Ibiraci,MG,Minas Gerais,3108,Varginha,310041,Passos,10948,5543,5405,344,292,788,773,771,790,747,703,1597,1589,1491,1504,469,148,True
3129806,Ibirité,MG,Minas Gerais,3101,Belo Horizonte,310001,Belo Horizonte,170530,82633,87897,5011,5064,14374,14382,12844,13750,12545,13806,18742,22365,19432,20001,4256,640,True
3129905,Ibitiúra de Minas,MG,Minas Gerais,3109,Pouso Alegre,310051,Poços de Caldas,3365,1702,1663,72,76,220,227,224,209,236,238,664,640,630,414,92,13,True
3130002,Ibituruna,MG,Minas Gerais,3108,Varginha,310043,Lavras,2698,1338,1360,102,66,182,191,150,186,208,195,464,458,510,282,57,11,True
3130051,Icaraí de Minas,MG,Minas Gerais,3102,Montes Claros,310011,São Francisco,10677,5500,5177,365,339,908,830,908,898,842,676,1253,1328,1643,594,110,33,True
3130101,Igarapé,MG,Minas Gerais,3101,Belo Horizonte,310001,Belo Horizonte,45847,22715,23132,1381,1269,3399,3386,3719,3897,3404,3612,5459,5847,4490,3859,1254,399,True
3130200,Igaratinga,MG,Minas Gerais,3113,Divinópolis,310068,Pará de Minas,10825,5525,5300,330,286,942,884,910,842,850,731,1320,1411,1101,1180,367,61,True
3130309,Iguatama,MG,Minas Gerais,3113,Divinópolis,310066,Formiga,6826,3354,3472,153,128,385,353,497,507,487,454,1218,1357,1232,1031,292,102,True
3130408,Ijaci,MG,Minas Gerais,3108,Varginha,310043,Lavras,6996,3532,3464,222,172,487,495,483,539,550,507,1044,1116,752,676,140,43,True
3130507,Ilicínea,MG,Minas Gerais,3108,Varginha,310046,Três Pontas - Boa Esperança,12741,6493,6248,366,370,1084,1008,982,916,884,838,1970,1892,1974,1311,227,48,True
3130556,Imbé de Minas,MG,Minas Gerais,3105,Ipatinga,310025,Caratinga,6986,3566,3420,235,223,488,414,487,528,522,503,1063,1012,1354,410,57,10,True
3130606,Inconfidentes,MG,Minas Gerais,3109,Pouso Alegre,310050,Pouso Alegre,7301,3734,3567,184,169,484,479,516,507,573,579,1327,1302,1110,835,180,59,True
3130655,Indaiabira,MG,Minas Gerais,3102,Montes Claros,310008,Salinas,6346,3239,3107,214,172,464,386,395,421,451,444,1056,1049,1273,494,57,12,True
3130705,Indianópolis,MG,Minas Gerais,3111,Uberlândia,310059,Uberlândia,6171,3207,2964,177,149,464,416,452,432,478,431,962,881,966,702,197,44,True
3130804,Ingaí,MG,Minas Gerais,3108,Varginha,310043,Lavras,2580,1347,1233,72,52,200,157,181,177,184,185,462,436,372,324,71,32,True
3130903,Inhapim,MG,Minas Gerais,3105,Ipatinga,310025,Caratinga,22627,11311,11316,646,582,1399,1363,1422,1512,1712,1687,4074,4197,4741,1798,457,164,True
3131000,Inhaúma,MG,Minas Gerais,3101,Belo Horizonte,310002,Sete Lagoas,6228,3106,3122,187,161,437,433,465,481,447,472,965,990,815,610,144,43,True
3131109,Inimutaba,MG,Minas Gerais,3101,Belo Horizonte,310004,Curvelo,7371,3655,3716,226,214,500,499,501,533,537,529,1189,1233,1223,618,128,13,True
3131158,Ipaba,MG,Minas Gerais,3105,Ipatinga,310024,Ipatinga,15975,7914,8061,459,490,1193,1237,1108,1091,1116,1253,2265,2361,2412,1688,393,50,True
3131208,Ipanema,MG,Minas Gerais,3106,Juíz de Fora,310028,Manhuaçu,19522,9514,10008,522,509,1222,1256,1313,1388,1358,1494,3140,3564,3703,1584,394,148,True
3131307,Ipatinga,MG,Minas Gerais,3105,Ipatinga,310024,Ipatinga,227599,108389,119210,6123,5949,16102,17054,15967,17450,16368,18795,31841,38600,23122,28894,12904,5930,True
3131406,Ipiaçu,MG,Minas Gerais,3111,Uberlândia,310060,Ituiutaba,3775,1938,1837,97,86,223,234,261,225,247,282,733,696,717,474,104,25,True
3131505,Ipuiúna,MG,Minas Gerais,3109,Pouso Alegre,310050,Pouso Alegre,9135,4643,4492,254,222,655,589,616,606,660,717,1621,1582,1337,1161,313,83,True
3131604,Iraí de Minas,MG,Minas Gerais,3111,Uberlândia,310061,Monte Carmelo,7180,3632,3548,214,197,565,548,523,555,518,489,980,928,900,790,220,80,True
3131703,Itabira,MG,Minas Gerais,3101,Belo Horizonte,310005,Itabira,113230,53787,59443,2891,2783,7916,8241,8170,9018,8092,9104,15624,19317,11699,11875,5119,2207,True
3131802,Itabirinha,MG,Minas Gerais,3104,Governador Valadares,310022,Mantena,10362,5050,5312,323,313,685,711,628,703,745,802,1559,1762,2120,797,154,55,True
3131901,Itabirito,MG,Minas Gerais,3101,Belo Horizonte,310003,Santa Bárbara - Ouro Preto,53159,25914,27245,1373,1343,3933,3837,4297,4453,3975,4117,6762,8010,3994,5797,2439,819,True
3132008,Itacambira,MG,Minas Gerais,3102,Montes Claros,310006,Montes Claros,4252,2234,2018,131,118,332,261,282,284,342,299,718,654,768,291,59,10,True
3132107,Itacarambi,MG,Minas Gerais,3102,Montes Claros,310009,Januária,17153,8568,8585,576,591,1418,1352,1210,1234,1053,1059,2128,2305,2681,1146,223,47,True
3132206,Itaguara,MG,Minas Gerais,3113,Divinópolis,310069,Oliveira,13794,6912,6882,365,338,1026,980,947,962,1068,1015,2237,2308,1787,1595,420,138,True
3132305,Itaipé,MG,Minas Gerais,3103,Teófilo Otoni,310013,Teófilo Otoni,10463,5106,5357,380,380,740,788,668,787,750,689,1239,1390,2095,692,120,21,True
3132404,Itajubá,MG,Minas Gerais,3109,Pouso Alegre,310052,Itajubá,93004,45515,47489,2376,2225,7301,6932,7060,7020,6478,6544,13355,16182,8741,11121,4936,2523,True
3132503,Itamarandiba,MG,Minas Gerais,3103,Teófilo Otoni,310014,Capelinha,32933,16527,16406,1131,1112,2611,2589,2610,2596,2318,2262,4007,4161,6115,2162,372,162,True
3132602,Itamarati de Minas,MG,Minas Gerais,3106,Juíz de Fora,310032,Cataguases,3690,1856,1834,86,75,231,236,250,250,243,206,709,718,577,527,150,25,True
3132701,Itambacuri,MG,Minas Gerais,3103,Teófilo Otoni,310013,Teófilo Otoni,20892,9946,10946,626,622,1434,1551,1325,1409,1317,1408,2949,3643,4102,1394,360,165,True
3132800,Itambé do Mato Dentro,MG,Minas Gerais,3101,Belo Horizonte,310005,Itabira,2142,1039,1103,47,53,92,119,146,132,143,149,422,455,442,198,35,8,True
3132909,Itamogi,MG,Minas Gerais,3108,Varginha,310047,São Sebastião do Paraíso,10770,5405,5365,238,247,751,684,799,833,744,699,1847,1880,1927,1101,243,69,True
3133006,Itamonte,MG,Minas Gerais,3109,Pouso Alegre,310053,São Lourenço,14786,7345,7441,380,378,1056,1018,1161,1132,1108,1115,2216,2375,1803,1706,482,173,True
3133105,Itanhandu,MG,Minas Gerais,3109,Pouso Alegre,310053,São Lourenço,15235,7472,7763,401,390,1056,979,1128,1135,1105,1156,2336,2733,1657,1861,527,231,True
3133204,Itanhomi,MG,Minas Gerais,3104,Governador Valadares,310020,Governador Valadares,11128,5364,5764,289,274,671,686,642,667,696,823,1946,2196,2312,868,188,79,True
3133303,Itaobim,MG,Minas Gerais,3103,Teófilo Otoni,310013,Teófilo Otoni,19010,9356,9654,612,578,1355,1357,1263,1306,1350,1305,2833,3191,4163,1356,293,90,True
3133402,Itapagipe,MG,Minas Gerais,3110,Uberaba,310057,Frutal,13535,6857,6678,339,333,859,829,1005,956,970,979,2363,2358,1735,1729,547,209,True
3133501,Itapecerica,MG,Minas Gerais,3113,Divinópolis,310065,Divinópolis,20986,10344,10642,514,441,1384,1309,1379,1429,1549,1569,3796,4262,3307,2689,611,196,True
3133600,Itapeva,MG,Minas Gerais,3109,Pouso Alegre,310050,Pouso Alegre,12692,6444,6248,346,356,1028,909,1010,1015,901,901,1767,1822,1072,1167,307,92,True
3133709,Itatiaiuçu,MG,Minas Gerais,3113,Divinópolis,310065,Divinópolis,12871,6496,6375,355,328,887,960,977,942,969,964,1974,1880,1484,1160,286,52,True
3133758,Itaú de Minas,MG,Minas Gerais,3108,Varginha,310041,Passos,14406,7076,7330,336,351,958,950,972,1009,955,999,2535,2749,1607,2144,766,184,True
3133808,Itaúna,MG,Minas Gerais,3113,Divinópolis,310065,Divinópolis,97634,48074,49560,2393,2341,7475,7454,7880,7660,7372,7449,14080,16107,7920,12037,4509,1699,True
3133907,Itaverava,MG,Minas Gerais,3107,Barbacena,310038,Conselheiro Lafaiete,5642,2895,2747,182,144,385,389,393,365,407,386,1007,962,1019,438,67,11,True
3134004,Itinga,MG,Minas Gerais,3103,Teófilo Otoni,310017,Araçuaí,13745,6827,6918,483,471,926,979,948,953,970,933,2064,2108,2816,677,130,29,True
3134103,Itueta,MG,Minas Gerais,3104,Governador Valadares,310023,Aimorés - Resplendor,6050,3049,3001,151,141,351,343,394,369,445,433,1076,1121,1139,508,106,23,True
3134202,Ituiutaba,MG,Minas Gerais,3111,Uberlândia,310060,Ituiutaba,102149,49032,53117,2584,2497,7042,7177,7033,7687,6990,7697,15165,18435,12276,12736,4642,1940,True
3134301,Itumirim,MG,Minas Gerais,3108,Varginha,310043,Lavras,6638,3286,3352,142,191,427,443,461,498,493,437,1149,1156,938,613,145,51,True
3134400,Iturama,MG,Minas Gerais,3110,Uberaba,310058,Iturama,38295,18943,19352,1053,1051,3113,3094,2974,2920,2866,3004,4980,5409,3821,4643,1663,632,True
3134509,Itutinga,MG,Minas Gerais,3108,Varginha,310043,Lavras,4209,2125,2084,106,104,244,245,279,296,288,280,798,753,643,369,131,47,True
3134608,Jaboticatubas,MG,Minas Gerais,3101,Belo Horizonte,310001,Belo Horizonte,20385,10328,10057,508,513,1248,1210,1361,1341,1534,1464,3689,3594,2943,1645,448,165,True
3134707,Jacinto,MG,Minas Gerais,3103,Teófilo Otoni,310015,Almenara,11042,5554,5488,340,331,643,649,742,722,789,732,1911,1919,2705,700,134,50,True
3134806,Jacuí,MG,Minas Gerais,3108,Varginha,310047,São Sebastião do Paraíso,7495,3803,3692,196,192,496,478,504,500,516,520,1356,1294,1311,861,191,74,True
3134905,Jacutinga,MG,Minas Gerais,3109,Pouso Alegre,310050,Pouso Alegre,25458,12580,12878,695,664,1767,1741,2009,2030,1899,1929,3652,4030,2299,3298,1062,297,True
3135001,Jaguaraçu,MG,Minas Gerais,3105,Ipatinga,310024,Ipatinga,3092,1526,1566,93,74,171,210,229,228,216,198,511,572,407,346,86,22,True
3135050,Jaíba,MG,Minas Gerais,3102,Montes Claros,310007,Janaúba,37645,19104,18541,1236,1178,3011,3094,3199,3179,2632,2425,3818,3650,5636,2272,423,112,True
3135076,Jampruca,MG,Minas Gerais,3104,Governador Valadares,310020,Governador Valadares,4296,2189,2107,138,116,274,257,261,262,282,258,767,776,1009,325,66,11,True
3135100,Janaúba,MG,Minas Gerais,3102,Montes Claros,310007,Janaúba,70560,34137,36423,2122,2162,5516,5910,5430,5889,4886,5282,8232,9504,10607,5366,1377,553,True
3135209,Januária,MG,Minas Gerais,3102,Montes Claros,310009,Januária,64930,31962,32968,2096,2106,4671,4717,4584,4879,3971,4074,8500,9223,10321,4082,1129,410,True
3135308,Japaraíba,MG,Minas Gerais,3113,Divinópolis,310065,Divinópolis,4506,2294,2212,137,126,303,316,337,353,356,317,639,637,453,537,148,22,True
3135357,Japonvar,MG,Minas Gerais,3102,Montes Claros,310006,Montes Claros,8127,4139,3988,247,248,600,577,604,604,597,552,1213,1142,1735,424,43,11,True
3135407,Jeceaba,MG,Minas Gerais,3107,Barbacena,310038,Conselheiro Lafaiete,6197,3100,3097,178,158,438,398,429,421,445,476,1060,1062,939,511,127,27,True
3135456,Jenipapo de Minas,MG,Minas Gerais,3103,Teófilo Otoni,310017,Araçuaí,6097,3000,3097,227,214,427,424,482,486,426,396,729,869,1049,526,117,10,True
3135506,Jequeri,MG,Minas Gerais,3106,Juíz de Fora,310030,Ponte Nova,12419,6202,6217,319,316,873,811,898,881,902,873,1997,2161,2799,830,166,45,True
3135605,Jequitaí,MG,Minas Gerais,3102,Montes Claros,310006,Montes Claros,6484,3224,3260,179,174,373,364,444,470,440,461,1130,1148,1736,501,89,29,True
3135704,Jequitibá,MG,Minas Gerais,3101,Belo Horizonte,310002,Sete Lagoas,5869,2996,2873,167,138,361,339,440,409,422,400,1055,1004,918,478,105,34,True
3135803,Jequitinhonha,MG,Minas Gerais,3103,Teófilo Otoni,310015,Almenara,24007,12185,11822,801,753,1700,1686,1609,1575,1687,1540,3788,3720,4942,1395,322,135,True
3135902,Jesuânia,MG,Minas Gerais,3109,Pouso Alegre,310053,São Lourenço,5138,2641,2497,118,113,402,352,366,331,387,350,892,884,877,502,87,38,True
3136009,Joaíma,MG,Minas Gerais,3103,Teófilo Otoni,310015,Almenara,13888,6987,6901,489,467,947,920,907,867,887,906,2071,2155,2896,728,139,49,True
3136108,Joanésia,MG,Minas Gerais,3105,Ipatinga,310024,Ipatinga,4329,2166,2163,100,98,252,207,229,249,318,316,922,957,1022,434,77,21,True
3136207,João Monlevade,MG,Minas Gerais,3105,Ipatinga,310026,João Monlevade,80187,38265,41922,2020,1993,5915,5887,5786,6005,5372,6077,11490,14599,7888,8960,3584,1267,True
3136306,João Pinheiro,MG,Minas Gerais,3112,Patos de Minas,310062,Patos de Minas,46563,23481,23082,1414,1379,3523,3527,3639,3565,3452,3407,6398,6355,6695,4675,1247,431,True
3136405,Joaquim Felício,MG,Minas Gerais,3102,Montes Claros,310006,Montes Claros,3854,1944,1910,112,110,242,212,275,267,257,230,656,681,796,325,65,24,True
3136504,Jordânia,MG,Minas Gerais,3103,Teófilo Otoni,310015,Almenara,10304,5235,5069,358,318,848,767,697,677,692,643,1578,1622,2105,674,128,46,True
3136520,José Gonçalves de Minas,MG,Minas Gerais,3103,Teófilo Otoni,310017,Araçuaí,3969,2004,1965,128,125,301,270,313,315,320,301,493,535,621,383,61,14,True
3136553,José Raydan,MG,Minas Gerais,3104,Governador Valadares,310021,Guanhães,4268,2110,2158,124,119,248,261,289,326,311,290,703,687,899,280,41,10,True
3136579,Josenópolis,MG,Minas Gerais,3102,Montes Claros,310006,Montes Claros,3630,1858,1772,151,136,316,253,276,268,240,198,438,497,868,258,23,4,True
3136652,Juatuba,MG,Minas Gerais,3101,Belo Horizonte,310001,Belo Horizonte,30698,15368,15330,952,882,2431,2260,2423,2502,2295,2299,3807,4097,3205,2534,575,128,True
3136702,Juiz de Fora,MG,Minas Gerais,3106,Juíz de Fora,310027,Juiz de Fora,538723,252303,286420,13169,13242,39417,41920,39256,42428,36000,40815,77317,102775,52735,65691,29937,18837,True
3136801,Juramento,MG,Minas Gerais,3102,Montes Claros,310006,Montes Claros,3768,1881,1887,107,101,229,252,253,262,326,284,600,599,795,311,39,11,True
3136900,Juruaia,MG,Minas Gerais,3108,Varginha,310044,Guaxupé,11084,5585,5499,327,307,847,884,909,950,776,743,1617,1528,1087,1188,371,146,True
3136959,Juvenília,MG,Minas Gerais,3102,Montes Claros,310009,Januária,5789,2993,2796,227,202,433,395,429,410,409,353,778,748,1021,209,35,6,True
3137007,Ladainha,MG,Minas Gerais,3103,Teófilo Otoni,310013,Teófilo Otoni,14373,7063,7310,541,576,1010,1044,973,956,993,958,1861,2139,3057,709,100,32,True
3137106,Lagamar,MG,Minas Gerais,3112,Patos de Minas,310062,Patos de Minas,6631,3393,3238,153,156,352,302,388,376,514,536,1405,1317,1448,852,212,77,True
3137205,Lagoa da Prata,MG,Minas Gerais,3113,Divinópolis,310065,Divinópolis,51074,24865,26209,1345,1381,4130,4136,3868,4034,3737,3988,6842,7843,4896,6270,1962,638,True
3137304,Lagoa dos Patos,MG,Minas Gerais,3102,Montes Claros,310006,Montes Claros,3313,1696,1617,113,84,212,198,229,244,273,248,478,482,800,311,44,7,True
3137403,Lagoa Dourada,MG,Minas Gerais,3107,Barbacena,310039,São João del Rei,12769,6520,6249,367,381,988,946,1006,897,966,902,1865,1862,1793,1111,245,69,True
3137502,Lagoa Formosa,MG,Minas Gerais,3112,Patos de Minas,310062,Patos de Minas,18865,9409,9456,560,491,1362,1337,1323,1277,1321,1348,3099,3253,2598,2195,537,203,True
3137536,Lagoa Grande,MG,Minas Gerais,3112,Patos de Minas,310062,Patos de Minas,8969,4614,4355,290,252,680,653,689,648,673,638,1383,1242,1565,769,190,61,True
3137601,Lagoa Santa,MG,Minas Gerais,3101,Belo Horizonte,310001,Belo Horizonte,75125,36187,38938,1842,1857,5029,5306,5845,6602,5946,6377,9776,11450,4941,5797,2825,1781,True
3137700,Lajinha,MG,Minas Gerais,3106,Juíz de Fora,310028,Manhuaçu,20835,10476,10359,599,591,1548,1521,1627,1594,1514,1482,2777,2961,3534,1778,417,159,True
3137809,Lambari,MG,Minas Gerais,3109,Pouso Alegre,310053,São Lourenço,20414,10042,10372,564,533,1432,1325,1426,1425,1415,1485,3364,3754,3282,2161,613,230,True
3137908,Lamim,MG,Minas Gerais,3107,Barbacena,310038,Conselheiro Lafaiete,3184,1587,1597,91,80,209,218,173,207,239,236,600,588,658,318,65,11,True
3138005,Laranjal,MG,Minas Gerais,3106,Juíz de Fora,310032,Cataguases,5963,2941,3022,147,121,366,345,373,385,429,460,1101,1240,1064,679,189,78,True
3138104,Lassance,MG,Minas Gerais,3102,Montes Claros,310010,Pirapora,7108,3591,3515,240,225,504,495,499,492,460,458,1078,1051,1307,498,80,14,True
3138203,Lavras,MG,Minas Gerais,3108,Varginha,310043,Lavras,104524,50048,54476,2852,2772,8376,8939,7942,8494,7113,7730,14163,17120,8909,11612,5010,2759,True
3138302,Leandro Ferreira,MG,Minas Gerais,3113,Divinópolis,310065,Divinópolis,3199,1612,1587,94,74,205,225,230,229,232,221,538,537,451,377,119,37,True
3138351,Leme do Prado,MG,Minas Gerais,3103,Teófilo Otoni,310014,Capelinha,4341,2147,2194,150,163,306,279,323,333,284,320,582,638,798,357,83,9,True
3138401,Leopoldina,MG,Minas Gerais,3106,Juíz de Fora,310032,Cataguases,51078,24408,26670,1334,1302,3351,3467,3355,3696,3364,3794,7985,9686,7941,5748,1719,707,True
3138500,Liberdade,MG,Minas Gerais,3106,Juíz de Fora,310027,Juiz de Fora,4737,2401,2336,137,114,287,236,290,280,360,360,958,987,1053,428,93,46,True
3138609,Lima Duarte,MG,Minas Gerais,3106,Juíz de Fora,310027,Juiz de Fora,17166,8509,8657,430,415,1195,1142,1148,1190,1193,1235,2958,3114,3142,1600,384,141,True
3138625,Limeira do Oeste,MG,Minas Gerais,3110,Uberaba,310058,Iturama,8687,4425,4262,225,233,651,672,713,670,656,657,1241,1124,972,833,279,53,True
3138658,Lontra,MG,Minas Gerais,3102,Montes Claros,310006,Montes Claros,8790,4418,4372,280,255,652,642,654,687,579,529,1218,1296,1634,486,75,25,True
3138674,Luisburgo,MG,Minas Gerais,3106,Juíz de Fora,310028,Manhuaçu,6956,3577,3379,215,215,528,503,597,504,481,440,965,943,1228,450,87,20,True
3138682,Luislândia,MG,Minas Gerais,3102,Montes Claros,310006,Montes Claros,6210,3156,3054,234,225,481,460,423,463,438,389,828,819,1210,267,45,7,True
3138708,Luminárias,MG,Minas Gerais,3108,Varginha,310043,Lavras,5586,2869,2717,165,124,412,375,375,382,405,397,1015,922,984,599,124,39,True
3138807,Luz,MG,Minas Gerais,3113,Divinópolis,310067,Dores do Indaiá,17716,8687,9029,429,461,1245,1237,1243,1279,1178,1240,2964,3289,2549,2254,610,249,True
3138906,Machacalis,MG,Minas Gerais,3103,Teófilo Otoni,310019,Águas Formosas,6487,3257,3230,222,184,411,412,476,443,462,460,1072,1085,1499,469,98,30,True
3139003,Machado,MG,Minas Gerais,3108,Varginha,310042,Alfenas,37569,18426,19143,1083,1041,2778,2829,2686,2891,2648,2640,5524,6133,4697,4597,1429,603,True
3139102,Madre de Deus de Minas,MG,Minas Gerais,3107,Barbacena,310039,São João del Rei,5191,2591,2600,116,133,431,357,369,343,354,388,840,897,885,413,115,42,True
3139201,Malacacheta,MG,Minas Gerais,3103,Teófilo Otoni,310013,Teófilo Otoni,17421,8516,8905,505,527,1208,1298,1230,1186,1136,1218,2627,2919,3620,1147,279,71,True
3139250,Mamonas,MG,Minas Gerais,3102,Montes Claros,310012,Espinosa,5997,3017,2980,155,122,322,306,350,398,459,430,1168,1237,1494,367,30,6,True
3139300,Manga,MG,Minas Gerais,3102,Montes Claros,310007,Janaúba,18743,9281,9462,673,638,1383,1431,1330,1248,1216,1253,2448,2620,3510,873,204,77,True
3139409,Manhuaçu,MG,Minas Gerais,3106,Juíz de Fora,310028,Manhuaçu,91585,44850,46735,2790,2780,7192,7624,7030,7391,6383,6574,11123,12598,11781,8175,2563,1096,True
3139508,Manhumirim,MG,Minas Gerais,3106,Juíz de Fora,310028,Manhuaçu,20545,10105,10440,658,589,1520,1478,1398,1454,1493,1462,2973,3355,3877,2041,549,167,True
3139607,Mantena,MG,Minas Gerais,3104,Governador Valadares,310022,Mantena,26398,12678,13720,699,708,1549,1702,1787,1891,1808,2025,4125,4763,5265,2301,606,275,True
3139805,Mar de Espanha,MG,Minas Gerais,3106,Juíz de Fora,310035,São João Nepomuceno - Bicas,12718,6086,6632,333,333,883,1001,885,968,825,848,1951,2264,1742,1561,418,117,True
3139706,Maravilhas,MG,Minas Gerais,3113,Divinópolis,310068,Pará de Minas,7333,3701,3632,225,226,552,514,537,555,520,545,1107,1117,1008,784,187,43,True
3139904,Maria da Fé,MG,Minas Gerais,3109,Pouso Alegre,310052,Itajubá,14194,7168,7026,373,362,1022,973,1040,967,959,978,2266,2340,2133,1336,275,103,True
3140001,Mariana,MG,Minas Gerais,3101,Belo Horizonte,310003,Santa Bárbara - Ouro Preto,61181,29683,31498,1723,1700,4966,5126,4895,5125,4318,4701,7299,8525,6590,5731,2167,846,True
3140100,Marilac,MG,Minas Gerais,3104,Governador Valadares,310020,Governador Valadares,4224,2057,2167,137,123,327,308,278,290,280,284,600,711,851,282,45,9,True
3140159,Mário Campos,MG,Minas Gerais,3101,Belo Horizonte,310001,Belo Horizonte,15900,7871,8029,471,426,1295,1289,1299,1263,1144,1200,1863,2077,1721,1533,401,97,True
3140209,Maripá de Minas,MG,Minas Gerais,3106,Juíz de Fora,310035,São João Nepomuceno - Bicas,3387,1692,1695,74,78,229,239,227,226,238,233,593,614,436,340,65,15,True
3140308,Marliéria,MG,Minas Gerais,3105,Ipatinga,310024,Ipatinga,4592,2300,2292,121,118,306,275,268,298,336,348,807,802,680,419,80,11,True
3140407,Marmelópolis,MG,Minas Gerais,3109,Pouso Alegre,310052,Itajubá,3200,1623,1577,80,72,214,196,231,216,216,226,559,556,608,208,42,13,True
3140506,Martinho Campos,MG,Minas Gerais,3113,Divinópolis,310067,Dores do Indaiá,13997,7023,6974,380,380,998,962,986,970,1020,973,2256,2346,1937,1512,413,114,True
3140530,Martins Soares,MG,Minas Gerais,3106,Juíz de Fora,310028,Manhuaçu,8396,4216,4180,261,276,617,612,628,645,603,596,1139,1118,1408,619,107,37,True
3140555,Mata Verde,MG,Minas Gerais,3103,Teófilo Otoni,310015,Almenara,9112,4540,4572,276,281,744,768,656,673,670,655,1310,1281,1576,456,68,27,True
3140605,Materlândia,MG,Minas Gerais,3104,Governador Valadares,310021,Guanhães,3963,1950,2013,101,125,225,247,275,247,275,275,650,717,907,263,34,8,True
3140704,Mateus Leme,MG,Minas Gerais,3101,Belo Horizonte,310001,Belo Horizonte,37828,18662,19166,1121,1033,2722,2855,2961,3111,2654,2742,4986,5450,3974,3145,924,268,True
3171501,Mathias Lobato,MG,Minas Gerais,3104,Governador Valadares,310020,Governador Valadares,3038,1506,1532,108,104,218,211,197,211,179,183,414,487,690,170,34,17,True
3140803,Matias Barbosa,MG,Minas Gerais,3106,Juíz de Fora,310027,Juiz de Fora,14119,6958,7161,381,338,1018,985,982,986,937,1042,2300,2584,1873,1610,483,180,True
3140852,Matias Cardoso,MG,Minas Gerais,3102,Montes Claros,310007,Janaúba,8895,4477,4418,334,312,632,652,692,649,606,527,1025,1047,1650,474,91,30,True
3140902,Matipó,MG,Minas Gerais,3106,Juíz de Fora,310028,Manhuaçu,18483,9116,9367,616,616,1513,1436,1359,1369,1215,1252,2233,2516,3153,1360,253,110,True
3141009,Mato Verde,MG,Minas Gerais,3102,Montes Claros,310012,Espinosa,12038,5820,6218,314,315,760,824,842,918,892,872,1845,2102,2888,856,140,35,True
3141108,Matozinhos,MG,Minas Gerais,3101,Belo Horizonte,310002,Sete Lagoas,37617,18168,19449,1006,1008,2776,2804,2748,3004,2806,3046,4930,5738,3711,4186,1364,367,True
3141207,Matutina,MG,Minas Gerais,3112,Patos de Minas,310062,Patos de Minas,3814,1887,1927,73,89,264,228,225,213,238,271,738,763,752,448,102,36,True
3141306,Medeiros,MG,Minas Gerais,3113,Divinópolis,310066,Formiga,3900,2037,1863,105,90,301,302,311,291,283,244,636,541,482,427,136,62,True
3141405,Medina,MG,Minas Gerais,3103,Teófilo Otoni,310018,Pedra Azul,20156,10109,10047,626,612,1394,1409,1296,1410,1417,1313,3147,3251,4133,1159,285,102,True
3141504,Mendes Pimentel,MG,Minas Gerais,3104,Governador Valadares,310022,Mantena,5606,2734,2872,149,131,278,295,312,347,426,425,1055,1158,1447,413,88,24,True
3141603,Mercês,MG,Minas Gerais,3106,Juíz de Fora,310029,Ubá,10373,5175,5198,272,283,665,712,748,705,751,730,1830,1916,2087,845,174,71,True
3141702,Mesquita,MG,Minas Gerais,3105,Ipatinga,310024,Ipatinga,5040,2525,2515,135,119,312,282,315,325,348,355,920,976,999,557,108,38,True
3141801,Minas Novas,MG,Minas Gerais,3103,Teófilo Otoni,310014,Capelinha,24405,12091,12314,888,839,1836,1746,1914,1825,1728,1688,2976,3567,4461,2034,439,108,True
3141900,Minduri,MG,Minas Gerais,3109,Pouso Alegre,310054,Caxambu - Baependi,3741,1877,1864,105,113,273,246,249,233,261,279,664,660,644,327,68,31,True
3142007,Mirabela,MG,Minas Gerais,3102,Montes Claros,310006,Montes Claros,13651,6829,6822,396,380,1055,1056,1043,1012,955,906,1995,2081,2664,731,130,35,True
3142106,Miradouro,MG,Minas Gerais,3106,Juíz de Fora,310031,Muriaé,8968,4456,4512,243,243,608,558,597,658,669,648,1529,1557,1941,845,171,76,True
3142205,Miraí,MG,Minas Gerais,3106,Juíz de Fora,310031,Muriaé,13584,6660,6924,337,334,996,1001,908,987,947,945,2110,2378,2188,1426,314,114,True
3142254,Miravânia,MG,Minas Gerais,3102,Montes Claros,310007,Janaúba,3985,2000,1985,148,139,234,263,264,266,286,249,608,613,865,208,26,8,True
3142304,Moeda,MG,Minas Gerais,3101,Belo Horizonte,310001,Belo Horizonte,5121,2553,2568,129,117,333,338,330,331,362,388,919,942,747,542,125,36,True
3142403,Moema,MG,Minas Gerais,3113,Divinópolis,310067,Dores do Indaiá,7548,3696,3852,198,219,531,538,543,569,586,586,1156,1250,880,957,327,82,True
3142502,Monjolos,MG,Minas Gerais,3101,Belo Horizonte,310004,Curvelo,2169,1072,1097,70,60,136,117,118,168,180,147,377,394,447,178,31,14,True
3142601,Monsenhor Paulo,MG,Minas Gerais,3108,Varginha,310040,Varginha,8340,4257,4083,205,215,603,564,589,575,619,599,1419,1379,1076,1093,269,59,True
3142700,Montalvânia,MG,Minas Gerais,3102,Montes Claros,310009,Januária,14060,7048,7012,461,427,917,951,966,937,945,943,2173,2261,3030,861,161,52,True
3142809,Monte Alegre de Minas,MG,Minas Gerais,3111,Uberlândia,310059,Uberlândia,20170,10135,10035,515,499,1300,1338,1414,1382,1462,1461,3360,3357,3428,2314,575,205,True
3142908,Monte Azul,MG,Minas Gerais,3102,Montes Claros,310012,Espinosa,20220,9971,10249,494,494,1105,1190,1457,1454,1453,1469,3481,3751,5117,1293,236,69,True
3143005,Monte Belo,MG,Minas Gerais,3108,Varginha,310044,Guaxupé,13046,6634,6412,332,312,965,948,954,907,983,913,2267,2219,2074,1418,365,93,True
3143104,Monte Carmelo,MG,Minas Gerais,3111,Uberlândia,310061,Monte Carmelo,47560,23681,23879,1274,1289,3604,3582,3518,3367,3712,3702,6957,7427,7006,5572,1469,508,True
3143153,Monte Formoso,MG,Minas Gerais,3103,Teófilo Otoni,310013,Teófilo Otoni,4381,2293,2088,191,157,360,316,282,262,301,279,611,593,935,170,27,8,True
3143203,Monte Santo de Minas,MG,Minas Gerais,3108,Varginha,310047,São Sebastião do Paraíso,20890,10417,10473,530,509,1460,1378,1561,1432,1449,1451,3562,3793,3529,2671,548,190,True
3143401,Monte Sião,MG,Minas Gerais,3109,Pouso Alegre,310050,Pouso Alegre,24074,11901,12173,616,629,1667,1588,1931,1950,1813,1934,3556,3839,2297,3235,985,292,True
3143302,Montes Claros,MG,Minas Gerais,3102,Montes Claros,310006,Montes Claros,412523,197249,215274,11785,11957,33548,35836,32255,35123,29079,32093,46209,57356,46959,35323,12695,6520,True
3143450,Montezuma,MG,Minas Gerais,3102,Montes Claros,310012,Espinosa,6888,3447,3441,235,232,455,487,491,489,526,473,1009,1019,1230,496,64,16,True
3143500,Morada Nova de Minas,MG,Minas Gerais,3113,Divinópolis,310070,Abaeté,9067,4649,4418,253,220,643,609,667,618,586,626,1566,1449,1454,943,229,78,True
3143609,Morro da Garça,MG,Minas Gerais,3101,Belo Horizonte,310004,Curvelo,2411,1237,1174,85,71,154,130,155,186,161,156,420,406,516,200,25,11,True
3143708,Morro do Pilar,MG,Minas Gerais,3101,Belo Horizonte,310002,Sete Lagoas,3133,1541,1592,92,82,205,208,199,213,209,224,546,596,673,295,47,14,True
3143807,Munhoz,MG,Minas Gerais,3109,Pouso Alegre,310050,Pouso Alegre,7451,3867,3584,203,178,556,505,574,513,511,515,1186,1146,1101,612,113,30,True
3143906,Muriaé,MG,Minas Gerais,3106,Juíz de Fora,310031,Muriaé,103407,49213,54194,2698,2648,7010,7646,7683,8383,7221,7898,14776,17925,13766,12761,4017,1673,True
3144003,Mutum,MG,Minas Gerais,3106,Juíz de Fora,310028,Manhuaçu,27626,13965,13661,801,759,1915,1808,1984,1976,2076,1967,4211,4324,5238,2238,440,158,True
3144102,Muzambinho,MG,Minas Gerais,3108,Varginha,310044,Guaxupé,21891,10908,10983,535,519,1471,1460,1576,1549,1550,1591,3701,3922,2793,2484,828,334,True
3144201,Nacip Raydan,MG,Minas Gerais,3104,Governador Valadares,310020,Governador Valadares,2459,1200,1259,62,78,114,163,149,156,175,163,445,470,582,230,44,20,True
3144300,Nanuque,MG,Minas Gerais,3103,Teófilo Otoni,310013,Teófilo Otoni,34948,16653,18295,978,930,2123,2296,2293,2637,2511,2660,5116,6169,7369,3682,987,473,True
3144359,Naque,MG,Minas Gerais,3105,Ipatinga,310024,Ipatinga,6303,3088,3215,160,186,427,468,502,473,399,415,818,949,1028,605,116,19,True
3144375,Natalândia,MG,Minas Gerais,3112,Patos de Minas,310063,Unaí,3520,1797,1723,123,91,294,242,261,270,258,253,483,473,608,314,70,13,True
3144409,Natércia,MG,Minas Gerais,3109,Pouso Alegre,310050,Pouso Alegre,4691,2413,2278,102,99,265,248,299,300,357,319,998,946,862,514,114,40,True
3144508,Nazareno,MG,Minas Gerais,3107,Barbacena,310039,São João del Rei,8179,4159,4020,239,218,638,583,546,544,615,564,1322,1386,1418,712,150,70,True
3144607,Nepomuceno,MG,Minas Gerais,3108,Varginha,310043,Lavras,25018,12338,12680,652,703,1784,1726,1715,1810,1794,1873,3948,4267,4385,2519,553,204,True
3144656,Ninheira,MG,Minas Gerais,3102,Montes Claros,310008,Salinas,10588,5436,5152,340,340,928,795,817,772,813,704,1482,1548,1832,328,61,6,True
3144672,Nova Belém,MG,Minas Gerais,3104,Governador Valadares,310022,Mantena,3151,1614,1537,76,83,176,161,200,222,246,240,559,506,840,201,17,8,True
3144706,Nova Era,MG,Minas Gerais,3105,Ipatinga,310026,João Monlevade,17345,8303,9042,517,487,1064,1149,1187,1309,1185,1315,2593,3051,2332,1803,669,239,True
3144805,Nova Lima,MG,Minas Gerais,3101,Belo Horizonte,310001,Belo Horizonte,111690,54219,57471,2664,2644,7443,7500,8630,9316,9076,9786,14981,17330,6335,8950,4011,4217,True
3144904,Nova Módica,MG,Minas Gerais,3103,Teófilo Otoni,310013,Teófilo Otoni,3663,1820,1843,92,76,247,238,227,234,274,248,602,666,770,286,45,22,True
3145000,Nova Ponte,MG,Minas Gerais,3110,Uberaba,310055,Uberaba,14585,7381,7204,476,409,1149,1169,1171,1175,1142,1101,1756,1738,1373,1733,590,184,True
3145059,Nova Porteirinha,MG,Minas Gerais,3102,Montes Claros,310007,Janaúba,6706,3361,3345,193,199,535,492,503,515,483,471,903,900,1358,534,72,15,True
3145109,Nova Resende,MG,Minas Gerais,3108,Varginha,310044,Guaxupé,16387,8476,7911,466,412,1259,1153,1228,1187,1209,1129,2540,2397,2454,1694,480,141,True
3145208,Nova Serrana,MG,Minas Gerais,3113,Divinópolis,310065,Divinópolis,105357,52470,52887,3477,3275,10471,10573,10269,10286,7229,7238,8006,8800,5363,11813,3732,677,True
3136603,Nova União,MG,Minas Gerais,3101,Belo Horizonte,310001,Belo Horizonte,5909,2962,2947,142,162,396,361,395,403,454,441,955,971,937,497,115,24,True
3145307,Novo Cruzeiro,MG,Minas Gerais,3103,Teófilo Otoni,310013,Teófilo Otoni,26968,13353,13615,974,942,1891,1853,1896,1962,1892,1747,3558,3989,5293,1398,256,72,True
3145356,Novo Oriente de Minas,MG,Minas Gerais,3103,Teófilo Otoni,310013,Teófilo Otoni,10275,5207,5068,329,326,729,710,682,684,725,666,1605,1565,1979,476,66,19,True
3145372,Novorizonte,MG,Minas Gerais,3102,Montes Claros,310008,Salinas,4571,2286,2285,156,143,292,253,318,309,326,275,716,786,949,348,34,10,True
3145406,Olaria,MG,Minas Gerais,3106,Juíz de Fora,310027,Juiz de Fora,1945,1007,938,46,41,116,118,125,100,150,135,381,356,405,207,32,7,True
3145455,Olhos-d'Água,MG,Minas Gerais,3102,Montes Claros,310006,Montes Claros,5383,2783,2600,199,167,391,359,459,419,375,335,683,664,975,348,55,14,True
3145505,Olímpio Noronha,MG,Minas Gerais,3109,Pouso Alegre,310053,São Lourenço,2555,1269,1286,53,59,163,163,158,158,179,205,487,458,448,257,57,10,True
3145604,Oliveira,MG,Minas Gerais,3113,Divinópolis,310069,Oliveira,39080,18865,20215,1018,998,2746,2657,2667,2957,2857,3030,6117,7252,5241,4686,1308,565,True
3145703,Oliveira Fortes,MG,Minas Gerais,3106,Juíz de Fora,310027,Juiz de Fora,2027,990,1037,54,53,126,129,126,116,140,145,358,388,419,182,39,9,True
3145802,Onça de Pitangui,MG,Minas Gerais,3113,Divinópolis,310068,Pará de Minas,2969,1498,1471,72,80,201,184,181,184,243,222,531,514,529,296,62,10,True
3145851,Oratórios,MG,Minas Gerais,3106,Juíz de Fora,310030,Ponte Nova,4917,2472,2445,158,117,338,336,358,372,370,362,702,764,707,467,72,22,True
3145877,Orizânia,MG,Minas Gerais,3106,Juíz de Fora,310034,Carangola,8437,4279,4158,245,259,667,613,617,623,611,570,1167,1111,1590,415,51,6,True
3145901,Ouro Branco,MG,Minas Gerais,3107,Barbacena,310038,Conselheiro Lafaiete,38724,18997,19727,935,906,2879,2860,3318,3327,2805,3007,5009,5643,3150,4011,1959,1005,True
3146008,Ouro Fino,MG,Minas Gerais,3109,Pouso Alegre,310050,Pouso Alegre,32039,15866,16173,757,783,2151,2053,2210,2224,2364,2349,5596,5990,4448,4256,1194,394,True
3146107,Ouro Preto,MG,Minas Gerais,3101,Belo Horizonte,310003,Santa Bárbara - Ouro Preto,74671,36373,38298,2030,1910,5820,5759,5725,5748,5349,5683,10403,12471,7902,7716,2891,1320,True
3146206,Ouro Verde de Minas,MG,Minas Gerais,3103,Teófilo Otoni,310013,Teófilo Otoni,5757,2870,2887,190,170,375,418,413,376,398,396,816,898,1246,316,60,15,True
3146255,Padre Carvalho,MG,Minas Gerais,3102,Montes Claros,310008,Salinas,5058,2491,2567,208,216,375,376,402,386,360,330,549,601,897,340,49,6,True
3146305,Padre Paraíso,MG,Minas Gerais,3103,Teófilo Otoni,310013,Teófilo Otoni,17334,8585,8749,639,557,1275,1360,1200,1184,1146,1143,2267,2603,3439,874,176,47,True
3146552,Pai Pedro,MG,Minas Gerais,3102,Montes Claros,310007,Janaúba,5551,2811,2740,192,177,394,367,409,357,396,383,811,850,1251,239,20,3,True
3146404,Paineiras,MG,Minas Gerais,3113,Divinópolis,310070,Abaeté,4224,2102,2122,98,89,205,235,236,239,293,283,925,948,902,563,109,44,True
3146503,Pains,MG,Minas Gerais,3113,Divinópolis,310066,Formiga,8133,4043,4090,194,214,543,494,587,573,575,567,1424,1516,1163,1028,305,87,True
3146602,Paiva,MG,Minas Gerais,3106,Juíz de Fora,310027,Juiz de Fora,1474,739,735,35,28,77,97,92,91,103,101,315,305,302,170,23,14,True
3146701,Palma,MG,Minas Gerais,3106,Juíz de Fora,310032,Cataguases,5707,2859,2848,153,134,353,363,395,351,376,393,1056,1172,1191,574,148,75,True
3146750,Palmópolis,MG,Minas Gerais,3103,Teófilo Otoni,310015,Almenara,6301,3195,3106,189,184,420,396,464,402,431,415,1041,1105,1503,397,51,14,True
3146909,Papagaios,MG,Minas Gerais,3113,Divinópolis,310068,Pará de Minas,13920,6912,7008,459,437,1116,1163,1067,1016,981,1017,1809,1923,2296,1272,266,86,True
3147105,Pará de Minas,MG,Minas Gerais,3113,Divinópolis,310068,Pará de Minas,96496,47038,49458,2577,2472,7781,7634,7587,7780,7092,7407,12620,15062,8464,11524,3862,1296,True
3147006,Paracatu,MG,Minas Gerais,3112,Patos de Minas,310062,Patos de Minas,93995,46532,47463,2827,2742,7740,8137,7974,7813,6623,6929,10923,11618,9754,8954,3225,1292,True
3147204,Paraguaçu,MG,Minas Gerais,3108,Varginha,310042,Alfenas,21660,10812,10848,553,528,1520,1510,1678,1624,1515,1478,3446,3659,2673,2596,665,186,True
3147303,Paraisópolis,MG,Minas Gerais,3109,Pouso Alegre,310052,Itajubá,20445,10141,10304,557,473,1446,1427,1465,1489,1510,1557,3317,3533,2870,2467,649,213,True
3147402,Paraopeba,MG,Minas Gerais,3101,Belo Horizonte,310002,Sete Lagoas,24098,11754,12343,695,678,1842,1898,1773,1908,1647,1724,3328,3762,3203,2531,607,170,True
3147600,Passa Quatro,MG,Minas Gerais,3109,Pouso Alegre,310053,São Lourenço,15508,7589,7919,395,363,1037,1002,1095,1075,1184,1235,2505,2796,2220,1831,460,175,True
3147709,Passa Tempo,MG,Minas Gerais,3113,Divinópolis,310069,Oliveira,8473,4225,4248,200,186,570,537,588,586,631,582,1546,1689,1507,892,167,63,True
3147808,Passa Vinte,MG,Minas Gerais,3106,Juíz de Fora,310027,Juiz de Fora,2233,1154,1079,51,52,126,128,158,131,172,164,445,411,375,246,47,14,True
3147501,Passabém,MG,Minas Gerais,3101,Belo Horizonte,310005,Itabira,1600,764,836,33,43,71,90,103,112,93,103,321,360,317,172,38,15,True
3147907,Passos,MG,Minas Gerais,3108,Varginha,310041,Passos,111827,54408,57419,2924,2756,8352,8511,8181,8378,7640,8254,16164,18712,10832,14008,5455,2340,True
3147956,Patis,MG,Minas Gerais,3102,Montes Claros,310006,Montes Claros,4837,2448,2389,166,149,323,313,343,342,365,335,723,725,1076,303,41,9,True
3148004,Patos de Minas,MG,Minas Gerais,3112,Patos de Minas,310062,Patos de Minas,158899,77156,81743,4212,4073,12584,12586,12032,12474,11181,12246,22300,26132,16340,18308,6682,3221,True
3148103,Patrocínio,MG,Minas Gerais,3112,Patos de Minas,310064,Patrocínio,89160,44471,44689,2462,2388,7146,6771,6919,7104,6500,6422,12121,13082,10258,10032,3221,1336,True
3148202,Patrocínio do Muriaé,MG,Minas Gerais,3106,Juíz de Fora,310031,Muriaé,5576,2754,2822,128,141,366,355,394,369,382,412,965,1040,931,643,144,39,True
3148301,Paula Cândido,MG,Minas Gerais,3106,Juíz de Fora,310033,Viçosa,8659,4429,4230,242,232,612,561,604,602,654,546,1483,1473,1683,705,153,52,True
3148400,Paulistas,MG,Minas Gerais,3104,Governador Valadares,310021,Guanhães,4389,2138,2251,153,140,285,258,285,280,266,297,679,803,878,334,51,17,True
3148509,Pavão,MG,Minas Gerais,3103,Teófilo Otoni,310013,Teófilo Otoni,8047,4017,4030,264,228,503,543,518,551,597,519,1276,1356,1632,517,108,46,True
3148608,Peçanha,MG,Minas Gerais,3104,Governador Valadares,310021,Guanhães,17310,8563,8747,534,513,1275,1311,1321,1315,1222,1143,2414,2778,3351,1170,242,95,True
3148707,Pedra Azul,MG,Minas Gerais,3103,Teófilo Otoni,310018,Pedra Azul,24333,11911,12422,754,727,1842,1935,1774,1794,1627,1682,3271,3679,4423,1413,344,120,True
3148756,Pedra Bonita,MG,Minas Gerais,3106,Juíz de Fora,310034,Carangola,7320,3774,3546,247,233,614,551,581,544,562,521,898,837,1138,374,45,9,True
3148806,Pedra do Anta,MG,Minas Gerais,3106,Juíz de Fora,310033,Viçosa,3311,1646,1665,95,88,199,208,201,189,228,233,663,676,710,229,42,8,True
3148905,Pedra do Indaiá,MG,Minas Gerais,3113,Divinópolis,310065,Divinópolis,4112,2140,1972,110,97,290,243,294,257,322,305,787,715,687,492,95,30,True
3149002,Pedra Dourada,MG,Minas Gerais,3106,Juíz de Fora,310034,Carangola,2757,1379,1378,80,76,217,224,185,211,191,203,418,399,412,178,32,8,True
3149101,Pedralva,MG,Minas Gerais,3109,Pouso Alegre,310052,Itajubá,10760,5451,5309,281,250,753,741,700,648,791,703,1942,1936,1888,1071,242,84,True
3149150,Pedras de Maria da Cruz,MG,Minas Gerais,3102,Montes Claros,310009,Januária,10433,5365,5068,341,323,757,719,804,757,712,642,1455,1488,1948,515,66,14,True
3149200,Pedrinópolis,MG,Minas Gerais,3110,Uberaba,310056,Araxá,3344,1751,1593,92,73,232,196,227,213,238,240,584,565,431,445,138,56,True
3149309,Pedro Leopoldo,MG,Minas Gerais,3101,Belo Horizonte,310001,Belo Horizonte,62565,29921,32644,1630,1542,4316,4305,4695,5108,4579,4932,8769,10704,6073,7250,2779,1136,True
3149408,Pedro Teixeira,MG,Minas Gerais,3106,Juíz de Fora,310027,Juiz de Fora,1810,924,886,47,47,116,109,119,109,150,156,352,301,390,144,16,2,True
3149507,Pequeri,MG,Minas Gerais,3106,Juíz de Fora,310035,São João Nepomuceno - Bicas,3351,1601,1750,89,80,236,254,226,246,233,267,499,584,503,384,108,32,True
3149606,Pequi,MG,Minas Gerais,3113,Divinópolis,310068,Pará de Minas,4155,2096,2059,120,90,271,265,274,260,307,287,716,756,688,445,110,30,True
3149705,Perdigão,MG,Minas Gerais,3113,Divinópolis,310065,Divinópolis,12268,6165,6103,361,310,985,1023,1054,1000,826,841,1430,1491,817,1327,457,100,True
3149804,Perdizes,MG,Minas Gerais,3110,Uberaba,310056,Araxá,17000,8695,8305,529,495,1408,1334,1357,1339,1234,1184,2198,1983,1680,1806,643,223,True
3149903,Perdões,MG,Minas Gerais,3108,Varginha,310043,Lavras,21377,10534,10843,523,519,1516,1553,1578,1556,1541,1508,3382,3720,2962,2272,683,239,True
3149952,Periquito,MG,Minas Gerais,3105,Ipatinga,310024,Ipatinga,6553,3211,3342,193,200,443,456,429,437,442,470,945,1013,1257,522,78,18,True
3150000,Pescador,MG,Minas Gerais,3103,Teófilo Otoni,310013,Teófilo Otoni,3499,1722,1777,107,112,216,218,214,220,206,251,576,616,737,241,50,18,True
3150109,Piau,MG,Minas Gerais,3106,Juíz de Fora,310027,Juiz de Fora,2796,1426,1370,54,53,160,131,194,167,196,210,581,569,539,305,60,19,True
3150158,Piedade de Caratinga,MG,Minas Gerais,3105,Ipatinga,310025,Caratinga,8529,4334,4195,271,258,704,605,600,622,639,649,1166,1140,1402,540,80,25,True
3150208,Piedade de Ponte Nova,MG,Minas Gerais,3106,Juíz de Fora,310030,Ponte Nova,3976,1979,1997,138,107,305,297,281,277,280,277,553,623,627,413,59,21,True
3150307,Piedade do Rio Grande,MG,Minas Gerais,3107,Barbacena,310039,São João del Rei,4604,2319,2285,113,91,274,282,285,268,334,306,905,950,1023,413,70,28,True
3150406,Piedade dos Gerais,MG,Minas Gerais,3113,Divinópolis,310069,Oliveira,5017,2571,2446,136,130,322,283,321,299,380,391,956,932,992,414,65,16,True
3150505,Pimenta,MG,Minas Gerais,3113,Divinópolis,310066,Formiga,8563,4325,4238,200,208,593,565,619,609,693,654,1498,1468,1387,965,245,64,True
3150539,Pingo-d'Água,MG,Minas Gerais,3105,Ipatinga,310024,Ipatinga,4706,2300,2406,143,152,288,285,316,341,341,372,681,758,882,324,51,9,True
3150570,Pintópolis,MG,Minas Gerais,3102,Montes Claros,310011,São Francisco,7084,3607,3477,268,273,481,436,542,515,470,390,996,998,1245,366,34,6,True
3150604,Piracema,MG,Minas Gerais,3113,Divinópolis,310069,Oliveira,6700,3350,3350,147,158,462,407,422,469,484,479,1277,1270,1252,662,101,31,True
3150703,Pirajuba,MG,Minas Gerais,3110,Uberaba,310057,Frutal,5537,2843,2694,170,153,412,377,487,464,426,415,706,664,511,652,198,70,True
3150802,Piranga,MG,Minas Gerais,3107,Barbacena,310038,Conselheiro Lafaiete,16991,8604,8387,499,495,1295,1202,1150,1099,1191,1114,2803,2884,2963,1087,189,51,True
3150901,Piranguçu,MG,Minas Gerais,3109,Pouso Alegre,310052,Itajubá,6041,3112,2929,139,129,371,381,414,409,461,430,1089,1023,848,556,123,45,True
3151008,Piranguinho,MG,Minas Gerais,3109,Pouso Alegre,310052,Itajubá,9120,4647,4473,241,230,616,548,675,712,697,638,1474,1415,1082,977,233,56,True
3151107,Pirapetinga,MG,Minas Gerais,3106,Juíz de Fora,310036,Além Paraíba,11074,5368,5706,250,270,767,798,746,845,829,837,1713,1887,1785,1227,283,87,True
3151206,Pirapora,MG,Minas Gerais,3102,Montes Claros,310010,Pirapora,55419,26932,28487,1625,1585,3878,3976,4174,4517,3916,4242,6945,8017,7030,5397,1663,621,True
3151305,Piraúba,MG,Minas Gerais,3106,Juíz de Fora,310029,Ubá,11610,5766,5844,336,275,735,725,799,887,797,848,2020,2112,1618,1413,310,88,True
3151404,Pitangui,MG,Minas Gerais,3113,Divinópolis,310065,Divinópolis,26589,12925,13664,780,765,2075,2046,1882,1975,1861,1961,3628,4295,3185,3076,908,265,True
3151503,Piumhi,MG,Minas Gerais,3108,Varginha,310049,Piumhi,36062,17771,18291,995,936,2718,2681,2724,2807,2562,2744,5382,6037,4410,4316,1241,456,True
3151602,Planura,MG,Minas Gerais,3110,Uberaba,310057,Frutal,11145,5649,5494,296,314,876,716,896,857,809,773,1503,1550,1119,1456,505,140,True
3151701,Poço Fundo,MG,Minas Gerais,3108,Varginha,310042,Alfenas,16390,8264,8126,414,399,1067,1068,1152,1141,1203,1149,3039,2970,2330,1937,527,174,True
3151800,Poços de Caldas,MG,Minas Gerais,3109,Pouso Alegre,310051,Poços de Caldas,163573,78128,85445,3845,3900,12112,12375,12202,12772,11873,12878,23529,29395,14264,21580,9072,4153,True
3151909,Pocrane,MG,Minas Gerais,3106,Juíz de Fora,310028,Manhuaçu,8350,4142,4208,205,209,460,426,521,591,605,572,1560,1657,2078,666,136,25,True
3152006,Pompéu,MG,Minas Gerais,3113,Divinópolis,310067,Dores do Indaiá,31034,15332,15702,915,891,2324,2410,2295,2374,2076,2073,4261,4642,4032,3150,806,321,True
3152105,Ponte Nova,MG,Minas Gerais,3106,Juíz de Fora,310030,Ponte Nova,57182,26959,30223,1493,1494,3851,4118,3990,4393,4055,4513,8337,10625,7871,6320,2216,947,True
3152131,Ponto Chique,MG,Minas Gerais,3102,Montes Claros,310010,Pirapora,3747,1913,1834,116,105,240,249,314,314,262,259,510,470,754,219,37,6,True
3152170,Ponto dos Volantes,MG,Minas Gerais,3103,Teófilo Otoni,310013,Teófilo Otoni,10883,5559,5324,436,364,781,731,707,705,728,691,1577,1619,2122,552,78,16,True
3152204,Porteirinha,MG,Minas Gerais,3102,Montes Claros,310007,Janaúba,37438,18479,18959,1061,980,2502,2710,2809,2884,2726,2696,5535,5982,7930,2168,366,111,True
3152303,Porto Firme,MG,Minas Gerais,3106,Juíz de Fora,310033,Viçosa,10569,5303,5266,274,282,753,755,672,713,809,762,1849,1884,1745,781,179,46,True
3152402,Poté,MG,Minas Gerais,3103,Teófilo Otoni,310013,Teófilo Otoni,13666,6628,7038,430,424,807,924,855,866,975,1015,2202,2407,3110,994,180,50,True
3152501,Pouso Alegre,MG,Minas Gerais,3109,Pouso Alegre,310050,Pouso Alegre,151375,74061,77314,3868,3724,11867,11813,12675,12762,11028,11574,19700,23317,11037,17587,7573,3564,True
3152600,Pouso Alto,MG,Minas Gerais,3109,Pouso Alegre,310053,São Lourenço,6566,3274,3292,141,145,397,404,448,462,443,433,1265,1270,1013,691,170,59,True
3152709,Prados,MG,Minas Gerais,3107,Barbacena,310039,São João del Rei,9048,4522,4526,249,251,673,607,672,612,695,701,1402,1549,1477,830,176,57,True
3152808,Prata,MG,Minas Gerais,3111,Uberlândia,310059,Uberlândia,28338,14313,14025,817,753,2112,1983,2180,2156,2042,2036,4059,4044,3219,3371,1009,419,True
3152907,Pratápolis,MG,Minas Gerais,3108,Varginha,310041,Passos,8406,4202,4204,189,200,591,499,506,534,574,573,1592,1728,1398,1217,299,94,True
3153004,Pratinha,MG,Minas Gerais,3110,Uberaba,310056,Araxá,3559,1864,1695,91,78,252,230,259,247,279,253,621,548,574,326,91,37,True
3153103,Presidente Bernardes,MG,Minas Gerais,3106,Juíz de Fora,310033,Viçosa,4850,2445,2405,146,138,299,279,275,280,358,358,988,917,1039,455,64,17,True
3153202,Presidente Juscelino,MG,Minas Gerais,3101,Belo Horizonte,310004,Curvelo,3465,1758,1707,90,93,193,174,238,211,263,254,649,624,769,300,53,20,True
3153301,Presidente Kubitschek,MG,Minas Gerais,3103,Teófilo Otoni,310016,Diamantina,3071,1514,1557,120,98,230,214,225,237,198,209,376,423,496,184,29,4,True
3153400,Presidente Olegário,MG,Minas Gerais,3112,Patos de Minas,310062,Patos de Minas,18765,9650,9115,531,511,1305,1229,1302,1264,1432,1405,3162,2991,3544,2012,405,120,True
3153608,Prudente de Morais,MG,Minas Gerais,3101,Belo Horizonte,310002,Sete Lagoas,11466,5597,5869,329,304,871,849,926,980,802,853,1364,1592,1192,1073,304,59,True
3153707,Quartel Geral,MG,Minas Gerais,3113,Divinópolis,310067,Dores do Indaiá,3179,1607,1572,94,74,218,210,205,192,179,220,623,609,586,368,81,23,True
3153806,Queluzito,MG,Minas Gerais,3107,Barbacena,310038,Conselheiro Lafaiete,1770,906,864,41,32,115,88,89,102,135,125,376,378,338,195,41,12,True
3153905,Raposos,MG,Minas Gerais,3101,Belo Horizonte,310001,Belo Horizonte,16273,7847,8426,427,399,1257,1224,1188,1237,1242,1338,2089,2649,1809,1810,548,120,True
3154002,Raul Soares,MG,Minas Gerais,3105,Ipatinga,310025,Caratinga,23383,11585,11798,652,608,1458,1470,1534,1586,1678,1644,4137,4450,4771,2064,451,164,True
3154101,Recreio,MG,Minas Gerais,3106,Juíz de Fora,310032,Cataguases,11007,5374,5633,261,256,669,710,710,741,831,804,2089,2355,2094,1004,234,70,True
3154150,Reduto,MG,Minas Gerais,3106,Juíz de Fora,310028,Manhuaçu,7848,3970,3878,221,234,582,612,615,620,565,523,1057,1043,1111,585,126,51,True
3154200,Resende Costa,MG,Minas Gerais,3107,Barbacena,310039,São João del Rei,11172,5476,5696,297,266,798,747,771,800,737,804,1875,2099,1859,1221,275,81,True
3154309,Resplendor,MG,Minas Gerais,3104,Governador Valadares,310023,Aimorés - Resplendor,17223,8434,8789,450,423,1145,1108,1091,1132,1150,1263,2818,3134,3471,1384,386,158,True
3154408,Ressaquinha,MG,Minas Gerais,3107,Barbacena,310037,Barbacena,4548,2292,2256,113,95,315,294,299,325,337,318,769,808,845,420,94,32,True
3154457,Riachinho,MG,Minas Gerais,3112,Patos de Minas,310063,Unaí,6863,3505,3358,205,188,491,463,462,441,497,497,1102,1041,1640,465,68,18,True
3154507,Riacho dos Machados,MG,Minas Gerais,3102,Montes Claros,310007,Janaúba,8756,4417,4339,305,295,721,672,687,666,521,528,1150,1194,1484,624,79,24,True
3154606,Ribeirão das Neves,MG,Minas Gerais,3101,Belo Horizonte,310001,Belo Horizonte,323122,156802,166320,9884,9530,26292,26433,25030,26524,23918,26037,34991,42527,38244,35105,7573,1103,True
3154705,Ribeirão Vermelho,MG,Minas Gerais,3108,Varginha,310043,Lavras,4080,1998,2082,101,103,260,251,315,316,270,284,674,768,443,525,186,44,True
3154804,Rio Acima,MG,Minas Gerais,3101,Belo Horizonte,310001,Belo Horizonte,10261,4994,5267,238,265,789,806,741,849,782,779,1389,1574,1129,1063,293,112,True
3154903,Rio Casca,MG,Minas Gerais,3106,Juíz de Fora,310030,Ponte Nova,12738,6137,6601,353,351,856,816,828,887,916,968,2012,2335,2436,1270,306,129,True
3155108,Rio do Prado,MG,Minas Gerais,3103,Teófilo Otoni,310015,Almenara,4639,2415,2224,134,112,300,261,335,297,362,303,800,777,1137,255,55,14,True
3155009,Rio Doce,MG,Minas Gerais,3106,Juíz de Fora,310030,Ponte Nova,2484,1213,1271,63,66,177,172,186,185,168,166,442,486,427,264,48,13,True
3155207,Rio Espera,MG,Minas Gerais,3107,Barbacena,310038,Conselheiro Lafaiete,5429,2781,2648,154,128,373,290,272,297,411,387,1105,1115,1253,408,56,7,True
3155306,Rio Manso,MG,Minas Gerais,3113,Divinópolis,310069,Oliveira,5565,2829,2736,112,140,351,338,352,361,433,425,1110,1037,845,623,157,29,True
3155405,Rio Novo,MG,Minas Gerais,3106,Juíz de Fora,310027,Juiz de Fora,8518,4187,4331,236,253,556,539,578,569,569,563,1517,1648,1534,851,250,88,True
3155504,Rio Paranaíba,MG,Minas Gerais,3112,Patos de Minas,310062,Patos de Minas,14532,7328,7204,396,437,1271,1133,1182,1229,1184,1084,1870,1893,1720,1520,403,170,True
3155603,Rio Pardo de Minas,MG,Minas Gerais,3102,Montes Claros,310008,Salinas,28268,14349,13919,940,914,2370,2149,2166,2085,2060,1847,3760,3840,5189,1511,258,70,True
3155702,Rio Piracicaba,MG,Minas Gerais,3105,Ipatinga,310026,João Monlevade,14581,7137,7444,384,384,962,916,948,986,1014,1087,2429,2745,2183,1516,436,114,True
3155801,Rio Pomba,MG,Minas Gerais,3106,Juíz de Fora,310029,Ubá,17332,8422,8910,395,409,1225,1227,1247,1338,1160,1213,2832,3190,2597,1917,590,250,True
3155900,Rio Preto,MG,Minas Gerais,3106,Juíz de Fora,310027,Juiz de Fora,5141,2550,2591,146,139,330,316,315,308,353,372,951,1036,997,499,131,52,True
3156007,Rio Vermelho,MG,Minas Gerais,3104,Governador Valadares,310021,Guanhães,12641,6319,6322,421,410,972,902,807,831,839,832,1979,2099,2799,614,120,33,True
3156106,Ritápolis,MG,Minas Gerais,3107,Barbacena,310039,São João del Rei,4994,2474,2520,125,95,296,297,316,308,379,351,947,1091,1032,503,79,23,True
3156205,Rochedo de Minas,MG,Minas Gerais,3106,Juíz de Fora,310035,São João Nepomuceno - Bicas,2291,1172,1119,55,56,170,171,167,169,161,132,379,375,394,232,58,10,True
3156304,Rodeiro,MG,Minas Gerais,3106,Juíz de Fora,310029,Ubá,8664,4337,4327,226,234,720,724,686,695,596,639,1134,1132,783,992,214,44,True
3156403,Romaria,MG,Minas Gerais,3111,Uberlândia,310061,Monte Carmelo,3386,1740,1646,79,83,234,213,245,225,265,233,554,581,565,426,78,34,True
3156452,Rosário da Limeira,MG,Minas Gerais,3106,Juíz de Fora,310031,Muriaé,4734,2389,2345,128,154,340,321,357,333,325,348,803,801,924,379,59,15,True
3156502,Rubelita,MG,Minas Gerais,3102,Montes Claros,310008,Salinas,5679,2931,2748,204,163,316,312,333,310,425,373,1074,1037,1587,384,51,10,True
3156601,Rubim,MG,Minas Gerais,3103,Teófilo Otoni,310015,Almenara,10298,5156,5142,315,283,810,766,745,744,742,695,1603,1704,2228,578,104,30,True
3156700,Sabará,MG,Minas Gerais,3101,Belo Horizonte,310001,Belo Horizonte,129376,61706,67668,3581,3449,9549,9849,9392,10217,9354,10560,16554,20862,13622,14573,5222,1605,True
3156809,Sabinópolis,MG,Minas Gerais,3104,Governador Valadares,310021,Guanhães,14209,6985,7224,438,410,942,938,935,1011,924,940,2279,2467,3044,1140,261,92,True
3156908,Sacramento,MG,Minas Gerais,3110,Uberaba,310055,Uberaba,26522,13249,13273,685,676,2036,1922,2115,2035,1960,1936,3727,3972,2902,3100,1077,397,True
3157005,Salinas,MG,Minas Gerais,3102,Montes Claros,310008,Salinas,40178,19669,20509,1169,1140,2779,2942,2905,3102,2911,2921,5909,6543,7293,2821,715,275,True
3157104,Salto da Divisa,MG,Minas Gerais,3103,Teófilo Otoni,310015,Almenara,6110,3057,3053,202,211,419,399,410,426,387,398,947,930,1322,369,60,29,True
3157203,Santa Bárbara,MG,Minas Gerais,3101,Belo Horizonte,310003,Santa Bárbara - Ouro Preto,30466,14827,15639,806,755,2161,2238,2405,2570,2267,2431,3935,4496,3525,3047,813,251,True
3157252,Santa Bárbara do Leste,MG,Minas Gerais,3105,Ipatinga,310025,Caratinga,8458,4308,4150,249,260,603,585,630,637,641,601,1295,1228,1530,624,119,14,True
3157278,Santa Bárbara do Monte Verde,MG,Minas Gerais,3106,Juíz de Fora,310027,Juiz de Fora,3095,1579,1516,94,96,177,178,199,200,205,250,556,480,611,213,31,14,True
3157302,Santa Bárbara do Tugúrio,MG,Minas Gerais,3107,Barbacena,310037,Barbacena,4208,2118,2090,102,96,290,296,265,280,324,304,765,733,849,435,57,17,True
3157336,Santa Cruz de Minas,MG,Minas Gerais,3107,Barbacena,310039,São João del Rei,8109,3936,4173,216,210,626,646,556,606,610,661,1109,1288,1247,1017,174,38,True
3157377,Santa Cruz de Salinas,MG,Minas Gerais,3102,Montes Claros,310008,Salinas,3910,1983,1927,134,124,261,239,228,247,280,271,676,682,972,235,29,2,True
3157401,Santa Cruz do Escalvado,MG,Minas Gerais,3106,Juíz de Fora,310030,Ponte Nova,4673,2352,2321,132,116,293,267,286,299,357,363,886,905,1097,358,51,17,True
3157500,Santa Efigênia de Minas,MG,Minas Gerais,3104,Governador Valadares,310020,Governador Valadares,4039,1971,2068,119,122,252,208,238,295,252,308,656,706,844,289,50,12,True
3157609,Santa Fé de Minas,MG,Minas Gerais,3102,Montes Claros,310010,Pirapora,3522,1851,1671,120,103,260,219,230,224,225,222,578,477,786,226,38,13,True
3157658,Santa Helena de Minas,MG,Minas Gerais,3103,Teófilo Otoni,310019,Águas Formosas,5938,2939,2999,198,206,371,370,400,379,381,361,766,817,1196,267,35,7,True
3157708,Santa Juliana,MG,Minas Gerais,3110,Uberaba,310055,Uberaba,15734,8051,7683,523,472,1449,1395,1468,1307,1083,1054,1652,1676,1116,1470,533,209,True
3157807,Santa Luzia,MG,Minas Gerais,3101,Belo Horizonte,310001,Belo Horizonte,218984,104462,114522,6194,6073,17024,17800,16539,18224,16305,18064,25140,31816,23214,24597,7126,1599,True
3157906,Santa Margarida,MG,Minas Gerais,3106,Juíz de Fora,310028,Manhuaçu,16395,8340,8055,518,530,1308,1219,1192,1205,1178,1144,2146,2157,2693,879,191,90,True
3158003,Santa Maria de Itabira,MG,Minas Gerais,3101,Belo Horizonte,310005,Itabira,10485,5163,5322,309,304,811,810,733,739,694,716,1492,1667,1621,864,226,56,True
3158102,Santa Maria do Salto,MG,Minas Gerais,3103,Teófilo Otoni,310015,Almenara,4755,2401,2354,154,139,266,253,315,332,337,301,849,846,1132,354,68,18,True
3158201,Santa Maria do Suaçuí,MG,Minas Gerais,3104,Governador Valadares,310021,Guanhães,12788,6376,6412,411,404,930,886,922,910,871,814,1874,2091,2650,972,214,99,True
3159209,Santa Rita de Caldas,MG,Minas Gerais,3109,Pouso Alegre,310051,Poços de Caldas,8460,4305,4155,178,175,502,511,555,572,645,612,1711,1637,1645,1110,229,81,True
3159407,Santa Rita de Ibitipoca,MG,Minas Gerais,3107,Barbacena,310037,Barbacena,3301,1726,1575,92,75,227,188,208,189,265,232,627,589,729,275,49,18,True
3159308,Santa Rita de Jacutinga,MG,Minas Gerais,3106,Juíz de Fora,310027,Juiz de Fora,4755,2380,2375,111,100,302,290,282,294,316,355,936,931,1040,537,119,48,True
3159357,Santa Rita de Minas,MG,Minas Gerais,3105,Ipatinga,310025,Caratinga,6773,3401,3372,209,179,473,486,478,494,508,504,1000,1010,1299,539,95,23,True
3159506,Santa Rita do Itueto,MG,Minas Gerais,3104,Governador Valadares,310023,Aimorés - Resplendor,5826,2918,2908,150,156,364,388,407,384,447,443,937,920,1162,421,74,20,True
3159605,Santa Rita do Sapucaí,MG,Minas Gerais,3109,Pouso Alegre,310050,Pouso Alegre,40635,20126,20509,1115,1059,3104,3042,3212,3184,3048,3053,5515,6402,3872,4754,1644,729,True
3159704,Santa Rosa da Serra,MG,Minas Gerais,3110,Uberaba,310056,Araxá,3374,1750,1624,105,104,248,203,212,226,237,221,566,510,572,380,71,29,True
3159803,Santa Vitória,MG,Minas Gerais,3111,Uberlândia,310060,Ituiutaba,20892,10451,10439,579,480,1196,1341,1529,1489,1626,1618,3404,3407,2530,2473,682,243,True
3158300,Santana da Vargem,MG,Minas Gerais,3108,Varginha,310046,Três Pontas - Boa Esperança,6691,3312,3379,199,170,486,496,459,462,501,502,1077,1141,982,936,210,57,True
3158409,Santana de Cataguases,MG,Minas Gerais,3106,Juíz de Fora,310032,Cataguases,3489,1769,1720,91,77,226,192,181,245,235,256,705,678,743,366,69,8,True
3158508,Santana de Pirapama,MG,Minas Gerais,3101,Belo Horizonte,310002,Sete Lagoas,7030,3622,3408,192,173,410,347,436,417,570,511,1455,1360,1705,650,98,31,True
3158607,Santana do Deserto,MG,Minas Gerais,3106,Juíz de Fora,310027,Juiz de Fora,3747,1864,1883,96,93,263,263,241,245,243,269,646,671,612,395,83,23,True
3158706,Santana do Garambéu,MG,Minas Gerais,3107,Barbacena,310037,Barbacena,2137,1077,1060,68,72,142,119,151,154,157,165,366,361,397,192,45,10,True
3158805,Santana do Jacaré,MG,Minas Gerais,3108,Varginha,310048,Campo Belo,4214,2131,2083,106,101,295,279,283,272,325,312,765,787,904,459,96,30,True
3158904,Santana do Manhuaçu,MG,Minas Gerais,3106,Juíz de Fora,310028,Manhuaçu,8987,4601,4386,280,302,643,655,669,627,695,572,1319,1262,1644,617,122,29,True
3158953,Santana do Paraíso,MG,Minas Gerais,3105,Ipatinga,310024,Ipatinga,44792,22120,22670,1056,1096,3188,3618,4238,4461,3694,3645,4904,4984,3500,3236,832,133,True
3159001,Santana do Riacho,MG,Minas Gerais,3101,Belo Horizonte,310002,Sete Lagoas,5313,2671,2642,138,124,344,336,424,438,425,405,779,794,746,351,73,25,True
3159100,Santana dos Montes,MG,Minas Gerais,3107,Barbacena,310038,Conselheiro Lafaiete,3469,1787,1682,120,86,227,207,193,186,246,236,662,677,695,335,59,9,True
3159902,Santo Antônio do Amparo,MG,Minas Gerais,3108,Varginha,310043,Lavras,17274,8582,8692,462,486,1310,1246,1241,1329,1265,1199,2583,2775,3053,1527,289,97,True
3160009,Santo Antônio do Aventureiro,MG,Minas Gerais,3106,Juíz de Fora,310036,Além Paraíba,3769,1870,1899,77,90,259,257,235,252,255,261,706,715,629,459,70,18,True
3160108,Santo Antônio do Grama,MG,Minas Gerais,3106,Juíz de Fora,310030,Ponte Nova,4229,2102,2127,106,96,275,313,304,298,304,280,650,748,746,378,63,15,True
3160207,Santo Antônio do Itambé,MG,Minas Gerais,3103,Teófilo Otoni,310016,Diamantina,3899,1945,1954,151,138,297,266,286,315,269,233,530,609,801,199,19,6,True
3160306,Santo Antônio do Jacinto,MG,Minas Gerais,3103,Teófilo Otoni,310015,Almenara,10327,5224,5103,335,321,625,589,683,699,743,683,1705,1736,2667,622,85,32,True
3160405,Santo Antônio do Monte,MG,Minas Gerais,3113,Divinópolis,310065,Divinópolis,27282,13484,13798,703,736,2135,2017,2055,2061,1925,2000,3892,4270,3210,3644,1035,304,True
3160454,Santo Antônio do Retiro,MG,Minas Gerais,3102,Montes Claros,310012,Espinosa,6629,3314,3315,240,240,443,413,486,497,474,463,939,947,1197,237,41,5,True
3160504,Santo Antônio do Rio Abaixo,MG,Minas Gerais,3101,Belo Horizonte,310005,Itabira,1808,886,922,59,58,101,108,109,134,132,123,331,324,342,130,25,11,True
3160603,Santo Hipólito,MG,Minas Gerais,3101,Belo Horizonte,310004,Curvelo,2717,1356,1361,76,73,143,133,169,179,173,168,524,570,733,241,37,10,True
3160702,Santos Dumont,MG,Minas Gerais,3106,Juíz de Fora,310027,Juiz de Fora,42298,20271,22027,1071,1059,2866,2900,2785,2997,2792,3109,6875,8300,7244,5050,1506,442,True
3160801,São Bento Abade,MG,Minas Gerais,3108,Varginha,310045,Três Corações,4713,2421,2292,191,155,379,345,350,347,299,342,644,607,643,523,102,24,True
3160900,São Brás do Suaçuí,MG,Minas Gerais,3107,Barbacena,310038,Conselheiro Lafaiete,3989,1949,2040,96,101,260,247,286,289,277,315,646,710,514,337,93,35,True
3160959,São Domingos das Dores,MG,Minas Gerais,3105,Ipatinga,310025,Caratinga,5626,2824,2802,183,163,398,377,422,443,425,428,775,769,1110,326,63,15,True
3161007,São Domingos do Prata,MG,Minas Gerais,3105,Ipatinga,310026,João Monlevade,17342,8503,8839,484,395,1006,980,1077,1133,1181,1253,3240,3533,2962,1703,435,146,True
3161056,São Félix de Minas,MG,Minas Gerais,3104,Governador Valadares,310022,Mantena,3200,1608,1592,99,77,194,204,170,242,255,212,566,563,750,219,40,12,True
3161106,São Francisco,MG,Minas Gerais,3102,Montes Claros,310011,São Francisco,52655,26467,26188,1931,1783,4332,4102,3894,3765,3346,3271,6335,6859,9130,2993,567,171,True
3161205,São Francisco de Paula,MG,Minas Gerais,3113,Divinópolis,310069,Oliveira,6187,3104,3083,149,122,432,399,450,457,518,514,1017,1073,1085,711,118,26,True
3161304,São Francisco de Sales,MG,Minas Gerais,3110,Uberaba,310058,Iturama,5732,2943,2789,136,126,392,350,432,438,456,436,918,864,992,717,175,48,True
3161403,São Francisco do Glória,MG,Minas Gerais,3106,Juíz de Fora,310031,Muriaé,4800,2449,2351,142,124,350,305,323,290,369,334,843,862,998,447,105,22,True
3161502,São Geraldo,MG,Minas Gerais,3106,Juíz de Fora,310029,Ubá,10282,5089,5193,293,268,743,751,771,792,718,710,1599,1672,1751,1143,226,48,True
3161601,São Geraldo da Piedade,MG,Minas Gerais,3104,Governador Valadares,310020,Governador Valadares,3305,1580,1725,99,100,146,168,184,221,237,275,546,648,811,306,55,19,True
3161650,São Geraldo do Baixio,MG,Minas Gerais,3104,Governador Valadares,310020,Governador Valadares,3143,1525,1618,70,88,158,180,205,203,191,230,547,608,745,245,47,15,True
3161700,São Gonçalo do Abaeté,MG,Minas Gerais,3112,Patos de Minas,310062,Patos de Minas,7375,3776,3599,255,234,537,493,539,526,527,515,1067,975,1103,625,141,42,True
3161809,São Gonçalo do Pará,MG,Minas Gerais,3113,Divinópolis,310065,Divinópolis,11770,5910,5860,327,318,815,763,846,829,872,875,1840,1917,1394,1452,332,52,True
3161908,São Gonçalo do Rio Abaixo,MG,Minas Gerais,3105,Ipatinga,310026,João Monlevade,11850,5788,6062,333,313,879,899,869,1000,896,925,1519,1696,1394,926,257,71,True
3125507,São Gonçalo do Rio Preto,MG,Minas Gerais,3103,Teófilo Otoni,310016,Diamantina,3032,1464,1568,93,86,210,233,194,219,225,237,492,539,556,232,39,5,True
3162005,São Gonçalo do Sapucaí,MG,Minas Gerais,3108,Varginha,310040,Varginha,23959,11908,12051,646,676,1720,1727,1749,1683,1625,1643,3586,3902,3433,2566,707,257,True
3162104,São Gotardo,MG,Minas Gerais,3112,Patos de Minas,310062,Patos de Minas,40841,20522,20319,1251,1206,4002,3745,3498,3426,2787,2788,4494,4706,3707,4321,1283,459,True
3162203,São João Batista do Glória,MG,Minas Gerais,3108,Varginha,310041,Passos,7645,3841,3804,196,172,518,575,549,548,559,592,1258,1241,975,934,241,92,True
3162252,São João da Lagoa,MG,Minas Gerais,3102,Montes Claros,310006,Montes Claros,4822,2503,2319,148,108,295,295,357,358,361,293,786,751,1080,264,26,7,True
3162302,São João da Mata,MG,Minas Gerais,3109,Pouso Alegre,310050,Pouso Alegre,2914,1495,1419,73,74,178,179,195,207,239,197,549,516,435,339,86,20,True
3162401,São João da Ponte,MG,Minas Gerais,3102,Montes Claros,310006,Montes Claros,23878,12268,11610,780,699,1744,1619,1794,1772,1753,1548,3509,3526,4740,1075,189,42,True
3162450,São João das Missões,MG,Minas Gerais,3102,Montes Claros,310009,Januária,13008,6606,6402,553,539,1170,1120,946,935,727,626,1036,1027,1752,415,48,12,True
3162500,São João del Rei,MG,Minas Gerais,3107,Barbacena,310039,São João del Rei,89514,42840,46674,2169,2078,6596,6457,6369,6792,6364,7112,13888,16976,11119,10417,3615,1685,True
3162559,São João do Manhuaçu,MG,Minas Gerais,3106,Juíz de Fora,310028,Manhuaçu,11246,5683,5563,364,347,884,913,881,865,787,748,1371,1351,1896,725,148,39,True
3162575,São João do Manteninha,MG,Minas Gerais,3104,Governador Valadares,310022,Mantena,5331,2591,2740,152,155,336,346,351,364,362,413,839,917,1105,407,64,19,True
3162609,São João do Oriente,MG,Minas Gerais,3105,Ipatinga,310024,Ipatinga,7070,3478,3592,197,168,452,370,444,473,495,542,1214,1383,1695,619,113,26,True
3162658,São João do Pacuí,MG,Minas Gerais,3102,Montes Claros,310006,Montes Claros,3972,2045,1927,121,105,226,237,320,281,323,260,623,596,768,205,22,8,True
3162708,São João do Paraíso,MG,Minas Gerais,3102,Montes Claros,310008,Salinas,23910,11852,12058,800,733,1878,1915,1893,1863,1680,1684,3177,3440,3925,1345,251,67,True
3162807,São João Evangelista,MG,Minas Gerais,3104,Governador Valadares,310021,Guanhães,15222,7467,7755,471,421,1086,1074,987,1021,992,1061,2298,2613,3012,999,256,106,True
3162906,São João Nepomuceno,MG,Minas Gerais,3106,Juíz de Fora,310035,São João Nepomuceno - Bicas,25486,12203,13283,658,671,1613,1756,1692,1879,1655,1842,4129,4845,3670,3341,866,263,True
3162922,São Joaquim de Bicas,MG,Minas Gerais,3101,Belo Horizonte,310001,Belo Horizonte,31760,15767,15993,974,990,2470,2480,2404,2551,2430,2333,3679,3979,3200,2563,652,146,True
3162948,São José da Barra,MG,Minas Gerais,3108,Varginha,310041,Passos,7779,3929,3850,220,185,495,509,540,558,546,550,1272,1182,827,784,254,125,True
3162955,São José da Lapa,MG,Minas Gerais,3101,Belo Horizonte,310001,Belo Horizonte,26052,12744,13308,738,666,1976,2054,2119,2197,1971,2097,3160,3642,2208,2465,652,131,True
3163003,São José da Safira,MG,Minas Gerais,3104,Governador Valadares,310020,Governador Valadares,3806,1915,1891,142,128,292,255,264,284,261,269,513,493,807,246,44,8,True
3163102,São José da Varginha,MG,Minas Gerais,3113,Divinópolis,310068,Pará de Minas,4536,2366,2170,126,131,351,296,342,327,319,331,726,654,674,484,83,25,True
3163201,São José do Alegre,MG,Minas Gerais,3109,Pouso Alegre,310052,Itajubá,4133,2106,2027,96,97,296,268,292,277,271,255,736,741,686,421,111,27,True
3163300,São José do Divino,MG,Minas Gerais,3103,Teófilo Otoni,310013,Teófilo Otoni,3464,1678,1786,97,86,242,216,216,235,224,249,530,621,781,234,50,21,True
3163409,São José do Goiabal,MG,Minas Gerais,3105,Ipatinga,310024,Ipatinga,5396,2648,2748,156,126,321,311,344,356,392,356,970,1076,1110,444,97,28,True
3163508,São José do Jacuri,MG,Minas Gerais,3104,Governador Valadares,310021,Guanhães,6197,3131,3066,217,200,416,408,473,398,427,385,949,1038,1273,433,75,18,True
3163607,São José do Mantimento,MG,Minas Gerais,3106,Juíz de Fora,310028,Manhuaçu,2753,1376,1377,66,72,220,177,190,209,179,198,449,433,501,206,45,7,True
3163706,São Lourenço,MG,Minas Gerais,3109,Pouso Alegre,310053,São Lourenço,44554,21089,23465,1148,1081,2890,3012,3116,3295,3159,3571,6715,8621,5024,5246,2152,1001,True
3163805,São Miguel do Anta,MG,Minas Gerais,3106,Juíz de Fora,310033,Viçosa,6334,3215,3119,207,170,399,392,431,401,447,479,1140,1154,1303,550,134,29,True
3163904,São Pedro da União,MG,Minas Gerais,3108,Varginha,310044,Guaxupé,4885,2500,2385,101,117,327,270,376,379,340,328,895,860,1016,523,128,33,True
3164100,São Pedro do Suaçuí,MG,Minas Gerais,3104,Governador Valadares,310021,Guanhães,5103,2530,2573,170,153,331,338,341,347,355,329,844,936,1130,382,83,24,True
3164001,São Pedro dos Ferros,MG,Minas Gerais,3106,Juíz de Fora,310030,Ponte Nova,7166,3495,3671,241,181,434,452,449,490,478,482,1201,1409,1478,806,169,36,True
3164209,São Romão,MG,Minas Gerais,3102,Montes Claros,310011,São Francisco,10315,5268,5047,350,337,900,926,822,762,684,634,1319,1206,1592,560,136,39,True
3164308,São Roque de Minas,MG,Minas Gerais,3108,Varginha,310049,Piumhi,7120,3641,3479,188,166,524,462,545,529,553,518,1177,1153,1095,828,228,82,True
3164407,São Sebastião da Bela Vista,MG,Minas Gerais,3109,Pouso Alegre,310050,Pouso Alegre,6387,3277,3110,154,157,439,439,489,443,475,438,1001,914,702,633,144,34,True
3164431,São Sebastião da Vargem Alegre,MG,Minas Gerais,3106,Juíz de Fora,310031,Muriaé,3113,1597,1516,86,81,211,211,236,214,236,230,536,481,560,260,55,11,True
3164472,São Sebastião do Anta,MG,Minas Gerais,3105,Ipatinga,310025,Caratinga,6194,3076,3118,194,202,408,447,433,474,491,449,849,861,1139,399,66,14,True
3164506,São Sebastião do Maranhão,MG,Minas Gerais,3104,Governador Valadares,310021,Guanhães,10079,5228,4851,356,343,782,681,719,646,749,625,1621,1578,2118,568,82,22,True
3164605,São Sebastião do Oeste,MG,Minas Gerais,3113,Divinópolis,310065,Divinópolis,8815,4541,4274,259,253,865,780,739,668,517,503,1108,1053,765,834,174,44,True
3164704,São Sebastião do Paraíso,MG,Minas Gerais,3108,Varginha,310047,São Sebastião do Paraíso,71729,35087,36642,1866,1779,5403,5327,5389,5457,4990,5275,10401,11896,7337,8829,3116,1101,True
3164803,São Sebastião do Rio Preto,MG,Minas Gerais,3101,Belo Horizonte,310005,Itabira,1259,597,662,37,36,72,74,57,83,94,91,227,267,294,168,28,15,True
3164902,São Sebastião do Rio Verde,MG,Minas Gerais,3109,Pouso Alegre,310053,São Lourenço,2300,1179,1121,46,46,128,127,138,169,195,149,441,437,352,233,47,18,True
3165008,São Tiago,MG,Minas Gerais,3107,Barbacena,310039,São João del Rei,11192,5652,5540,301,257,823,742,815,786,799,799,1825,1900,1768,1184,241,52,True
3165107,São Tomás de Aquino,MG,Minas Gerais,3108,Varginha,310047,São Sebastião do Paraíso,6737,3379,3358,180,214,506,440,477,453,480,467,1064,1098,1029,911,215,64,True
3165206,São Tomé das Letras,MG,Minas Gerais,3108,Varginha,310045,Três Corações,6904,3565,3339,168,177,492,522,544,482,547,515,1139,1024,1185,721,119,30,True
3165305,São Vicente de Minas,MG,Minas Gerais,3107,Barbacena,310039,São João del Rei,6804,3338,3466,167,199,519,482,418,460,476,496,1110,1194,1061,661,209,81,True
3165404,Sapucaí-Mirim,MG,Minas Gerais,3109,Pouso Alegre,310052,Itajubá,6311,3247,3064,184,163,481,406,474,454,442,460,992,957,1080,700,115,47,True
3165503,Sardoá,MG,Minas Gerais,3104,Governador Valadares,310020,Governador Valadares,5104,2543,2561,146,148,374,354,325,341,363,380,780,832,922,377,83,20,True
3165537,Sarzedo,MG,Minas Gerais,3101,Belo Horizonte,310001,Belo Horizonte,36817,18185,18632,1044,1008,2911,2920,3012,3250,2928,3177,4104,4319,2571,3287,1089,212,True
3165560,Sem-Peixe,MG,Minas Gerais,3106,Juíz de Fora,310030,Ponte Nova,2433,1182,1251,68,55,107,120,138,138,169,161,516,583,612,254,28,11,True
3165578,Senador Amaral,MG,Minas Gerais,3109,Pouso Alegre,310050,Pouso Alegre,6206,3208,2998,215,191,551,473,514,455,439,435,755,726,988,457,93,16,True
3165602,Senador Cortes,MG,Minas Gerais,3106,Juíz de Fora,310035,São João Nepomuceno - Bicas,2230,1120,1110,71,61,175,152,137,157,154,146,321,344,333,223,40,11,True
3165701,Senador Firmino,MG,Minas Gerais,3106,Juíz de Fora,310029,Ubá,7716,3878,3838,211,183,521,534,539,542,497,493,1340,1400,1392,642,127,44,True
3165800,Senador José Bento,MG,Minas Gerais,3109,Pouso Alegre,310050,Pouso Alegre,2068,1087,981,55,43,119,102,117,124,122,155,519,425,327,213,55,10,True
3165909,Senador Modestino Gonçalves,MG,Minas Gerais,3103,Teófilo Otoni,310016,Diamantina,4008,2009,1999,128,118,238,246,258,277,295,290,707,715,915,325,39,4,True
3166006,Senhora de Oliveira,MG,Minas Gerais,3107,Barbacena,310038,Conselheiro Lafaiete,5483,2689,2794,134,152,343,380,354,420,420,388,975,1002,1064,431,50,14,True
3166105,Senhora do Porto,MG,Minas Gerais,3104,Governador Valadares,310021,Guanhães,3067,1528,1539,105,100,175,177,191,181,214,230,505,528,673,239,37,14,True
3166204,Senhora dos Remédios,MG,Minas Gerais,3107,Barbacena,310037,Barbacena,10384,5231,5153,295,277,740,715,697,694,807,768,1788,1867,2095,665,114,21,True
3166303,Sericita,MG,Minas Gerais,3106,Juíz de Fora,310030,Ponte Nova,7345,3782,3563,230,218,592,523,562,540,570,544,1013,1010,1461,518,68,24,True
3166402,Seritinga,MG,Minas Gerais,3109,Pouso Alegre,310054,Caxambu - Baependi,1819,902,917,47,38,121,126,123,128,123,129,322,338,294,197,57,14,True
3166501,Serra Azul de Minas,MG,Minas Gerais,3103,Teófilo Otoni,310016,Diamantina,3792,1858,1934,134,132,301,338,289,271,230,230,480,567,806,161,34,6,True
3166600,Serra da Saudade,MG,Minas Gerais,3113,Divinópolis,310067,Dores do Indaiá,833,435,398,22,16,47,38,57,61,63,54,183,159,155,105,18,4,True
3166808,Serra do Salitre,MG,Minas Gerais,3112,Patos de Minas,310064,Patrocínio,11801,5933,5868,375,373,990,933,983,936,877,826,1390,1374,1351,1334,343,150,True
3166709,Serra dos Aimorés,MG,Minas Gerais,3103,Teófilo Otoni,310013,Teófilo Otoni,6944,3392,3552,247,240,429,417,460,475,476,478,1001,1175,1760,616,126,35,True
3166907,Serrania,MG,Minas Gerais,3108,Varginha,310042,Alfenas,7621,3815,3806,241,215,580,544,545,548,523,529,1162,1250,1148,817,183,37,True
3166956,Serranópolis de Minas,MG,Minas Gerais,3102,Montes Claros,310007,Janaúba,4399,2193,2206,116,140,304,300,305,316,331,283,666,731,899,284,34,7,True
3167004,Serranos,MG,Minas Gerais,3109,Pouso Alegre,310054,Caxambu - Baependi,1990,995,995,43,45,115,145,139,145,162,131,358,353,387,173,36,17,True
3167103,Serro,MG,Minas Gerais,3103,Teófilo Otoni,310016,Diamantina,21952,10982,10970,713,742,1874,1774,1811,1719,1439,1352,2922,3144,3771,1170,285,130,True
3167202,Sete Lagoas,MG,Minas Gerais,3101,Belo Horizonte,310002,Sete Lagoas,226897,108565,118332,5962,5956,16971,17453,17838,19002,16399,17910,29928,37483,21585,25775,9941,4695,True
3165552,Setubinha,MG,Minas Gerais,3103,Teófilo Otoni,310013,Teófilo Otoni,9917,4918,4999,448,451,742,702,676,694,579,554,1058,1256,1835,442,75,16,True
3167301,Silveirânia,MG,Minas Gerais,3106,Juíz de Fora,310029,Ubá,2323,1180,1143,55,47,123,157,177,161,158,146,448,411,430,218,53,11,True
3167400,Silvianópolis,MG,Minas Gerais,3109,Pouso Alegre,310050,Pouso Alegre,6179,3157,3022,157,148,400,358,420,403,407,418,1235,1154,883,783,223,66,True
3167509,Simão Pereira,MG,Minas Gerais,3106,Juíz de Fora,310027,Juiz de Fora,2947,1466,1481,86,65,183,182,212,184,197,228,530,563,403,232,49,43,True
3167608,Simonésia,MG,Minas Gerais,3106,Juíz de Fora,310028,Manhuaçu,19750,10096,9654,613,576,1550,1410,1431,1522,1596,1358,2556,2568,3308,1456,293,80,True
3167707,Sobrália,MG,Minas Gerais,3104,Governador Valadares,310020,Governador Valadares,5137,2563,2574,136,120,337,273,285,312,326,404,949,972,1216,406,71,24,True
3167806,Soledade de Minas,MG,Minas Gerais,3109,Pouso Alegre,310053,São Lourenço,5613,2761,2852,145,140,319,347,389,376,416,420,979,1012,957,658,144,44,True
3167905,Tabuleiro,MG,Minas Gerais,3106,Juíz de Fora,310029,Ubá,4014,1996,2018,96,106,236,252,274,269,259,251,789,807,831,408,76,19,True
3168002,Taiobeiras,MG,Minas Gerais,3102,Montes Claros,310008,Salinas,33050,16133,16917,986,950,2436,2672,2441,2613,2373,2355,4353,4931,5649,2382,514,171,True
3168051,Taparuba,MG,Minas Gerais,3106,Juíz de Fora,310028,Manhuaçu,3387,1699,1688,99,92,164,153,208,236,252,227,625,633,739,225,18,4,True
3168101,Tapira,MG,Minas Gerais,3110,Uberaba,310056,Araxá,4118,2129,1989,121,85,278,259,296,310,302,275,645,583,475,488,182,95,True
3168200,Tapiraí,MG,Minas Gerais,3113,Divinópolis,310066,Formiga,1690,895,795,46,50,102,100,106,100,112,93,365,312,372,219,36,11,True
3168309,Taquaraçu de Minas,MG,Minas Gerais,3101,Belo Horizonte,310001,Belo Horizonte,4224,2209,2015,101,86,238,213,273,265,312,299,851,738,658,348,71,17,True
3168408,Tarumirim,MG,Minas Gerais,3104,Governador Valadares,310020,Governador Valadares,14709,7262,7447,391,376,971,976,943,1001,950,995,2492,2660,3025,939,229,61,True
3168507,Teixeiras,MG,Minas Gerais,3106,Juíz de Fora,310033,Viçosa,12255,5984,6271,299,288,804,837,803,837,856,907,2141,2383,2227,979,211,83,True
3168606,Teófilo Otoni,MG,Minas Gerais,3103,Teófilo Otoni,310013,Teófilo Otoni,136492,64835,71657,3856,3906,9859,10447,9273,10548,9454,10438,18357,22688,21140,11389,4122,2002,True
3168705,Timóteo,MG,Minas Gerais,3105,Ipatinga,310024,Ipatinga,81448,38794,42654,2188,2079,5420,5778,5744,6231,5540,6301,11999,14632,7892,9924,4357,1719,True
3168804,Tiradentes,MG,Minas Gerais,3107,Barbacena,310039,São João del Rei,7744,3757,3987,200,168,538,542,559,598,612,617,1132,1361,1011,867,255,131,True
3168903,Tiros,MG,Minas Gerais,3112,Patos de Minas,310062,Patos de Minas,7872,4005,3867,216,177,529,483,505,561,582,568,1392,1320,1334,682,155,80,True
3169000,Tocantins,MG,Minas Gerais,3106,Juíz de Fora,310029,Ubá,16185,8019,8166,424,396,1116,1124,1129,1191,1210,1232,2623,2794,2417,1965,441,120,True
3169059,Tocos do Moji,MG,Minas Gerais,3109,Pouso Alegre,310050,Pouso Alegre,3826,2038,1788,72,60,229,200,277,247,307,280,867,748,683,482,70,17,True
3169109,Toledo,MG,Minas Gerais,3109,Pouso Alegre,310050,Pouso Alegre,7214,3721,3493,187,174,555,508,522,505,532,469,1193,1135,1007,644,115,14,True
3169208,Tombos,MG,Minas Gerais,3106,Juíz de Fora,310034,Carangola,8609,4245,4364,215,193,518,550,636,575,557,582,1482,1721,1667,983,303,126,True
3169307,Três Corações,MG,Minas Gerais,3108,Varginha,310045,Três Corações,74473,36085,38388,2022,1984,5571,5714,5344,5762,5267,5497,10214,11838,8582,8150,2985,1266,True
3169356,Três Marias,MG,Minas Gerais,3101,Belo Horizonte,310004,Curvelo,28860,14093,14767,821,799,1924,1984,2044,2158,2154,2259,4119,4583,4116,3024,912,303,True
3169406,Três Pontas,MG,Minas Gerais,3108,Varginha,310046,Três Pontas - Boa Esperança,55087,26807,28280,1480,1469,4240,4141,3835,4115,3922,4194,7841,9011,6747,6494,1842,718,True
3169505,Tumiritinga,MG,Minas Gerais,3104,Governador Valadares,310020,Governador Valadares,5886,2947,2939,194,164,413,410,387,384,390,400,863,942,1255,484,89,23,True
3169604,Tupaciguara,MG,Minas Gerais,3111,Uberlândia,310059,Uberlândia,25456,12627,12829,664,655,1702,1638,1853,1831,1837,1795,4032,4456,4229,2756,830,241,True
3169703,Turmalina,MG,Minas Gerais,3103,Teófilo Otoni,310014,Capelinha,19882,9940,9942,583,592,1624,1608,1696,1742,1400,1311,2462,2632,3180,1534,360,110,True
3169802,Turvolândia,MG,Minas Gerais,3109,Pouso Alegre,310050,Pouso Alegre,4935,2560,2375,136,138,359,338,358,334,351,344,821,734,721,608,104,36,True
3169901,Ubá,MG,Minas Gerais,3106,Juíz de Fora,310029,Ubá,103209,50174,53035,2674,2710,7785,8023,8060,8497,7409,7855,14101,16138,12240,13553,4125,1532,True
3170008,Ubaí,MG,Minas Gerais,3102,Montes Claros,310011,São Francisco,11708,5908,5800,428,416,1010,902,934,918,773,794,1404,1523,2185,591,86,28,True
3170057,Ubaporanga,MG,Minas Gerais,3105,Ipatinga,310025,Caratinga,13017,6546,6471,406,340,844,841,896,955,885,907,2151,2054,2316,953,165,44,True
3170107,Uberaba,MG,Minas Gerais,3110,Uberaba,310055,Uberaba,336683,161551,175132,8830,8719,25404,25886,26142,27467,23809,25661,43644,55052,27865,39459,18385,8808,True
3170206,Uberlândia,MG,Minas Gerais,3111,Uberlândia,310059,Uberlândia,712223,343055,369168,19372,19119,58223,58529,57413,60199,50807,55743,85663,106590,52460,81101,38876,19247,True
3170305,Umburatiba,MG,Minas Gerais,3103,Teófilo Otoni,310019,Águas Formosas,2684,1387,1297,100,89,162,148,187,190,203,193,439,418,578,162,32,13,True
3170404,Unaí,MG,Minas Gerais,3112,Patos de Minas,310063,Unaí,85667,42488,43179,2483,2442,6610,6799,6524,6814,6415,6679,11115,11654,10888,8500,2755,1281,True
3170438,União de Minas,MG,Minas Gerais,3110,Uberaba,310058,Iturama,3828,1996,1832,97,97,228,225,275,269,300,303,657,577,819,503,104,34,True
3170479,Uruana de Minas,MG,Minas Gerais,3112,Patos de Minas,310063,Unaí,3282,1637,1645,103,77,188,207,224,230,224,239,539,516,688,224,27,15,True
3170503,Urucânia,MG,Minas Gerais,3106,Juíz de Fora,310030,Ponte Nova,10600,5256,5344,285,304,851,797,816,793,751,781,1437,1616,1560,1018,202,47,True
3170529,Urucuia,MG,Minas Gerais,3112,Patos de Minas,310063,Unaí,17479,8952,8527,695,621,1458,1515,1319,1312,1174,1107,1890,1792,1927,828,166,24,True
3170578,Vargem Alegre,MG,Minas Gerais,3105,Ipatinga,310025,Caratinga,5780,2844,2936,184,141,389,340,337,352,414,452,1002,1083,1305,548,86,25,True
3170602,Vargem Bonita,MG,Minas Gerais,3108,Varginha,310049,Piumhi,2158,1151,1007,62,48,116,114,168,157,155,145,413,357,429,272,48,16,True
3170651,Vargem Grande do Rio Pardo,MG,Minas Gerais,3102,Montes Claros,310008,Salinas,4633,2385,2248,147,128,409,369,335,302,312,314,640,645,770,288,37,9,True
3170701,Varginha,MG,Minas Gerais,3108,Varginha,310040,Varginha,136279,65902,70377,3441,3466,9991,10199,10594,11079,10066,11072,18432,21654,10198,16364,7189,3252,True
3170750,Varjão de Minas,MG,Minas Gerais,3112,Patos de Minas,310062,Patos de Minas,6969,3615,3354,221,202,555,558,595,536,547,474,872,792,834,816,178,43,True
3170800,Várzea da Palma,MG,Minas Gerais,3102,Montes Claros,310010,Pirapora,33744,16811,16933,1009,975,2496,2448,2639,2744,2502,2535,4826,4885,6332,3088,602,182,True
3170909,Varzelândia,MG,Minas Gerais,3102,Montes Claros,310006,Montes Claros,18840,9535,9305,657,596,1337,1223,1463,1442,1228,1141,2481,2625,3421,930,157,38,True
3171006,Vazante,MG,Minas Gerais,3112,Patos de Minas,310062,Patos de Minas,19975,9987,9988,552,523,1423,1414,1508,1509,1524,1537,2972,3077,2796,2454,722,224,True
3171030,Verdelândia,MG,Minas Gerais,3102,Montes Claros,310007,Janaúba,7672,3910,3762,294,271,688,643,606,596,466,446,805,788,1523,473,31,8,True
3171071,Veredinha,MG,Minas Gerais,3103,Teófilo Otoni,310014,Capelinha,5155,2625,2530,161,145,379,348,406,396,396,321,737,768,1098,386,56,5,True
3171105,Veríssimo,MG,Minas Gerais,3110,Uberaba,310055,Uberaba,3400,1794,1606,84,79,201,192,196,190,252,247,694,573,532,401,92,25,True
3171154,Vermelho Novo,MG,Minas Gerais,3105,Ipatinga,310025,Caratinga,4899,2508,2391,140,123,307,281,331,369,380,369,830,763,950,333,42,8,True
3171204,Vespasiano,MG,Minas Gerais,3101,Belo Horizonte,310001,Belo Horizonte,129244,62526,66718,3829,3594,10496,11060,10530,11557,9853,10617,12957,15681,12164,12384,3341,844,True
3171303,Viçosa,MG,Minas Gerais,3106,Juíz de Fora,310033,Viçosa,76430,36623,39807,1984,1984,6113,6339,5854,6427,5187,5761,10689,12865,8719,7898,3408,2303,True
3171402,Vieiras,MG,Minas Gerais,3106,Juíz de Fora,310031,Muriaé,3700,1893,1807,68,109,239,219,262,234,253,272,713,672,741,312,52,12,True
3171600,Virgem da Lapa,MG,Minas Gerais,3103,Teófilo Otoni,310017,Araçuaí,11797,5827,5970,367,336,846,815,795,797,824,761,1779,2070,2465,789,160,26,True
3171709,Virgínia,MG,Minas Gerais,3109,Pouso Alegre,310053,São Lourenço,8908,4474,4434,233,217,648,580,654,644,666,634,1464,1570,1686,684,134,45,True
3171808,Virginópolis,MG,Minas Gerais,3104,Governador Valadares,310021,Guanhães,10314,5051,5263,294,296,685,723,689,748,666,687,1648,1822,1716,899,188,58,True
3171907,Virgolândia,MG,Minas Gerais,3104,Governador Valadares,310020,Governador Valadares,4552,2209,2343,109,137,276,236,260,315,284,281,836,931,1246,355,71,24,True
3172004,Visconde do Rio Branco,MG,Minas Gerais,3106,Juíz de Fora,310029,Ubá,39160,19053,20107,966,945,2796,2862,2942,3096,2752,2864,5553,6529,5586,4728,1232,435,True
3172103,Volta Grande,MG,Minas Gerais,3106,Juíz de Fora,310036,Além Paraíba,4443,2158,2285,120,113,272,328,321,299,281,303,727,824,807,463,128,44,True
3172202,Wenceslau Braz,MG,Minas Gerais,3109,Pouso Alegre,310052,Itajubá,2356,1180,1176,66,63,125,127,149,151,179,153,463,461,441,259,52,18,True
3200102,Afonso Cláudio,ES,Espírito Santo,3201,Vitória,320002,Afonso Cláudio - Venda Nova do Imigrante - Santa Maria de Jetibá,30622,15369,15253,844,802,2000,1894,2171,2192,2391,2367,4771,4969,5707,2749,744,256,True
3200169,Água Doce do Norte,ES,Espírito Santo,3203,Colatina,320006,Nova Venécia,12042,6052,5990,350,313,800,731,745,804,877,919,1936,2026,2538,851,167,55,True
3200136,Águia Branca,ES,Espírito Santo,3203,Colatina,320005,Colatina,9711,4930,4781,242,281,619,657,704,675,710,686,1583,1530,1627,933,247,67,True
3200201,Alegre,ES,Espírito Santo,3204,Cachoeiro do Itapemirim,320008,Alegre,29177,14307,14870,758,764,2074,2072,2038,2116,2029,2075,4577,5092,5044,2953,1180,561,True
3200300,Alfredo Chaves,ES,Espírito Santo,3201,Vitória,320001,Vitória,13836,7013,6823,345,315,845,804,949,1006,1092,1062,2466,2477,2315,1628,439,117,True
3200359,Alto Rio Novo,ES,Espírito Santo,3203,Colatina,320005,Colatina,7434,3701,3733,228,198,455,406,478,556,585,563,1174,1244,1454,601,134,50,True
3200409,Anchieta,ES,Espírito Santo,3201,Vitória,320001,Vitória,29981,14820,15161,882,772,1872,1963,2356,2525,2289,2352,4220,4427,2976,2757,996,313,True
3200508,Apiacá,ES,Espírito Santo,3204,Cachoeiro do Itapemirim,320008,Alegre,7223,3498,3725,182,185,465,484,486,517,503,501,1183,1312,1497,664,188,51,True
3200607,Aracruz,ES,Espírito Santo,3202,São Mateus,320004,Linhares,94729,46875,47854,2824,2669,6948,6994,7539,7904,7002,7309,11265,12241,8478,9157,3914,1541,True
3200706,Atílio Vivácqua,ES,Espírito Santo,3204,Cachoeiro do Itapemirim,320007,Cachoeiro de Itapemirim,10540,5255,5285,307,297,663,700,809,817,749,771,1573,1567,1482,1065,239,53,True
3200805,Baixo Guandu,ES,Espírito Santo,3203,Colatina,320005,Colatina,30674,14978,15696,863,808,1995,2114,2145,2166,2165,2280,4546,5177,4841,3147,837,229,True
3200904,Barra de São Francisco,ES,Espírito Santo,3203,Colatina,320006,Nova Venécia,42266,20768,21498,1179,1130,2805,2917,2944,3170,2969,3150,6111,6527,6894,3896,1119,409,True
3201001,Boa Esperança,ES,Espírito Santo,3202,São Mateus,320003,São Mateus,13608,6762,6846,431,427,917,942,979,990,1033,974,1937,2087,2556,1285,331,127,True
3201100,Bom Jesus do Norte,ES,Espírito Santo,3204,Cachoeiro do Itapemirim,320008,Alegre,10254,4837,5417,262,251,682,742,709,792,756,794,1465,1792,1702,982,268,114,True
3201159,Brejetuba,ES,Espírito Santo,3201,Vitória,320002,Afonso Cláudio - Venda Nova do Imigrante - Santa Maria de Jetibá,12985,6654,6331,409,392,1008,953,1043,1003,1044,933,1589,1479,2055,842,209,66,True
3201209,Cachoeiro de Itapemirim,ES,Espírito Santo,3204,Cachoeiro do Itapemirim,320007,Cachoeiro de Itapemirim,184635,88841,95794,4683,4584,12248,13225,13894,15028,13114,14203,26178,30783,22333,23878,8316,3371,True
3201308,Cariacica,ES,Espírito Santo,3201,Vitória,320001,Vitória,352391,169690,182701,10151,9696,25015,25911,26029,28646,25377,27356,43119,53044,42546,43289,14085,3661,True
3201407,Castelo,ES,Espírito Santo,3204,Cachoeiro do Itapemirim,320007,Cachoeiro de Itapemirim,36930,18224,18706,950,920,2455,2498,2864,2873,2755,2823,5852,6274,4523,4459,1411,479,True
3201506,Colatina,ES,Espírito Santo,3203,Colatina,320005,Colatina,119116,57352,61764,2971,2888,8188,8549,8887,9626,8747,9135,16802,20370,13752,14697,5020,1987,True
3201605,Conceição da Barra,ES,Espírito Santo,3202,São Mateus,320003,São Mateus,27406,13365,14041,799,803,1714,1907,1873,1990,1977,1996,3632,4040,4946,2323,610,243,True
3201704,Conceição do Castelo,ES,Espírito Santo,3201,Vitória,320002,Afonso Cláudio - Venda Nova do Imigrante - Santa Maria de Jetibá,11937,5973,5964,344,333,813,796,891,957,917,880,1734,1829,1839,1253,339,101,True
3201803,Divino de São Lourenço,ES,Espírito Santo,3204,Cachoeiro do Itapemirim,320008,Alegre,5083,2620,2463,151,148,382,336,410,402,358,322,755,741,927,322,61,15,True
3201902,Domingos Martins,ES,Espírito Santo,3201,Vitória,320002,Afonso Cláudio - Venda Nova do Imigrante - Santa Maria de Jetibá,35411,17866,17545,970,911,2349,2296,2633,2730,2888,2755,5507,5597,5248,3206,872,326,True
3202009,Dores do Rio Preto,ES,Espírito Santo,3204,Cachoeiro do Itapemirim,320008,Alegre,6593,3306,3287,210,185,451,460,491,497,472,498,963,1005,1286,498,104,38,True
3202108,Ecoporanga,ES,Espírito Santo,3203,Colatina,320006,Nova Venécia,21988,10913,11075,593,597,1325,1359,1481,1541,1678,1676,3531,3682,4874,1814,423,122,True
3202207,Fundão,ES,Espírito Santo,3201,Vitória,320001,Vitória,18008,8897,9111,466,448,1197,1143,1247,1337,1291,1328,2855,2982,2268,1884,764,255,True
3202256,Governador Lindenberg,ES,Espírito Santo,3203,Colatina,320005,Colatina,11009,5662,5347,304,300,781,711,846,812,848,741,1752,1721,1680,1246,293,92,True
3202306,Guaçuí,ES,Espírito Santo,3204,Cachoeiro do Itapemirim,320008,Alegre,29358,14270,15088,775,830,2133,2106,2070,2187,1908,2111,4180,4797,4768,2681,843,356,True
3202405,Guarapari,ES,Espírito Santo,3201,Vitória,320001,Vitória,124656,60685,63971,3465,3166,8450,8565,8830,9615,9135,9936,17738,19886,12891,12267,4550,2231,True
3202454,Ibatiba,ES,Espírito Santo,3204,Cachoeiro do Itapemirim,320008,Alegre,25380,12694,12686,765,762,1902,1962,1909,1956,1881,1957,3285,3415,4258,2121,453,135,True
3202504,Ibiraçu,ES,Espírito Santo,3202,São Mateus,320004,Linhares,11715,5804,5911,316,273,815,765,873,921,860,849,1723,1884,1478,1260,437,181,True
3202553,Ibitirama,ES,Espírito Santo,3204,Cachoeiro do Itapemirim,320008,Alegre,9520,4827,4693,293,296,696,687,699,718,682,652,1273,1211,1825,609,124,40,True
3202603,Iconha,ES,Espírito Santo,3204,Cachoeiro do Itapemirim,320007,Cachoeiro de Itapemirim,12326,6143,6183,275,274,782,764,970,955,979,927,2067,2225,1744,1608,471,143,True
3202652,Irupi,ES,Espírito Santo,3204,Cachoeiro do Itapemirim,320008,Alegre,13710,6939,6771,475,407,996,993,1067,1066,1044,1011,1828,1750,2298,1034,226,63,True
3202702,Itaguaçu,ES,Espírito Santo,3203,Colatina,320005,Colatina,13589,6749,6840,340,327,814,751,979,898,997,998,2463,2671,2315,1702,396,120,True
3202801,Itapemirim,ES,Espírito Santo,3204,Cachoeiro do Itapemirim,320007,Cachoeiro de Itapemirim,39825,19501,20324,1120,1220,2723,2729,2796,3047,2844,2955,5380,5887,5385,2886,626,156,True
3202900,Itarana,ES,Espírito Santo,3201,Vitória,320002,Afonso Cláudio - Venda Nova do Imigrante - Santa Maria de Jetibá,10597,5261,5336,240,239,702,697,774,704,781,798,1849,2010,1714,1173,308,116,True
3203007,Iúna,ES,Espírito Santo,3204,Cachoeiro do Itapemirim,320008,Alegre,28590,14110,14480,831,800,2074,2115,2167,2258,2075,2075,3737,3989,5051,2547,555,211,True
3203056,Jaguaré,ES,Espírito Santo,3202,São Mateus,320003,São Mateus,28931,14436,14495,853,872,2125,2229,2267,2368,2100,2069,3402,3447,4111,2037,601,179,True
3203106,Jerônimo Monteiro,ES,Espírito Santo,3204,Cachoeiro do Itapemirim,320007,Cachoeiro de Itapemirim,11575,5671,5904,314,300,778,802,789,826,749,827,1899,1998,1878,1083,338,124,True
3203130,João Neiva,ES,Espírito Santo,3202,São Mateus,320004,Linhares,14079,6814,7265,325,349,886,866,942,991,1040,1137,2300,2632,1810,1853,852,310,True
3203163,Laranja da Terra,ES,Espírito Santo,3201,Vitória,320002,Afonso Cláudio - Venda Nova do Imigrante - Santa Maria de Jetibá,11094,5601,5493,254,237,671,658,795,738,868,808,2038,2158,2292,901,171,53,True
3203205,Linhares,ES,Espírito Santo,3202,São Mateus,320004,Linhares,165212,80912,84300,5085,4930,12692,13179,13445,13949,12239,12429,18237,21073,16085,15870,6309,2646,True
3203304,Mantenópolis,ES,Espírito Santo,3203,Colatina,320005,Colatina,12770,6293,6477,362,317,731,776,781,907,931,935,2125,2209,2799,970,258,74,True
3203320,Marataízes,ES,Espírito Santo,3204,Cachoeiro do Itapemirim,320007,Cachoeiro de Itapemirim,41872,20476,21396,1217,1171,2813,2867,2869,3134,3018,3157,5965,6656,5848,2973,981,347,True
3203346,Marechal Floriano,ES,Espírito Santo,3201,Vitória,320002,Afonso Cláudio - Venda Nova do Imigrante - Santa Maria de Jetibá,17641,8795,8846,448,473,1260,1275,1341,1387,1411,1355,2457,2540,1973,1733,484,178,True
3203353,Marilândia,ES,Espírito Santo,3203,Colatina,320005,Colatina,12387,6124,6263,295,310,795,869,937,885,934,896,2056,2175,1601,1473,358,90,True
3203403,Mimoso do Sul,ES,Espírito Santo,3204,Cachoeiro do Itapemirim,320007,Cachoeiro de Itapemirim,24475,12310,12165,687,564,1568,1538,1796,1765,1835,1755,4126,4323,5003,2221,560,229,True
3203502,Montanha,ES,Espírito Santo,3202,São Mateus,320003,São Mateus,18900,9347,9553,566,533,1267,1275,1350,1410,1360,1345,2673,2941,3388,1590,393,189,True
3203601,Mucurici,ES,Espírito Santo,3202,São Mateus,320003,São Mateus,5466,2748,2718,157,141,315,337,383,374,412,388,911,952,1276,403,86,35,True
3203700,Muniz Freire,ES,Espírito Santo,3204,Cachoeiro do Itapemirim,320008,Alegre,18153,9211,8942,557,468,1256,1207,1333,1283,1303,1297,2799,2831,3301,1532,368,132,True
3203809,Muqui,ES,Espírito Santo,3204,Cachoeiro do Itapemirim,320007,Cachoeiro de Itapemirim,13745,6855,6890,385,327,883,834,996,1062,970,971,2193,2404,2320,1398,466,161,True
3203908,Nova Venécia,ES,Espírito Santo,3203,Colatina,320006,Nova Venécia,49065,24293,24772,1308,1279,3638,3607,3668,3796,3519,3648,7056,7632,6997,4834,1598,562,True
3204005,Pancas,ES,Espírito Santo,3203,Colatina,320005,Colatina,18893,9508,9385,558,519,1225,1127,1305,1336,1381,1420,3118,3123,3973,1859,414,139,True
3204054,Pedro Canário,ES,Espírito Santo,3202,São Mateus,320003,São Mateus,21522,10638,10884,695,624,1434,1571,1506,1587,1566,1627,2809,2927,3928,2032,565,157,True
3204104,Pinheiros,ES,Espírito Santo,3202,São Mateus,320003,São Mateus,23914,11929,11985,735,731,1711,1632,1721,1740,1776,1791,3186,3354,4261,2222,552,202,True
3204203,Piúma,ES,Espírito Santo,3201,Vitória,320001,Vitória,22300,10899,11401,592,574,1533,1518,1550,1703,1639,1711,3106,3553,2581,2050,629,236,True
3204252,Ponto Belo,ES,Espírito Santo,3202,São Mateus,320003,São Mateus,6497,3146,3351,160,200,399,382,358,412,433,502,1103,1130,1417,517,121,35,True
3204302,Presidente Kennedy,ES,Espírito Santo,3204,Cachoeiro do Itapemirim,320007,Cachoeiro de Itapemirim,13689,6826,6863,406,387,934,1006,981,1086,975,969,1864,1884,2047,848,171,74,True
3204351,Rio Bananal,ES,Espírito Santo,3202,São Mateus,320004,Linhares,19274,9866,9408,541,509,1406,1354,1566,1454,1467,1396,2751,2726,2844,1789,552,181,True
3204401,Rio Novo do Sul,ES,Espírito Santo,3204,Cachoeiro do Itapemirim,320007,Cachoeiro de Itapemirim,11069,5602,5467,281,272,690,705,822,856,821,791,1852,1834,1711,1367,361,115,True
3204500,Santa Leopoldina,ES,Espírito Santo,3201,Vitória,320002,Afonso Cláudio - Venda Nova do Imigrante - Santa Maria de Jetibá,13101,6875,6226,345,331,865,755,939,866,993,947,2395,2122,2310,978,207,85,True
3204559,Santa Maria de Jetibá,ES,Espírito Santo,3201,Vitória,320002,Afonso Cláudio - Venda Nova do Imigrante - Santa Maria de Jetibá,41636,21102,20534,1187,1163,3510,3270,3719,3486,3133,3172,4984,5138,4918,3754,952,253,True
3204609,Santa Teresa,ES,Espírito Santo,3201,Vitória,320002,Afonso Cláudio - Venda Nova do Imigrante - Santa Maria de Jetibá,22808,11333,11475,574,548,1416,1412,1747,1740,1695,1662,3799,4097,3040,2493,896,343,True
3204658,São Domingos do Norte,ES,Espírito Santo,3203,Colatina,320005,Colatina,8346,4254,4092,232,198,609,537,647,601,649,610,1293,1309,1281,891,222,77,True
3204708,São Gabriel da Palha,ES,Espírito Santo,3203,Colatina,320005,Colatina,32234,15876,16358,796,848,2242,2242,2578,2577,2559,2525,4442,4974,4424,3994,1037,340,True
3204807,São José do Calçado,ES,Espírito Santo,3204,Cachoeiro do Itapemirim,320008,Alegre,10878,5380,5498,260,278,731,713,726,665,677,721,1891,2075,2021,965,254,96,True
3204906,São Mateus,ES,Espírito Santo,3202,São Mateus,320003,São Mateus,122745,60120,62625,3863,3703,9098,9527,8999,9894,8973,9458,15274,16700,14494,10944,4250,1901,True
3204955,São Roque do Canaã,ES,Espírito Santo,3203,Colatina,320005,Colatina,10886,5518,5368,282,260,714,683,747,723,838,805,1997,1983,1575,1383,390,73,True
3205002,Serra,ES,Espírito Santo,3201,Vitória,320001,Vitória,520569,251366,269203,14794,14452,39012,40907,43562,47189,38786,41507,55745,67126,43003,51049,19575,6667,True
3205010,Sooretama,ES,Espírito Santo,3202,São Mateus,320004,Linhares,26481,13281,13200,907,852,2178,2112,2053,2042,1920,1850,2772,2932,3973,2171,474,102,True
3205036,Vargem Alta,ES,Espírito Santo,3204,Cachoeiro do Itapemirim,320007,Cachoeiro de Itapemirim,19563,9940,9623,536,521,1445,1365,1427,1461,1371,1450,3041,2887,2965,2036,451,99,True
3205069,Venda Nova do Imigrante,ES,Espírito Santo,3201,Vitória,320002,Afonso Cláudio - Venda Nova do Imigrante - Santa Maria de Jetibá,23822,11698,12124,634,640,1740,1819,1938,2047,1749,1870,3245,3536,2368,2617,846,296,True
3205101,Viana,ES,Espírito Santo,3201,Vitória,320001,Vitória,70659,34434,36225,2127,2021,5102,5161,5539,5930,5346,5624,8037,9701,7936,7674,1897,405,True
3205150,Vila Pavão,ES,Espírito Santo,3203,Colatina,320006,Nova Venécia,8911,4496,4415,235,231,599,572,642,689,710,684,1400,1321,1605,914,186,43,True
3205176,Vila Valério,ES,Espírito Santo,3203,Colatina,320005,Colatina,13723,7075,6648,380,339,1023,1001,1108,1031,1124,1021,1946,1910,2269,1290,394,140,True
3205200,Vila Velha,ES,Espírito Santo,3201,Vitória,320001,Vitória,459936,217809,242127,11638,11410,32440,33856,35130,39026,33277,36708,60656,78415,35172,48535,27141,20154,True
3205309,Vitória,ES,Espírito Santo,3201,Vitória,320001,Vitória,322772,149408,173364,7498,7514,21749,24067,24075,26530,22355,26580,44403,60906,22340,31704,23299,28044,True
3300100,Angra dos Reis,RJ,Rio de Janeiro,3301,Rio de Janeiro,330002,Angra dos Reis,167225,81554,85669,4758,4587,11785,12515,12215,13281,12453,13186,21574,23919,18044,21410,8241,3300,True
3300159,Aperibé,RJ,Rio de Janeiro,3304,Campos dos Goytacazes,330012,Santo Antônio de Pádua,11027,5345,5682,265,281,694,713,798,794,755,870,1808,1995,1904,1128,259,62,True
3300209,Araruama,RJ,Rio de Janeiro,3305,Macaé - Rio das Ostras - Cabo Frio,330013,Cabo Frio,129560,61645,67915,3592,3314,7809,8281,7892,9118,8688,10042,20065,24179,15846,11811,4577,2045,True
3300225,Areal,RJ,Rio de Janeiro,3303,Petrópolis,330007,Petrópolis,11816,5786,6030,325,295,856,855,830,836,784,832,1709,2021,1500,1311,412,120,True
3300233,Armação dos Búzios,RJ,Rio de Janeiro,3305,Macaé - Rio das Ostras - Cabo Frio,330013,Cabo Frio,39946,19748,20198,1069,1001,2735,2858,3011,3192,3271,3333,5215,5619,2925,3794,1313,621,True
3300258,Arraial do Cabo,RJ,Rio de Janeiro,3305,Macaé - Rio das Ostras - Cabo Frio,330013,Cabo Frio,30952,14862,16090,787,816,2041,2063,2042,2159,2055,2309,4779,5663,3303,3432,1301,466,True
3300308,Barra do Piraí,RJ,Rio de Janeiro,3302,Volta Redonda - Barra Mansa,330004,Volta Redonda - Barra Mansa,92791,43543,49246,2426,2420,6029,6271,5904,6708,6192,6985,13763,17698,12207,12187,4077,1454,True
3300407,Barra Mansa,RJ,Rio de Janeiro,3302,Volta Redonda - Barra Mansa,330004,Volta Redonda - Barra Mansa,169747,80514,89233,4238,4201,11526,11707,11361,12716,11770,13206,25260,31718,20973,23158,7879,2814,True
3300456,Belford Roxo,RJ,Rio de Janeiro,3301,Rio de Janeiro,330001,Rio de Janeiro,483065,231332,251733,13522,12950,35643,38600,33914,38486,36123,38894,59096,71557,70375,51257,11187,1918,True
3300506,Bom Jardim,RJ,Rio de Janeiro,3303,Petrópolis,330008,Nova Friburgo,28084,13858,14226,743,724,1886,1930,1974,2089,2087,2156,4251,4537,3854,3074,864,328,True
3300605,Bom Jesus do Itabapoana,RJ,Rio de Janeiro,3304,Campos dos Goytacazes,330011,Itaperuna,35035,16824,18211,911,889,2325,2386,2331,2436,2276,2518,5403,6574,5827,3630,1279,572,True
3300704,Cabo Frio,RJ,Rio de Janeiro,3305,Macaé - Rio das Ostras - Cabo Frio,330013,Cabo Frio,222090,106443,115647,6046,5804,14685,15565,14649,16575,15280,17193,31571,37594,22486,21485,8637,4286,True
3300803,Cachoeiras de Macacu,RJ,Rio de Janeiro,3301,Rio de Janeiro,330003,Rio Bonito,56851,27800,29051,1504,1429,3810,3993,3769,4096,4071,4330,8632,9451,8761,6036,1681,630,True
3300902,Cambuci,RJ,Rio de Janeiro,3304,Campos dos Goytacazes,330012,Santo Antônio de Pádua,14614,7264,7350,383,366,908,841,930,992,1037,1066,2685,2872,3013,1374,359,124,True
3301009,Campos dos Goytacazes,RJ,Rio de Janeiro,3304,Campos dos Goytacazes,330010,Campos dos Goytacazes,481621,228842,252779,13669,13286,34399,36957,34039,37795,32360,35869,62027,78673,65830,43456,16615,9381,True
3301108,Cantagalo,RJ,Rio de Janeiro,3303,Petrópolis,330008,Nova Friburgo,19361,9434,9927,519,491,1193,1163,1253,1348,1327,1447,3074,3490,3039,2224,691,272,True
3300936,Carapebus,RJ,Rio de Janeiro,3305,Macaé - Rio das Ostras - Cabo Frio,330014,Macaé - Rio das Ostras,13802,6924,6878,414,380,891,869,915,1045,1027,1017,2066,2076,1698,1526,561,153,True
3301157,Cardoso Moreira,RJ,Rio de Janeiro,3304,Campos dos Goytacazes,330010,Campos dos Goytacazes,12957,6361,6596,360,327,783,769,826,912,893,978,2101,2346,2673,1018,274,76,True
3301207,Carmo,RJ,Rio de Janeiro,3303,Petrópolis,330008,Nova Friburgo,17198,8341,8857,472,435,1107,1092,1123,1210,1223,1322,2740,3171,2914,1947,520,185,True
3301306,Casimiro de Abreu,RJ,Rio de Janeiro,3305,Macaé - Rio das Ostras - Cabo Frio,330014,Macaé - Rio das Ostras,46026,22135,23891,1228,1253,2929,3171,3193,3488,3241,3645,6248,7189,4412,4239,1689,755,True
3300951,Comendador Levy Gasparian,RJ,Rio de Janeiro,3303,Petrópolis,330009,Três Rios - Paraíba do Sul,8741,4196,4545,258,220,581,624,558,611,581,628,1317,1536,1076,1010,283,71,True
3301405,Conceição de Macabu,RJ,Rio de Janeiro,3305,Macaé - Rio das Ostras - Cabo Frio,330014,Macaé - Rio das Ostras,21057,10356,10701,586,581,1358,1416,1356,1521,1511,1449,3177,3506,3096,2381,768,269,True
3301504,Cordeiro,RJ,Rio de Janeiro,3303,Petrópolis,330008,Nova Friburgo,20783,9833,10950,537,511,1308,1398,1421,1542,1371,1589,3102,3888,2531,2645,957,347,True
3301603,Duas Barras,RJ,Rio de Janeiro,3303,Petrópolis,330008,Nova Friburgo,10980,5414,5566,307,299,721,702,758,792,763,841,1743,1755,1849,1228,303,106,True
3301702,Duque de Caxias,RJ,Rio de Janeiro,3301,Rio de Janeiro,330001,Rio de Janeiro,807964,384100,423864,23137,22153,59355,63061,55917,62335,56143,62834,101818,128838,117851,99134,28211,7106,True
3301801,Engenheiro Paulo de Frontin,RJ,Rio de Janeiro,3302,Volta Redonda - Barra Mansa,330004,Volta Redonda - Barra Mansa,12227,5822,6405,303,298,740,740,775,849,834,919,1983,2397,2247,1441,391,112,True
3301850,Guapimirim,RJ,Rio de Janeiro,3301,Rio de Janeiro,330001,Rio de Janeiro,51677,25125,26552,1485,1431,3663,3971,3598,4090,3648,3894,6874,7785,7230,5788,1468,504,True
3301876,Iguaba Grande,RJ,Rio de Janeiro,3305,Macaé - Rio das Ostras - Cabo Frio,330013,Cabo Frio,27885,13158,14727,709,681,1636,1679,1558,1884,1844,2098,4598,5721,2914,2779,1156,491,True
3301900,Itaboraí,RJ,Rio de Janeiro,3301,Rio de Janeiro,330001,Rio de Janeiro,224179,107643,116536,5959,5624,15141,16400,15522,17335,16827,18494,30441,36043,33568,23579,6698,1737,True
3302007,Itaguaí,RJ,Rio de Janeiro,3301,Rio de Janeiro,330001,Rio de Janeiro,116814,56994,59820,3401,3256,8522,8922,8276,8927,8397,8800,14904,16944,13597,12861,4163,1188,True
3302056,Italva,RJ,Rio de Janeiro,3304,Campos dos Goytacazes,330010,Campos dos Goytacazes,14073,6826,7247,302,308,767,799,1005,1031,933,985,2520,2848,2653,1497,445,110,True
3302106,Itaocara,RJ,Rio de Janeiro,3304,Campos dos Goytacazes,330012,Santo Antônio de Pádua,22862,11042,11820,551,520,1387,1333,1441,1566,1616,1739,4010,4705,4319,2473,770,250,True
3302205,Itaperuna,RJ,Rio de Janeiro,3304,Campos dos Goytacazes,330011,Itaperuna,100358,48134,52224,2533,2353,6830,6876,6889,7469,7201,8061,15054,18375,13686,11752,3824,1755,True
3302254,Itatiaia,RJ,Rio de Janeiro,3302,Volta Redonda - Barra Mansa,330005,Resende,30904,14959,15945,817,771,2180,2274,2131,2266,2275,2456,4345,5025,3574,3535,1324,575,True
3302270,Japeri,RJ,Rio de Janeiro,3301,Rio de Janeiro,330001,Rio de Janeiro,91288,44452,46836,3023,2891,6887,7255,6455,7177,6969,7238,10468,11753,15608,9074,1597,252,True
3302304,Laje do Muriaé,RJ,Rio de Janeiro,3304,Campos dos Goytacazes,330011,Itaperuna,7336,3604,3732,200,191,538,536,441,448,470,553,1240,1315,1436,645,182,56,True
3302403,Macaé,RJ,Rio de Janeiro,3305,Macaé - Rio das Ostras - Cabo Frio,330014,Macaé - Rio das Ostras,246183,119043,127140,6679,6553,17201,18912,20479,22395,18857,19841,27280,31992,19816,24674,11590,7692,True
3302452,Macuco,RJ,Rio de Janeiro,3303,Petrópolis,330008,Nova Friburgo,5415,2624,2791,165,156,361,354,319,381,409,438,760,916,793,595,170,50,True
3302502,Magé,RJ,Rio de Janeiro,3301,Rio de Janeiro,330001,Rio de Janeiro,227170,109455,117715,6732,6539,16539,16937,15377,16899,15498,17146,30047,35701,33032,25127,6754,1778,True
3302601,Mangaratiba,RJ,Rio de Janeiro,3301,Rio de Janeiro,330001,Rio de Janeiro,41187,20239,20948,1062,1023,2535,2563,2733,3017,2986,3119,6570,7188,4043,4398,1969,784,True
3302700,Maricá,RJ,Rio de Janeiro,3301,Rio de Janeiro,330001,Rio de Janeiro,197175,94780,102395,5181,4855,12459,12663,12792,14609,14577,16601,30155,35098,13558,15631,7875,3505,True
3302809,Mendes,RJ,Rio de Janeiro,3302,Volta Redonda - Barra Mansa,330004,Volta Redonda - Barra Mansa,17490,8236,9254,412,362,1077,1086,1041,1189,1164,1365,2964,3615,2850,2308,641,242,True
3302858,Mesquita,RJ,Rio de Janeiro,3301,Rio de Janeiro,330001,Rio de Janeiro,167127,78328,88797,4488,4403,12233,13033,11109,12819,11684,13356,21655,29036,21002,19828,7264,2136,True
3302908,Miguel Pereira,RJ,Rio de Janeiro,3302,Volta Redonda - Barra Mansa,330006,Valença,26532,12491,14041,635,582,1628,1595,1509,1820,1749,1939,4488,5727,3347,2964,1162,592,True
3303005,Miracema,RJ,Rio de Janeiro,3304,Campos dos Goytacazes,330012,Santo Antônio de Pádua,26875,12943,13932,719,734,1852,1879,1763,1859,1816,1966,4043,4833,4077,2647,921,386,True
3303104,Natividade,RJ,Rio de Janeiro,3304,Campos dos Goytacazes,330011,Itaperuna,15004,7270,7734,412,358,1007,1024,960,998,972,1090,2471,2846,2496,1598,531,234,True
3303203,Nilópolis,RJ,Rio de Janeiro,3301,Rio de Janeiro,330001,Rio de Janeiro,146774,68474,78300,3746,3546,9677,10288,10431,11374,10378,11724,21061,28367,17228,19908,8607,2728,True
3303302,Niterói,RJ,Rio de Janeiro,3301,Rio de Janeiro,330001,Rio de Janeiro,480858,219937,260921,10238,9943,30693,33000,32812,36885,33646,38957,74131,104687,33516,45105,35428,48256,True
3303401,Nova Friburgo,RJ,Rio de Janeiro,3303,Petrópolis,330008,Nova Friburgo,189772,90719,99053,4635,4441,12586,12292,13100,14029,13657,14812,29510,36934,21504,26821,9329,4362,True
3303500,Nova Iguaçu,RJ,Rio de Janeiro,3301,Rio de Janeiro,330001,Rio de Janeiro,785215,373128,412087,22368,21409,59067,61887,53645,60095,54313,60778,100140,127717,113929,85940,24745,7500,True
3303609,Paracambi,RJ,Rio de Janeiro,3301,Rio de Janeiro,330001,Rio de Janeiro,41339,19904,21435,1011,972,2881,2955,2983,3175,2956,3142,6284,7458,7075,5697,1506,389,True
3303708,Paraíba do Sul,RJ,Rio de Janeiro,3303,Petrópolis,330009,Três Rios - Paraíba do Sul,42012,19787,22225,1070,1099,2905,2946,2609,3026,2676,3166,6240,7656,5920,4625,1399,576,True
3303807,Paraty,RJ,Rio de Janeiro,3301,Rio de Janeiro,330002,Angra dos Reis,45109,22279,22830,1336,1282,3163,3152,3357,3783,3614,3729,5720,5987,4267,4294,1749,732,True
3303856,Paty do Alferes,RJ,Rio de Janeiro,3302,Volta Redonda - Barra Mansa,330006,Valença,29574,14278,15296,766,793,1944,2105,1990,2174,1957,2100,4366,4910,4282,2621,563,186,True
3303906,Petrópolis,RJ,Rio de Janeiro,3303,Petrópolis,330007,Petrópolis,278505,130894,147611,6741,6631,18443,19207,18540,20396,19636,21762,42389,55100,32558,38519,14119,7822,True
3303955,Pinheiral,RJ,Rio de Janeiro,3302,Volta Redonda - Barra Mansa,330004,Volta Redonda - Barra Mansa,24294,11699,12595,656,642,1629,1705,1647,1806,1723,1886,3464,4093,3000,2703,904,286,True
3304003,Piraí,RJ,Rio de Janeiro,3302,Volta Redonda - Barra Mansa,330004,Volta Redonda - Barra Mansa,27423,13215,14208,684,680,1828,1890,1824,1976,1839,2146,4122,4626,3265,2881,1122,362,True
3304102,Porciúncula,RJ,Rio de Janeiro,3304,Campos dos Goytacazes,330011,Itaperuna,17231,8515,8716,495,451,1186,1171,1179,1239,1171,1200,2633,2940,2870,1597,563,256,True
3304110,Porto Real,RJ,Rio de Janeiro,3302,Volta Redonda - Barra Mansa,330005,Resende,20356,9849,10507,531,568,1391,1649,1516,1658,1483,1604,2551,2833,1852,2158,650,185,True
3304128,Quatis,RJ,Rio de Janeiro,3302,Volta Redonda - Barra Mansa,330005,Resende,13640,6534,7106,333,377,926,956,956,1006,932,1059,1869,2235,1753,1587,467,119,True
3304144,Queimados,RJ,Rio de Janeiro,3301,Rio de Janeiro,330001,Rio de Janeiro,140521,67024,73497,4222,4024,10296,11288,9708,11017,10123,11047,16900,20844,20080,14982,3730,708,True
3304151,Quissamã,RJ,Rio de Janeiro,3305,Macaé - Rio das Ostras - Cabo Frio,330014,Macaé - Rio das Ostras,22363,10845,11518,634,600,1462,1624,1471,1682,1452,1610,3194,3546,2994,2123,597,251,True
3304201,Resende,RJ,Rio de Janeiro,3302,Volta Redonda - Barra Mansa,330005,Resende,129204,61937,67267,3399,3193,9136,9399,9744,10526,9621,10340,17142,21228,12106,15039,6753,3529,True
3304300,Rio Bonito,RJ,Rio de Janeiro,3301,Rio de Janeiro,330003,Rio Bonito,56267,27171,29096,1464,1475,3777,4029,3831,4098,4239,4528,8289,9650,7592,5958,1964,794,True
3304409,Rio Claro,RJ,Rio de Janeiro,3302,Volta Redonda - Barra Mansa,330004,Volta Redonda - Barra Mansa,17311,8469,8842,471,470,1132,1080,1056,1160,1285,1364,2623,2860,2401,2066,648,188,True
3304508,Rio das Flores,RJ,Rio de Janeiro,3302,Volta Redonda - Barra Mansa,330006,Valença,8907,4298,4609,266,235,615,641,525,605,625,645,1221,1432,1226,924,215,76,True
3304524,Rio das Ostras,RJ,Rio de Janeiro,3305,Macaé - Rio das Ostras - Cabo Frio,330014,Macaé - Rio das Ostras,156472,74844,81628,4284,4179,10313,11097,11824,13326,12203,13325,18910,23037,9968,12664,6811,3837,True
3304557,Rio de Janeiro,RJ,Rio de Janeiro,3301,Rio de Janeiro,330001,Rio de Janeiro,6185894,2859846,3326044,151597,148583,427995,452853,438919,493993,429489,498181,847727,1188576,591896,698811,396403,364671,True
3304607,Santa Maria Madalena,RJ,Rio de Janeiro,3303,Petrópolis,330008,Nova Friburgo,10215,5120,5095,268,260,585,564,627,655,717,738,1854,1880,1901,1054,317,105,True
3304706,Santo Antônio de Pádua,RJ,Rio de Janeiro,3304,Campos dos Goytacazes,330012,Santo Antônio de Pádua,41227,19990,21237,1026,1000,2633,2755,2811,2980,2854,3111,6627,7435,7064,4364,1202,527,True
3304805,São Fidélis,RJ,Rio de Janeiro,3304,Campos dos Goytacazes,330010,Campos dos Goytacazes,38957,19223,19734,961,892,2552,2416,2612,2826,2837,2867,6355,7056,7198,3728,1090,375,True
3304755,São Francisco de Itabapoana,RJ,Rio de Janeiro,3304,Campos dos Goytacazes,330010,Campos dos Goytacazes,45009,22376,22633,1265,1213,2976,3036,3054,3159,3106,3271,6705,7017,8836,2754,502,144,True
3304904,São Gonçalo,RJ,Rio de Janeiro,3301,Rio de Janeiro,330001,Rio de Janeiro,896568,421384,475184,21380,21191,60410,65229,63109,70565,65872,73686,128609,165652,128617,127150,43199,11679,True
3305000,São João da Barra,RJ,Rio de Janeiro,3304,Campos dos Goytacazes,330010,Campos dos Goytacazes,36535,17795,18740,863,859,2234,2389,2499,2733,2777,2903,5652,6191,5780,3209,860,314,True
3305109,São João de Meriti,RJ,Rio de Janeiro,3301,Rio de Janeiro,330001,Rio de Janeiro,440949,208566,232383,11937,11427,31816,34640,30877,34491,30267,33716,58210,74679,62161,58012,16707,3569,True
3305133,São José de Ubá,RJ,Rio de Janeiro,3304,Campos dos Goytacazes,330011,Itaperuna,7068,3465,3603,163,169,433,462,441,477,518,561,1267,1252,1461,573,136,41,True
3305158,São José do Vale do Rio Preto,RJ,Rio de Janeiro,3303,Petrópolis,330007,Petrópolis,22078,10885,11193,596,592,1729,1710,1564,1625,1522,1633,3140,3358,3561,2142,475,135,True
3305208,São Pedro da Aldeia,RJ,Rio de Janeiro,3305,Macaé - Rio das Ostras - Cabo Frio,330013,Cabo Frio,103970,50344,53626,2813,2688,6881,7289,7076,7962,7791,8461,14349,16321,11089,10128,3876,1581,True
3305307,São Sebastião do Alto,RJ,Rio de Janeiro,3303,Petrópolis,330008,Nova Friburgo,7750,3820,3930,184,178,436,443,470,507,556,556,1379,1482,1669,744,177,66,True
3305406,Sapucaia,RJ,Rio de Janeiro,3303,Petrópolis,330009,Três Rios - Paraíba do Sul,17720,8710,9010,478,456,1169,1168,1188,1261,1249,1230,2884,3223,2639,1906,603,143,True
3305505,Saquarema,RJ,Rio de Janeiro,3301,Rio de Janeiro,330001,Rio de Janeiro,89459,43358,46101,2320,2109,5471,5628,5713,6254,5898,6616,14749,16835,10061,8037,2758,1083,True
3305554,Seropédica,RJ,Rio de Janeiro,3301,Rio de Janeiro,330001,Rio de Janeiro,80204,38580,41624,2287,2238,5963,6448,5379,6035,5435,5933,10519,12309,10743,8767,2840,877,True
3305604,Silva Jardim,RJ,Rio de Janeiro,3301,Rio de Janeiro,330003,Rio Bonito,21340,10533,10807,617,573,1462,1540,1364,1533,1453,1567,3072,3255,3534,1949,539,162,True
3305703,Sumidouro,RJ,Rio de Janeiro,3303,Petrópolis,330008,Nova Friburgo,15206,7741,7465,394,365,1086,1083,1147,1138,1142,1138,2259,2229,3051,1380,328,103,True
3305752,Tanguá,RJ,Rio de Janeiro,3301,Rio de Janeiro,330001,Rio de Janeiro,31077,15132,15945,855,789,2088,2397,2096,2224,2383,2484,4359,4737,5248,3179,565,128,True
3305802,Teresópolis,RJ,Rio de Janeiro,3303,Petrópolis,330007,Petrópolis,165005,78409,86596,4435,4237,11664,11903,11226,12249,11484,12663,23554,29873,21115,19031,6856,4106,True
3305901,Trajano de Moraes,RJ,Rio de Janeiro,3303,Petrópolis,330008,Nova Friburgo,10295,5195,5100,289,230,607,609,651,691,747,723,1815,1818,1862,953,271,110,True
3306008,Três Rios,RJ,Rio de Janeiro,3303,Petrópolis,330009,Três Rios - Paraíba do Sul,78245,37013,41232,2066,2015,5314,5760,5244,5905,5230,5922,11032,13879,9476,9440,3269,1288,True
3306107,Valença,RJ,Rio de Janeiro,3302,Volta Redonda - Barra Mansa,330006,Valença,67843,32042,35801,1850,1806,4492,4596,4046,4585,4181,4789,10450,13217,10472,8184,2798,1122,True
3306156,Varre-Sai,RJ,Rio de Janeiro,3304,Campos dos Goytacazes,330011,Itaperuna,10207,5224,4983,412,316,692,741,745,704,732,702,1414,1425,1693,860,199,47,True
3306206,Vassouras,RJ,Rio de Janeiro,3302,Volta Redonda - Barra Mansa,330006,Valença,33918,15921,17997,932,913,2240,2407,2123,2489,2304,2508,4835,6244,4655,3916,1233,620,True
3306305,Volta Redonda,RJ,Rio de Janeiro,3302,Volta Redonda - Barra Mansa,330004,Volta Redonda - Barra Mansa,261388,122769,138619,6411,6179,17872,18459,17731,19565,17524,20258,39319,51068,25724,33488,15802,7046,True
3500105,Adamantina,SP,São Paulo,3505,Presidente Prudente,350019,Adamantina - Lucélia,34559,16632,17927,798,752,2188,2167,2547,2655,2391,2549,5750,6984,3369,4938,2033,861,True
3500204,Adolfo,SP,São Paulo,3507,São José do Rio Preto,350025,São José do Rio Preto,4351,2153,2198,116,104,285,250,300,317,263,277,724,846,400,585,146,35,True
3500303,Aguaí,SP,São Paulo,3510,Campinas,350044,São João da Boa Vista,32072,15878,16194,873,871,2426,2341,2417,2440,2262,2333,4474,5027,3883,4182,1259,348,True
3500402,Águas da Prata,SP,São Paulo,3510,Campinas,350044,São João da Boa Vista,7369,3536,3833,152,147,410,373,493,496,504,527,1380,1642,847,1089,404,127,True
3500501,Águas de Lindóia,SP,São Paulo,3510,Campinas,350048,Amparo,17930,8721,9209,454,387,1115,1060,1222,1283,1310,1438,3055,3574,1668,2510,937,298,True
3500550,Águas de Santa Bárbara,SP,São Paulo,3502,Sorocaba,350007,Avaré,7164,3571,3593,188,176,416,413,484,450,463,540,1238,1303,575,800,342,115,True
3500600,Águas de São Pedro,SP,São Paulo,3510,Campinas,350040,Piracicaba,2780,1289,1491,56,46,171,124,155,161,157,210,552,751,154,374,271,172,True
3500709,Agudos,SP,São Paulo,3503,Bauru,350009,Bauru,37614,18398,19216,984,893,2696,2630,2862,2952,2809,2923,4998,5873,3122,4595,1766,484,True
3500758,Alambari,SP,São Paulo,3502,Sorocaba,350006,Itapetininga,6141,3099,3042,172,154,436,415,475,487,431,428,906,896,634,646,180,37,True
3500808,Alfredo Marcondes,SP,São Paulo,3505,Presidente Prudente,350018,Presidente Prudente,4445,2210,2235,117,92,281,258,277,294,325,302,799,884,592,523,181,32,True
3500907,Altair,SP,São Paulo,3507,São José do Rio Preto,350025,São José do Rio Preto,3451,1752,1699,93,85,236,218,273,247,265,255,514,513,456,536,147,30,True
3501004,Altinópolis,SP,São Paulo,3508,Ribeirão Preto,350031,Ribeirão Preto,16793,8278,8515,428,404,1217,1181,1220,1272,1153,1264,2560,2780,1587,2171,798,238,True
3501103,Alto Alegre,SP,São Paulo,3506,Araçatuba,350023,Birigui - Penápolis,3831,1923,1908,74,86,199,180,255,248,290,270,783,795,555,601,150,30,True
3501152,Alumínio,SP,São Paulo,3502,Sorocaba,350003,Sorocaba,17288,8590,8698,552,511,1288,1253,1283,1382,1330,1347,2291,2353,1224,2194,1143,275,True
3501202,Álvares Florence,SP,São Paulo,3507,São José do Rio Preto,350027,Votuporanga,3911,1981,1930,97,78,210,200,220,227,269,265,852,865,641,541,118,34,True
3501301,Álvares Machado,SP,São Paulo,3505,Presidente Prudente,350018,Presidente Prudente,27255,13231,14024,697,716,1961,1992,1963,2019,1870,1989,3945,4513,2986,3081,936,279,True
3501400,Álvaro de Carvalho,SP,São Paulo,3504,Marília,350013,Marília,4808,3229,1579,94,74,703,203,928,213,593,235,568,506,454,391,121,22,True
3501509,Alvinlândia,SP,São Paulo,3504,Marília,350013,Marília,2885,1427,1458,74,86,224,193,175,200,215,216,436,466,383,410,88,16,True
3501608,Americana,SP,São Paulo,3510,Campinas,350038,Campinas,237194,114473,122721,5589,5503,16250,16011,19259,19613,17776,19000,34558,42014,10923,27457,19252,8749,True
3501707,Américo Brasiliense,SP,São Paulo,3509,Araraquara,350036,Araraquara,33000,16301,16699,934,906,2649,2553,2500,2586,2599,2707,4227,4592,2883,4924,1825,338,True
3501806,Américo de Campos,SP,São Paulo,3507,São José do Rio Preto,350027,Votuporanga,5870,2853,3017,127,139,390,378,374,380,398,441,1077,1179,815,815,257,72,True
3501905,Amparo,SP,São Paulo,3510,Campinas,350048,Amparo,67931,33020,34911,1625,1552,4608,4470,5411,5488,5251,5315,10248,12242,4274,9309,4907,1797,True
3502002,Analândia,SP,São Paulo,3510,Campinas,350046,Rio Claro,4589,2305,2284,108,124,305,284,336,348,334,349,701,715,455,612,218,75,True
3502101,Andradina,SP,São Paulo,3506,Araçatuba,350024,Andradina,58018,27936,30082,1389,1391,3811,3860,4123,4307,4090,4343,8849,10980,5831,7608,3065,1132,True
3502200,Angatuba,SP,São Paulo,3502,Sorocaba,350006,Itapetininga,24003,12040,11963,624,651,1736,1640,1751,1783,1681,1691,3639,3657,2963,2984,782,206,True
3502309,Anhembi,SP,São Paulo,3503,Bauru,350011,Botucatu,5651,2853,2798,193,161,374,360,351,352,410,418,856,861,759,717,187,39,True
3502408,Anhumas,SP,São Paulo,3505,Presidente Prudente,350018,Presidente Prudente,4023,1971,2052,103,108,250,260,288,279,275,279,623,702,472,491,131,24,True
3502507,Aparecida,SP,São Paulo,3511,São José dos Campos,350052,Guaratinguetá,32550,15600,16950,845,803,2273,2221,2367,2512,2328,2361,4651,6071,3303,4387,1818,633,True
3502606,Aparecida d'Oeste,SP,São Paulo,3507,São José do Rio Preto,350028,Jales,4086,2025,2061,98,92,238,239,217,227,284,302,812,893,784,534,134,31,True
3502705,Apiaí,SP,São Paulo,3502,Sorocaba,350004,Itapeva,24568,12281,12287,745,693,1822,1711,1681,1831,1755,1800,3443,3663,4009,2074,699,247,True
3502754,Araçariguama,SP,São Paulo,3502,Sorocaba,350003,Sorocaba,21505,10785,10720,677,612,1718,1674,1678,1843,1481,1518,2565,2595,1522,2217,821,261,True
3502804,Araçatuba,SP,São Paulo,3506,Araçatuba,350022,Araçatuba,199842,94957,104885,4514,4488,13322,14158,14897,15758,14567,15985,29133,36688,16448,25216,11689,5281,True
3502903,Araçoiaba da Serra,SP,São Paulo,3502,Sorocaba,350003,Sorocaba,32434,16120,16314,826,773,1941,1912,2157,2272,2419,2580,5729,5826,2675,3559,1322,693,True
3503000,Aramina,SP,São Paulo,3508,Ribeirão Preto,350035,Ituverava,5419,2639,2780,134,126,328,336,373,432,354,372,891,980,528,749,268,68,True
3503109,Arandu,SP,São Paulo,3502,Sorocaba,350007,Avaré,6865,3448,3417,185,176,499,475,488,506,473,484,1029,998,729,879,219,38,True
3503158,Arapeí,SP,São Paulo,3511,São José dos Campos,350053,Cruzeiro,2330,1148,1182,62,70,142,128,129,157,158,151,431,442,398,311,59,10,True
3503208,Araraquara,SP,São Paulo,3509,Araraquara,350036,Araraquara,241866,115934,125932,5804,5599,16940,17171,19111,20134,17950,19347,33554,42258,16015,28484,15316,7350,True
3503307,Araras,SP,São Paulo,3510,Campinas,350045,Araras,130745,63244,67501,3211,3077,9195,9123,10235,10623,9571,10223,18585,22352,8098,15735,8587,3246,True
3503356,Arco-Íris,SP,São Paulo,3504,Marília,350016,Tupã,2037,1029,1008,57,44,115,114,125,145,120,120,344,355,324,255,43,11,True
3503406,Arealva,SP,São Paulo,3503,Bauru,350009,Bauru,8120,4046,4074,193,205,485,456,491,510,550,552,1553,1589,1012,1088,346,116,True
3503505,Areias,SP,São Paulo,3511,São José dos Campos,350053,Cruzeiro,3568,1793,1775,104,103,223,240,244,237,265,262,546,572,625,301,68,17,True
3503604,Areiópolis,SP,São Paulo,3503,Bauru,350011,Botucatu,10130,5107,5023,302,298,802,757,812,784,726,738,1333,1362,902,1524,473,63,True
3503703,Ariranha,SP,São Paulo,3507,São José do Rio Preto,350026,Catanduva,7602,3776,3826,218,179,523,439,530,558,616,603,1227,1368,647,1369,531,102,True
3503802,Artur Nogueira,SP,São Paulo,3510,Campinas,350038,Campinas,51456,25339,26117,1479,1399,3976,3920,4184,4171,3699,4041,6645,7300,3600,6317,2488,779,True
3503901,Arujá,SP,São Paulo,3501,São Paulo,350001,São Paulo,86650,42049,44601,2561,2477,6689,6566,6336,7009,6338,7071,10592,12508,6403,8052,3645,2081,True
3503950,Aspásia,SP,São Paulo,3507,São José do Rio Preto,350028,Jales,1842,917,925,46,45,97,107,110,111,123,134,364,364,279,254,46,8,True
3504008,Assis,SP,São Paulo,3504,Marília,350014,Assis,101367,48806,52561,2452,2399,7209,6991,7660,7776,7300,7919,14495,18271,8981,12858,5955,2636,True
3504107,Atibaia,SP,São Paulo,3510,Campinas,350041,Bragança Paulista,158191,76516,81675,3927,3783,10533,10414,12119,12743,12170,12859,21868,26307,9060,15319,8016,4738,True
3504206,Auriflama,SP,São Paulo,3506,Araçatuba,350022,Araçatuba,13692,6753,6939,334,320,861,835,982,965,952,1088,2365,2584,1600,2186,664,205,True
3504305,Avaí,SP,São Paulo,3503,Bauru,350009,Bauru,4455,2211,2244,112,104,317,298,312,324,305,295,684,720,716,577,158,41,True
3504404,Avanhandava,SP,São Paulo,3506,Araçatuba,350023,Birigui - Penápolis,10014,4956,5058,311,269,725,730,763,723,680,687,1353,1555,1143,1362,408,86,True
3504503,Avaré,SP,São Paulo,3502,Sorocaba,350007,Avaré,91318,44514,46804,2473,2324,6317,6267,6877,7261,6735,7033,12429,14841,7790,11081,4858,1892,True
3504602,Bady Bassitt,SP,São Paulo,3507,São José do Rio Preto,350025,São José do Rio Preto,27258,13368,13890,638,624,2001,2101,2509,2545,2102,2186,3194,3633,1102,2163,1043,244,True
3504701,Balbinos,SP,São Paulo,3503,Bauru,350009,Bauru,1362,651,711,37,40,73,65,87,125,88,89,241,263,180,208,61,14,True
3504800,Bálsamo,SP,São Paulo,3507,São José do Rio Preto,350025,São José do Rio Preto,9596,4678,4918,239,214,651,613,694,726,698,745,1526,1796,818,1246,526,130,True
3504909,Bananal,SP,São Paulo,3511,São José dos Campos,350053,Cruzeiro,9969,4837,5132,293,256,651,645,666,713,688,744,1512,1833,1584,1149,318,142,True
3505005,Barão de Antonina,SP,São Paulo,3502,Sorocaba,350004,Itapeva,3531,1763,1768,102,94,238,217,221,247,232,233,574,569,558,349,78,21,True
3505104,Barbosa,SP,São Paulo,3506,Araçatuba,350023,Birigui - Penápolis,5633,2742,2891,160,151,395,388,389,385,341,384,834,970,833,905,207,45,True
3505203,Bariri,SP,São Paulo,3503,Bauru,350010,Jaú,31581,15475,16106,800,774,2269,2125,2291,2295,2211,2252,4808,5672,2659,4760,1942,488,True
3505302,Barra Bonita,SP,São Paulo,3503,Bauru,350010,Jaú,34337,16529,17808,754,758,2048,2116,2504,2632,2684,2849,5715,6706,2757,5092,2448,708,True
3505351,Barra do Chapéu,SP,São Paulo,3502,Sorocaba,350004,Itapeva,5179,2683,2496,171,164,408,351,369,346,397,359,756,663,1042,331,60,23,True
3505401,Barra do Turvo,SP,São Paulo,3502,Sorocaba,350005,Registro,6842,3465,3377,245,168,328,363,414,448,447,472,1095,1037,1433,622,148,35,True
3505500,Barretos,SP,São Paulo,3508,Ribeirão Preto,350032,Barretos,122282,58655,63627,2982,2865,8629,8795,9801,10460,8996,9554,16440,20756,9714,15440,7306,2907,True
3505609,Barrinha,SP,São Paulo,3508,Ribeirão Preto,350031,Ribeirão Preto,32092,15824,16268,1035,909,2526,2579,2637,2820,2379,2425,3510,3954,2658,3860,1380,242,True
3505708,Barueri,SP,São Paulo,3501,São Paulo,350001,São Paulo,316424,151033,165391,9067,8832,23013,24042,26067,29396,25750,28766,32744,39910,21017,27726,11762,7792,True
3505807,Bastos,SP,São Paulo,3504,Marília,350016,Tupã,21481,10498,10983,578,593,1545,1445,1450,1511,1490,1517,3339,3822,2166,3129,719,171,True
3505906,Batatais,SP,São Paulo,3508,Ribeirão Preto,350031,Ribeirão Preto,58319,28319,30000,1493,1458,4110,4127,4431,4431,4079,4253,8660,10427,4707,7736,3625,1249,True
3506003,Bauru,SP,São Paulo,3503,Bauru,350009,Bauru,375805,180066,195739,9758,9470,28682,27830,28716,29543,27116,29456,50084,64540,25484,44505,24372,12672,True
3506102,Bebedouro,SP,São Paulo,3508,Ribeirão Preto,350032,Barretos,76295,36934,39361,1869,1743,5080,5180,5676,6026,5622,5912,11283,13588,7131,10606,4030,1584,True
3506201,Bento de Abreu,SP,São Paulo,3506,Araçatuba,350022,Araçatuba,2606,1304,1302,62,57,169,178,198,180,183,192,380,416,273,396,144,30,True
3506300,Bernardino de Campos,SP,São Paulo,3504,Marília,350015,Ourinhos,10568,5100,5468,250,265,703,691,740,728,704,722,1683,2046,1331,1565,426,123,True
3506359,Bertioga,SP,São Paulo,3501,São Paulo,350002,Santos,64053,31878,32175,1963,1829,4854,4863,4911,5145,4801,4990,7491,7922,4556,6348,2382,726,True
3506409,Bilac,SP,São Paulo,3506,Araçatuba,350023,Birigui - Penápolis,7319,3598,3721,164,172,475,434,501,524,549,541,1237,1417,688,1147,405,121,True
3506508,Birigui,SP,São Paulo,3506,Araçatuba,350023,Birigui - Penápolis,118676,57262,61414,2879,2817,8021,8097,8686,9332,8912,9627,17268,20676,8653,18132,6274,1873,True
3506607,Biritiba Mirim,SP,São Paulo,3501,São Paulo,350001,São Paulo,29661,14764,14897,911,849,2229,2116,2098,2160,2051,2085,4244,4555,3675,3204,930,266,True
3506706,Boa Esperança do Sul,SP,São Paulo,3509,Araraquara,350036,Araraquara,12978,6389,6589,349,353,958,986,942,935,932,956,1749,1976,1560,1869,480,129,True
3506805,Bocaina,SP,São Paulo,3503,Bauru,350010,Jaú,11248,5500,5748,293,282,776,795,855,852,841,897,1598,1811,769,1614,724,156,True
3506904,Bofete,SP,São Paulo,3503,Bauru,350011,Botucatu,10457,5322,5135,291,283,650,627,668,639,735,739,1856,1845,1313,1261,313,83,True
3507001,Boituva,SP,São Paulo,3502,Sorocaba,350003,Sorocaba,61061,30064,30997,1596,1584,4403,4317,4951,5203,4674,4753,7916,8962,3867,6397,2994,1078,True
3507100,Bom Jesus dos Perdões,SP,São Paulo,3510,Campinas,350041,Bragança Paulista,21968,10867,11101,627,575,1719,1528,1740,1820,1678,1661,2743,3183,1880,2702,948,278,True
3507159,Bom Sucesso de Itararé,SP,São Paulo,3502,Sorocaba,350004,Itapeva,3544,1810,1734,127,124,294,296,241,262,246,254,448,380,601,305,52,11,True
3507209,Borá,SP,São Paulo,3504,Marília,350014,Assis,907,459,448,25,15,42,44,66,61,60,62,150,149,72,117,40,5,True
3507308,Boracéia,SP,São Paulo,3503,Bauru,350010,Jaú,4715,2393,2322,134,129,369,312,386,371,303,312,630,702,320,619,224,54,True
3507407,Borborema,SP,São Paulo,3509,Araraquara,350036,Araraquara,14215,7036,7179,373,353,895,853,959,976,1034,1088,2489,2672,1753,2121,628,169,True
3507456,Borebi,SP,São Paulo,3503,Bauru,350009,Bauru,2713,1331,1382,97,84,192,173,184,219,184,197,329,377,246,351,67,16,True
3507506,Botucatu,SP,São Paulo,3503,Bauru,350011,Botucatu,144987,69713,75274,3904,3756,10476,10874,11059,11886,10470,11181,19438,24084,9833,16435,9097,4617,True
3507605,Bragança Paulista,SP,São Paulo,3510,Campinas,350041,Bragança Paulista,176453,85459,90994,4496,4331,12882,12942,13810,14763,13426,14255,24010,28462,11134,18664,9170,4109,True
3507704,Braúna,SP,São Paulo,3506,Araçatuba,350023,Birigui - Penápolis,5356,2629,2727,143,140,375,364,357,359,347,390,861,929,488,770,238,73,True
3507753,Brejo Alegre,SP,São Paulo,3506,Araçatuba,350023,Birigui - Penápolis,2565,1291,1274,68,64,168,153,156,169,211,220,437,440,305,401,78,14,True
3507803,Brodowski,SP,São Paulo,3508,Ribeirão Preto,350031,Ribeirão Preto,25201,12356,12845,686,640,1846,1813,1980,2019,1759,1871,3542,4025,1675,2818,1291,366,True
3507902,Brotas,SP,São Paulo,3503,Bauru,350010,Jaú,23873,11592,12281,665,648,1605,1606,1720,1829,1740,1815,3551,4048,2002,3114,1166,311,True
3508009,Buri,SP,São Paulo,3502,Sorocaba,350004,Itapeva,20250,10161,10089,673,659,1543,1487,1521,1572,1386,1347,2503,2544,3044,1664,366,125,True
3508108,Buritama,SP,São Paulo,3506,Araçatuba,350023,Birigui - Penápolis,17203,8349,8854,417,409,1022,1013,1129,1212,1177,1233,2964,3319,1896,2184,772,237,True
3508207,Buritizal,SP,São Paulo,3508,Ribeirão Preto,350035,Ituverava,4356,2130,2226,110,121,282,254,302,321,340,349,672,768,498,554,219,76,True
3508306,Cabrália Paulista,SP,São Paulo,3503,Bauru,350009,Bauru,4299,2176,2123,129,111,311,297,330,301,301,309,638,681,581,573,121,34,True
3508405,Cabreúva,SP,São Paulo,3510,Campinas,350039,Jundiaí,46993,23268,23725,1429,1385,3796,3809,3725,3907,3428,3506,5504,6013,3225,5576,2182,545,True
3508504,Caçapava,SP,São Paulo,3511,São José dos Campos,350049,São José dos Campos,96189,47074,49115,2523,2349,6505,6537,7379,7748,7268,7573,13354,15380,6509,10039,5350,2258,True
3508603,Cachoeira Paulista,SP,São Paulo,3511,São José dos Campos,350053,Cruzeiro,31562,15237,16322,839,851,2092,2061,2218,2278,2281,2524,4472,5447,3158,3479,1507,590,True
3508702,Caconde,SP,São Paulo,3510,Campinas,350047,São José do Rio Pardo - Mococa,17093,8490,8603,467,485,1145,1177,1105,1125,1143,1184,2955,3082,2885,1966,580,188,True
3508801,Cafelândia,SP,São Paulo,3503,Bauru,350012,Lins,16629,8035,8594,418,448,1054,1037,1189,1207,1180,1241,2480,2962,1955,2242,699,251,True
3508900,Caiabu,SP,São Paulo,3505,Presidente Prudente,350018,Presidente Prudente,3712,1854,1858,90,76,220,219,259,266,250,232,692,714,574,624,134,19,True
3509007,Caieiras,SP,São Paulo,3501,São Paulo,350001,São Paulo,94960,45959,49001,2766,2643,7108,7187,6999,7603,6918,7713,12071,14255,6628,10609,5285,1959,True
3509106,Caiuá,SP,São Paulo,3505,Presidente Prudente,350021,Presidente Epitácio-Presidente Venceslau,4307,2138,2169,137,120,238,224,264,285,270,300,840,862,879,553,117,24,True
3509205,Cajamar,SP,São Paulo,3501,São Paulo,350001,São Paulo,92654,45402,47252,2640,2582,7337,7299,8143,8703,7340,7828,9135,10420,5913,8139,3140,816,True
3509254,Cajati,SP,São Paulo,3502,Sorocaba,350005,Registro,28492,14324,14168,889,856,2148,2047,1995,2073,2105,2056,3763,3765,4374,2942,644,149,True
3509304,Cajobi,SP,São Paulo,3508,Ribeirão Preto,350032,Barretos,9133,4526,4607,252,230,602,571,714,645,663,654,1488,1700,986,1503,466,104,True
3509403,Cajuru,SP,São Paulo,3508,Ribeirão Preto,350031,Ribeirão Preto,23795,11830,11965,676,638,1709,1746,1816,1792,1638,1702,3420,3759,2564,3053,962,260,True
3509452,Campina do Monte Alegre,SP,São Paulo,3502,Sorocaba,350006,Itapetininga,5954,3002,2952,160,154,421,419,434,411,434,425,912,931,917,642,158,22,True
3509502,Campinas,SP,São Paulo,3510,Campinas,350038,Campinas,1138106,542527,595579,27771,26641,84897,85516,88291,93496,82705,91512,153765,198312,66433,123604,81657,61126,True
3509601,Campo Limpo Paulista,SP,São Paulo,3510,Campinas,350039,Jundiaí,77625,37879,39746,2162,2075,5793,5536,5765,6064,5620,6082,10135,11967,5633,9296,4916,1464,True
3509700,Campos do Jordão,SP,São Paulo,3511,São José dos Campos,350050,Taubaté - Pindamonhangaba,46655,22739,23916,1325,1299,3604,3438,3453,3616,3364,3636,5880,7040,4855,6420,1939,587,True
3509809,Campos Novos Paulista,SP,São Paulo,3504,Marília,350013,Marília,4882,2461,2421,149,121,376,330,332,320,345,345,743,781,746,554,126,30,True
3509908,Cananéia,SP,São Paulo,3502,Sorocaba,350005,Registro,12210,5964,6245,362,355,778,788,769,844,900,881,1822,1991,1747,1276,395,114,True
3509957,Canas,SP,São Paulo,3511,São José dos Campos,350052,Guaratinguetá,4931,2465,2466,138,143,381,377,370,376,340,358,621,631,566,474,116,26,True
3510005,Cândido Mota,SP,São Paulo,3504,Marília,350014,Assis,29449,14309,15140,730,702,1923,1891,2118,2231,2019,2070,4652,5417,3746,3908,1278,396,True
3510104,Cândido Rodrigues,SP,São Paulo,3509,Araraquara,350036,Araraquara,2889,1436,1453,76,62,181,175,204,224,206,200,539,584,243,460,137,20,True
3510153,Canitar,SP,São Paulo,3504,Marília,350015,Ourinhos,6283,3087,3196,197,206,589,554,448,506,452,465,663,675,466,577,134,20,True
3510203,Capão Bonito,SP,São Paulo,3502,Sorocaba,350004,Itapeva,46319,22945,23374,1530,1360,3426,3361,3325,3522,3467,3461,6204,6865,6680,4641,1393,435,True
3510302,Capela do Alto,SP,São Paulo,3502,Sorocaba,350003,Sorocaba,20644,10313,10331,552,611,1534,1536,1522,1511,1498,1438,2892,2890,2289,2196,524,101,True
3510401,Capivari,SP,São Paulo,3510,Campinas,350040,Piracicaba,50054,24535,25519,1416,1347,3593,3645,3869,3943,3643,3867,6848,7709,3343,6382,3009,913,True
3510500,Caraguatatuba,SP,São Paulo,3511,São José dos Campos,350051,Caraguatatuba - Ubatuba - São Sebastião,134309,65013,69296,3688,3676,9025,9348,9752,10507,9752,10787,17872,20661,10662,12950,5112,1846,True
3510609,Carapicuíba,SP,São Paulo,3501,São Paulo,350001,São Paulo,386916,185904,201012,11594,11062,29969,30457,29839,31967,28275,31828,43737,55001,32047,45408,18500,5022,True
3510708,Cardoso,SP,São Paulo,3507,São José do Rio Preto,350027,Votuporanga,11345,5543,5802,315,259,615,608,719,778,782,803,2116,2355,1957,1505,404,119,True
3510807,Casa Branca,SP,São Paulo,3510,Campinas,350044,São João da Boa Vista,26583,13057,13526,732,663,1814,1736,1876,2003,1895,1963,4030,4643,2782,3440,1425,458,True
3510906,Cássia dos Coqueiros,SP,São Paulo,3508,Ribeirão Preto,350031,Ribeirão Preto,2799,1431,1368,71,66,169,168,189,189,202,194,552,531,379,338,81,27,True
3511003,Castilho,SP,São Paulo,3506,Araçatuba,350024,Andradina,19977,9844,10133,544,485,1308,1229,1301,1412,1422,1548,3174,3386,2429,2030,651,182,True
3511102,Catanduva,SP,São Paulo,3507,São José do Rio Preto,350026,Catanduva,115626,55377,60249,2701,2582,7510,7706,8777,9118,8608,9027,17189,21570,8937,16630,7846,3019,True
3511201,Catiguá,SP,São Paulo,3507,São José do Rio Preto,350026,Catanduva,7003,3487,3516,186,183,441,432,549,555,530,545,1091,1151,564,1131,414,108,True
3511300,Cedral,SP,São Paulo,3507,São José do Rio Preto,350025,São José do Rio Preto,12618,6222,6396,315,311,828,821,1046,1086,995,976,1787,1976,732,1128,508,175,True
3511409,Cerqueira César,SP,São Paulo,3502,Sorocaba,350007,Avaré,20272,10052,10220,608,590,1396,1370,1593,1560,1380,1456,2872,3124,1977,2374,862,216,True
3511508,Cerquilho,SP,São Paulo,3502,Sorocaba,350003,Sorocaba,44695,21767,22928,1100,1097,3165,3034,3513,3666,3505,3584,6199,7318,2199,5887,3066,910,True
3511607,Cesário Lange,SP,São Paulo,3502,Sorocaba,350008,Tatuí,17939,9024,8915,501,488,1294,1275,1392,1397,1303,1266,2524,2549,1520,2030,646,156,True
3511706,Charqueada,SP,São Paulo,3510,Campinas,350040,Piracicaba,15535,7750,7785,403,378,1068,1143,1220,1238,1150,1099,2195,2332,1130,1976,945,202,True
3557204,Chavantes,SP,São Paulo,3504,Marília,350015,Ourinhos,12211,5938,6273,349,312,847,855,796,832,871,886,1800,2130,1237,1727,521,160,True
3511904,Clementina,SP,São Paulo,3506,Araçatuba,350023,Birigui - Penápolis,6982,3466,3516,204,216,485,441,579,586,459,467,965,1054,609,1106,341,70,True
3512001,Colina,SP,São Paulo,3508,Ribeirão Preto,350032,Barretos,18486,8950,9536,485,476,1257,1292,1420,1411,1260,1390,2702,3146,1710,2401,801,283,True
3512100,Colômbia,SP,São Paulo,3508,Ribeirão Preto,350032,Barretos,6456,3249,3207,187,180,405,410,439,481,499,486,978,949,663,799,237,58,True
3512209,Conchal,SP,São Paulo,3510,Campinas,350045,Araras,28088,14005,14083,826,795,2297,2265,2253,2238,1971,1984,3515,3864,2271,3186,1131,277,True
3512308,Conchas,SP,São Paulo,3503,Bauru,350011,Botucatu,15211,7613,7598,429,351,967,957,1040,1084,1065,1025,2560,2749,1792,2180,760,290,True
3512407,Cordeirópolis,SP,São Paulo,3510,Campinas,350042,Limeira,24492,12078,12414,654,645,1886,1881,2046,1971,1821,1863,3060,3497,1402,2981,1442,402,True
3512506,Coroados,SP,São Paulo,3506,Araçatuba,350023,Birigui - Penápolis,5400,2670,2730,132,123,357,321,388,382,401,449,860,921,600,817,218,44,True
3512605,Coronel Macedo,SP,São Paulo,3502,Sorocaba,350007,Avaré,4280,2161,2119,113,103,285,277,275,283,300,317,763,755,941,489,114,30,True
3512704,Corumbataí,SP,São Paulo,3510,Campinas,350046,Rio Claro,4195,2097,2098,111,107,312,271,358,348,256,300,618,622,359,556,214,45,True
3512803,Cosmópolis,SP,São Paulo,3510,Campinas,350038,Campinas,59758,29326,30432,1674,1509,4360,4399,4766,4955,4499,4665,7845,8970,3917,7607,4157,1214,True
3512902,Cosmorama,SP,São Paulo,3507,São José do Rio Preto,350027,Votuporanga,8719,4339,4380,218,225,613,608,643,609,576,607,1438,1540,1076,1089,276,65,True
3513009,Cotia,SP,São Paulo,3501,São Paulo,350001,São Paulo,274163,132814,141349,7841,7437,19424,19911,22128,24190,21438,23395,30136,35986,15225,22378,10875,7433,True
3513108,Cravinhos,SP,São Paulo,3508,Ribeirão Preto,350031,Ribeirão Preto,33276,16372,16904,932,910,2426,2419,2544,2536,2493,2502,4743,5447,2313,4172,2026,583,True
3513207,Cristais Paulista,SP,São Paulo,3508,Ribeirão Preto,350033,Franca,9272,4599,4673,258,238,607,628,698,746,661,663,1387,1401,820,1047,348,103,True
3513306,Cruzália,SP,São Paulo,3504,Marília,350014,Assis,2108,1030,1078,41,45,116,124,131,129,168,142,370,450,308,348,81,22,True
3513405,Cruzeiro,SP,São Paulo,3511,São José dos Campos,350053,Cruzeiro,74956,35981,38975,1912,1903,5033,5042,5243,5587,5396,5735,10952,13469,7573,9266,4076,1470,True
3513504,Cubatão,SP,São Paulo,3501,São Paulo,350002,Santos,112396,53954,58440,3373,3328,8629,8634,8359,9127,7886,8833,13302,16366,11745,14632,5802,1699,True
3513603,Cunha,SP,São Paulo,3511,São José dos Campos,350052,Guaratinguetá,22109,11241,10868,586,535,1434,1458,1514,1520,1601,1598,3945,3832,4403,1834,469,134,True
3513702,Descalvado,SP,São Paulo,3509,Araraquara,350037,São Carlos,31747,15561,16186,822,739,2163,2073,2483,2451,2390,2375,4859,5706,2647,4332,1781,569,True
3513801,Diadema,SP,São Paulo,3501,São Paulo,350001,São Paulo,392606,187009,205597,11030,10925,30097,30755,31434,33815,29502,33447,45633,58886,36462,48737,19249,5158,True
3513850,Dirce Reis,SP,São Paulo,3507,São José do Rio Preto,350028,Jales,1620,828,792,39,39,84,75,104,100,125,111,313,328,263,257,50,6,True
3513900,Divinolândia,SP,São Paulo,3510,Campinas,350047,São José do Rio Pardo - Mococa,11014,5451,5563,220,262,698,710,800,825,796,807,2001,2084,1530,1407,453,138,True
3514007,Dobrada,SP,São Paulo,3509,Araraquara,350036,Araraquara,8759,4354,4405,241,251,696,675,818,757,646,618,1001,1127,780,1218,323,74,True
3514106,Dois Córregos,SP,São Paulo,3503,Bauru,350010,Jaú,24488,12070,12418,694,618,1500,1594,1860,1867,1782,1809,3532,3989,2367,3499,1300,341,True
3514205,Dolcinópolis,SP,São Paulo,3507,São José do Rio Preto,350028,Jales,2207,1109,1098,72,52,141,116,136,142,149,165,408,419,281,345,86,11,True
3514304,Dourado,SP,São Paulo,3509,Araraquara,350037,São Carlos,8096,3997,4099,210,173,567,503,579,605,584,641,1377,1513,847,1359,450,97,True
3514403,Dracena,SP,São Paulo,3505,Presidente Prudente,350020,Dracena,44398,21227,23171,1059,937,2733,2782,3167,3280,3164,3480,7187,8901,4233,6205,2660,1010,True
3514502,Duartina,SP,São Paulo,3503,Bauru,350009,Bauru,12328,6021,6307,278,289,815,719,814,871,871,914,2148,2432,1549,1640,563,195,True
3514601,Dumont,SP,São Paulo,3508,Ribeirão Preto,350031,Ribeirão Preto,9471,4710,4761,262,267,787,773,786,861,691,710,1195,1297,574,1068,502,140,True
3514700,Echaporã,SP,São Paulo,3504,Marília,350013,Marília,6205,3055,3150,137,151,430,418,442,418,394,410,973,1102,882,799,231,73,True
3514809,Eldorado,SP,São Paulo,3502,Sorocaba,350005,Registro,13039,6536,6503,428,396,832,855,814,880,889,886,1874,1845,2496,1137,350,89,True
3514908,Elias Fausto,SP,São Paulo,3510,Campinas,350038,Campinas,17691,8876,8815,510,470,1413,1262,1324,1366,1288,1306,2399,2533,1324,2020,704,137,True
3514924,Elisiário,SP,São Paulo,3507,São José do Rio Preto,350026,Catanduva,3138,1591,1547,76,64,208,193,233,242,261,237,518,515,265,512,183,28,True
3514957,Embaúba,SP,São Paulo,3507,São José do Rio Preto,350026,Catanduva,2323,1191,1132,68,57,121,120,180,172,166,171,428,437,214,384,166,30,True
3515004,Embu das Artes,SP,São Paulo,3501,São Paulo,350001,São Paulo,250619,120592,130027,7605,7466,20101,20052,19573,21042,18210,20498,26099,33369,23671,29119,9012,2036,True
3515103,Embu-Guaçu,SP,São Paulo,3501,São Paulo,350001,São Paulo,66915,32905,34010,2027,1870,4952,4962,4776,5162,5039,5272,8369,9585,6826,7023,2493,760,True
3515129,Emilianópolis,SP,São Paulo,3505,Presidente Prudente,350018,Presidente Prudente,3014,1492,1522,87,77,162,167,180,185,205,202,587,613,431,439,116,20,True
3515152,Engenheiro Coelho,SP,São Paulo,3510,Campinas,350042,Limeira,19566,9814,9752,623,610,1867,1831,1701,1684,1285,1268,2105,2237,1559,1929,717,295,True
3515186,Espírito Santo do Pinhal,SP,São Paulo,3510,Campinas,350044,São João da Boa Vista,39804,19286,20518,950,914,2793,2773,2759,2942,2943,3024,6421,7634,3410,5830,2587,894,True
3515194,Espírito Santo do Turvo,SP,São Paulo,3504,Marília,350015,Ourinhos,4157,2068,2089,119,116,329,340,333,305,282,288,511,562,464,650,133,20,True
3557303,Estiva Gerbi,SP,São Paulo,3510,Campinas,350043,Mogi Guaçu,11295,5647,5648,285,303,788,757,953,944,841,797,1595,1701,774,1441,538,104,True
3515301,Estrela do Norte,SP,São Paulo,3505,Presidente Prudente,350018,Presidente Prudente,2703,1325,1378,77,63,169,153,194,208,159,180,435,470,325,324,110,27,True
3515202,Estrela d'Oeste,SP,São Paulo,3507,São José do Rio Preto,350029,Fernandópolis,9417,4792,4625,261,217,693,658,711,650,723,675,1539,1628,918,1169,402,114,True
3515350,Euclides da Cunha Paulista,SP,São Paulo,3505,Presidente Prudente,350018,Presidente Prudente,7924,3889,4035,242,222,442,487,497,517,546,621,1290,1393,1581,1006,217,53,True
3515400,Fartura,SP,São Paulo,3504,Marília,350017,Piraju,16593,8093,8500,401,428,1023,1080,1205,1281,1157,1195,2620,2887,1975,2023,632,179,True
3515608,Fernando Prestes,SP,São Paulo,3507,São José do Rio Preto,350026,Catanduva,5940,2903,3037,159,136,377,328,400,443,453,470,1004,1143,505,883,366,89,True
3515509,Fernandópolis,SP,São Paulo,3507,São José do Rio Preto,350029,Fernandópolis,71186,34212,36974,1708,1623,4874,4936,5211,5377,5039,5467,11097,13341,6354,9593,3961,1511,True
3515657,Fernão,SP,São Paulo,3504,Marília,350013,Marília,1656,841,815,52,52,99,104,113,121,137,121,259,268,268,171,37,14,True
3515707,Ferraz de Vasconcelos,SP,São Paulo,3501,São Paulo,350001,São Paulo,179183,86620,92563,5454,5169,14422,14510,13940,14877,12459,14107,19857,24231,17949,20278,6299,1120,True
3515806,Flora Rica,SP,São Paulo,3505,Presidente Prudente,350020,Dracena,1487,730,757,36,36,72,64,78,97,87,92,310,344,306,231,35,13,True
3515905,Floreal,SP,São Paulo,3507,São José do Rio Preto,350027,Votuporanga,2718,1320,1398,71,57,138,125,150,159,183,199,576,678,396,459,169,50,True
3516002,Flórida Paulista,SP,São Paulo,3505,Presidente Prudente,350019,Adamantina - Lucélia,11614,5747,5867,309,274,742,783,795,798,848,814,1934,2150,1410,1685,491,104,True
3516101,Florínea,SP,São Paulo,3504,Marília,350014,Assis,2762,1398,1364,81,62,155,154,184,165,190,197,476,478,435,349,83,20,True
3516200,Franca,SP,São Paulo,3508,Ribeirão Preto,350033,Franca,351593,170045,181548,9590,9250,26087,26474,26682,28191,24649,26605,47625,57514,24204,45372,19294,6884,True
3516309,Francisco Morato,SP,São Paulo,3501,São Paulo,350001,São Paulo,165139,80754,84385,5298,5096,13792,13987,12885,13702,11076,11964,17408,20495,18104,17819,4465,540,True
3516408,Franco da Rocha,SP,São Paulo,3501,São Paulo,350001,São Paulo,141939,70016,71923,4315,4094,11641,10963,11743,11847,10935,11453,15426,18303,12201,14715,5605,1259,True
3516507,Gabriel Monteiro,SP,São Paulo,3506,Araçatuba,350023,Birigui - Penápolis,2763,1384,1379,65,59,130,136,198,181,190,196,528,558,266,499,122,30,True
3516606,Gália,SP,São Paulo,3504,Marília,350013,Marília,6380,3130,3250,135,151,351,349,427,427,482,517,1126,1230,1085,933,239,67,True
3516705,Garça,SP,São Paulo,3504,Marília,350013,Marília,42110,20281,21829,1099,1055,2928,2766,2939,3066,3008,3325,6398,7781,4554,5664,2133,753,True
3516804,Gastão Vidigal,SP,São Paulo,3506,Araçatuba,350022,Araçatuba,3250,1576,1674,89,103,180,180,226,225,225,237,543,616,450,528,180,94,True
3516853,Gavião Peixoto,SP,São Paulo,3509,Araraquara,350036,Araraquara,4702,2335,2367,127,126,307,346,383,371,332,332,641,665,378,673,222,37,True
3516903,General Salgado,SP,São Paulo,3506,Araçatuba,350022,Araçatuba,10306,5076,5230,248,221,620,582,732,697,698,749,1830,2065,1285,1500,540,194,True
3517000,Getulina,SP,São Paulo,3504,Marília,350013,Marília,8975,4361,4614,222,243,622,574,561,617,655,661,1466,1647,1212,1239,381,115,True
3517109,Glicério,SP,São Paulo,3506,Araçatuba,350023,Birigui - Penápolis,4138,2030,2108,86,84,224,257,251,273,280,289,737,787,478,681,207,47,True
3517208,Guaiçara,SP,São Paulo,3503,Bauru,350012,Lins,11213,5544,5669,324,268,785,769,833,864,766,818,1520,1726,979,1634,503,92,True
3517307,Guaimbê,SP,São Paulo,3504,Marília,350013,Marília,5489,2723,2766,161,149,373,357,384,378,365,390,846,955,759,706,165,36,True
3517406,Guaíra,SP,São Paulo,3508,Ribeirão Preto,350032,Barretos,39279,19146,20133,1096,1083,2680,2731,2941,3123,2907,3058,5777,6473,3660,5259,1974,607,True
3517505,Guapiaçu,SP,São Paulo,3507,São José do Rio Preto,350025,São José do Rio Preto,21711,10759,10952,563,575,1688,1660,1724,1747,1585,1609,2982,3191,1735,2607,934,245,True
3517604,Guapiara,SP,São Paulo,3502,Sorocaba,350004,Itapeva,17071,8648,8423,511,470,1186,1107,1163,1216,1264,1179,2758,2653,3631,1251,242,46,True
3517703,Guará,SP,São Paulo,3508,Ribeirão Preto,350035,Ituverava,18606,9086,9520,583,572,1388,1416,1311,1340,1305,1406,2567,2914,2393,2489,778,241,True
3517802,Guaraçaí,SP,São Paulo,3506,Araçatuba,350024,Andradina,7441,3667,3774,169,174,416,401,464,460,533,567,1442,1592,1199,1113,360,80,True
3517901,Guaraci,SP,São Paulo,3508,Ribeirão Preto,350032,Barretos,10350,5175,5175,295,276,696,656,796,779,748,725,1613,1713,1227,1324,463,109,True
3518008,Guarani d'Oeste,SP,São Paulo,3507,São José do Rio Preto,350029,Fernandópolis,1968,981,987,48,40,109,95,118,142,146,137,362,400,351,266,63,13,True
3518107,Guarantã,SP,São Paulo,3503,Bauru,350012,Lins,6427,3175,3252,189,172,445,460,443,462,477,457,907,1002,811,843,186,66,True
3518206,Guararapes,SP,São Paulo,3506,Araçatuba,350022,Araçatuba,31010,15085,15925,778,670,1947,1885,2301,2370,2211,2320,4879,5805,3471,4365,1457,504,True
3518305,Guararema,SP,São Paulo,3501,São Paulo,350001,São Paulo,31236,15398,15838,919,827,2175,2057,2212,2395,2235,2394,4452,5083,2775,2995,1189,523,True
3518404,Guaratinguetá,SP,São Paulo,3511,São José dos Campos,350052,Guaratinguetá,118010,56526,61484,2944,2833,7876,7880,8614,9131,8583,9288,17320,21437,10037,12910,6677,3714,True
3518503,Guareí,SP,São Paulo,3502,Sorocaba,350006,Itapetininga,13485,7496,5989,362,306,1387,881,1336,821,1077,919,2068,1831,1524,1647,375,91,True
3518602,Guariba,SP,São Paulo,3508,Ribeirão Preto,350031,Ribeirão Preto,36739,18069,18670,1089,1048,2693,2693,2948,3079,2669,2808,4644,5258,3489,4719,1689,443,True
3518701,Guarujá,SP,São Paulo,3501,São Paulo,350002,Santos,287573,138097,149476,8202,8019,21646,21987,20787,22852,20391,22824,35628,43622,27205,34505,14368,4803,True
3518800,Guarulhos,SP,São Paulo,3501,São Paulo,350001,São Paulo,1286386,615813,670573,37286,35613,97778,100577,99604,108647,93852,104698,148014,186366,111794,137841,63978,25829,True
3518859,Guatapará,SP,São Paulo,3508,Ribeirão Preto,350031,Ribeirão Preto,7320,3680,3640,217,194,500,479,506,508,516,562,1132,1110,710,833,310,67,True
3518909,Guzolândia,SP,São Paulo,3506,Araçatuba,350022,Araçatuba,4246,2176,2070,131,102,274,253,300,293,313,305,703,699,740,620,113,27,True
3519006,Herculândia,SP,São Paulo,3504,Marília,350016,Tupã,9113,4472,4641,274,273,625,631,677,639,663,648,1327,1496,1357,956,233,80,True
3519055,Holambra,SP,São Paulo,3510,Campinas,350038,Campinas,15094,7486,7608,459,403,1104,1034,1143,1223,1165,1319,2000,2152,451,1539,782,536,True
3519071,Hortolândia,SP,São Paulo,3510,Campinas,350038,Campinas,232561,113260,119301,6586,6313,18371,18648,19633,20678,17162,18532,26225,31021,15278,24892,10521,2171,True
3519105,Iacanga,SP,São Paulo,3503,Bauru,350009,Bauru,10413,5159,5254,257,257,676,637,773,810,796,836,1566,1694,945,1426,531,156,True
3519204,Iacri,SP,São Paulo,3504,Marília,350016,Tupã,6123,3040,3083,164,141,390,402,422,385,419,426,1037,1154,892,893,212,65,True
3519253,Iaras,SP,São Paulo,3502,Sorocaba,350007,Avaré,7907,5319,2588,205,190,627,339,997,385,1198,374,1638,699,567,452,158,34,True
3519303,Ibaté,SP,São Paulo,3509,Araraquara,350037,São Carlos,32169,16035,16134,949,956,2513,2385,2677,2711,2406,2408,3910,4330,2791,4147,1355,239,True
3519402,Ibirá,SP,São Paulo,3507,São José do Rio Preto,350025,São José do Rio Preto,11690,5721,5969,293,277,713,739,900,851,842,860,1855,2144,1212,1615,571,179,True
3519501,Ibirarema,SP,São Paulo,3504,Marília,350015,Ourinhos,6385,3158,3227,174,186,437,396,430,429,455,454,1008,1154,832,911,246,60,True
3519600,Ibitinga,SP,São Paulo,3509,Araraquara,350036,Araraquara,59960,29408,30552,1532,1502,4310,4268,4753,4822,4486,4588,8135,9604,4418,8225,2877,660,True
3519709,Ibiúna,SP,São Paulo,3502,Sorocaba,350003,Sorocaba,75568,37892,37676,2203,1978,5307,5040,5384,5588,5511,5590,10963,11342,9379,8103,2443,741,True
3519808,Icém,SP,São Paulo,3507,São José do Rio Preto,350025,São José do Rio Preto,6927,3420,3507,201,167,454,447,476,516,521,517,1079,1208,815,992,347,123,True
3519907,Iepê,SP,São Paulo,3505,Presidente Prudente,350018,Presidente Prudente,7619,3695,3924,188,194,491,479,485,517,508,540,1294,1427,1015,975,298,94,True
3520004,Igaraçu do Tietê,SP,São Paulo,3503,Bauru,350010,Jaú,23086,11478,11608,629,583,1594,1503,1768,1816,1777,1784,3399,3736,2164,3324,1029,146,True
3520103,Igarapava,SP,São Paulo,3508,Ribeirão Preto,350035,Ituverava,26205,12650,13555,714,630,1679,1741,1986,2081,1837,1891,3892,4711,3006,3962,1451,426,True
3520202,Igaratá,SP,São Paulo,3511,São José dos Campos,350049,São José dos Campos,10600,5304,5296,307,275,726,719,781,760,776,735,1605,1658,1191,1094,319,87,True
3520301,Iguape,SP,São Paulo,3502,Sorocaba,350005,Registro,29041,14565,14476,877,775,1733,1641,1700,1841,2012,2069,4971,5141,4704,2736,832,265,True
3520426,Ilha Comprida,SP,São Paulo,3502,Sorocaba,350005,Registro,13397,6599,6798,334,306,637,652,726,772,846,967,2708,2881,1392,1113,324,89,True
3520442,Ilha Solteira,SP,São Paulo,3506,Araçatuba,350024,Andradina,25549,12354,13195,636,592,1720,1666,1656,1692,1802,1990,4294,5142,1728,3379,1880,961,True
3520400,Ilhabela,SP,São Paulo,3511,São José dos Campos,350051,Caraguatatuba - Ubatuba - São Sebastião,34877,17245,17632,988,942,2602,2465,2863,3138,2858,2988,4062,4407,2776,3934,1458,561,True
3520509,Indaiatuba,SP,São Paulo,3510,Campinas,350038,Campinas,255619,124827,130792,6430,5999,17673,17551,21406,22521,20581,21458,33563,39077,10268,25209,16355,7922,True
3520608,Indiana,SP,São Paulo,3505,Presidente Prudente,350018,Presidente Prudente,5090,2569,2521,121,118,359,310,367,368,370,359,815,924,605,676,257,45,True
3520707,Indiaporã,SP,São Paulo,3507,São José do Rio Preto,350029,Fernandópolis,4035,1960,2075,82,95,206,197,257,270,274,289,776,857,658,550,130,60,True
3520806,Inúbia Paulista,SP,São Paulo,3505,Presidente Prudente,350019,Adamantina - Lucélia,3598,1766,1832,90,94,224,235,247,256,260,277,633,650,449,543,141,26,True
3520905,Ipaussu,SP,São Paulo,3504,Marília,350015,Ourinhos,13691,6712,6979,425,347,957,982,956,1013,952,991,1917,2236,1496,1869,518,166,True
3521002,Iperó,SP,São Paulo,3502,Sorocaba,350003,Sorocaba,33717,16833,16884,960,969,2544,2501,2618,2659,2393,2426,4250,4456,2864,3310,1009,178,True
3521101,Ipeúna,SP,São Paulo,3510,Campinas,350046,Rio Claro,6831,3422,3409,193,188,535,539,502,506,494,493,952,991,455,798,365,120,True
3521150,Ipiguá,SP,São Paulo,3507,São José do Rio Preto,350025,São José do Rio Preto,6761,3400,3361,169,135,443,413,477,531,477,486,1051,1100,515,653,195,42,True
3521200,Iporanga,SP,São Paulo,3502,Sorocaba,350005,Registro,3993,2017,1976,131,128,218,235,278,261,278,280,518,531,735,325,82,25,True
3521309,Ipuã,SP,São Paulo,3508,Ribeirão Preto,350034,São Joaquim da Barra ¿ Orlândia,14449,7192,7257,449,428,1136,1076,1143,1126,1145,1113,1845,2075,1432,1917,629,154,True
3521408,Iracemápolis,SP,São Paulo,3510,Campinas,350042,Limeira,21957,10892,11065,615,567,1665,1580,1849,1801,1602,1724,2934,3324,1168,2644,1475,400,True
3521507,Irapuã,SP,São Paulo,3507,São José do Rio Preto,350025,São José do Rio Preto,6855,3457,3398,182,185,488,454,526,468,501,479,1056,1155,783,1058,301,73,True
3521606,Irapuru,SP,São Paulo,3505,Presidente Prudente,350020,Dracena,5879,2857,3022,176,155,302,319,361,369,414,426,1113,1279,1067,795,230,60,True
3521705,Itaberá,SP,São Paulo,3502,Sorocaba,350004,Itapeva,17978,9003,8975,486,478,1279,1283,1338,1358,1319,1327,2687,2684,3068,1658,403,145,True
3521804,Itaí,SP,São Paulo,3502,Sorocaba,350007,Avaré,24228,12110,12118,701,697,1683,1651,1724,1783,1731,1795,3453,3451,3134,2758,866,196,True
3521903,Itajobi,SP,São Paulo,3507,São José do Rio Preto,350026,Catanduva,16989,8486,8503,481,400,1295,1194,1271,1205,1182,1193,2639,2993,1451,2252,831,226,True
3522000,Itaju,SP,São Paulo,3503,Bauru,350010,Jaú,3614,1812,1802,109,87,235,238,258,256,222,254,570,574,310,500,131,22,True
3522109,Itanhaém,SP,São Paulo,3501,São Paulo,350002,Santos,112470,54088,58382,3227,3006,6673,6630,6816,7803,7581,8281,17667,21039,11149,10799,3765,1100,True
3522158,Itaoca,SP,São Paulo,3502,Sorocaba,350004,Itapeva,3422,1707,1715,100,100,211,202,214,232,262,259,569,532,640,252,56,13,True
3522208,Itapecerica da Serra,SP,São Paulo,3501,São Paulo,350001,São Paulo,158470,77375,81095,4846,4566,12348,12111,11990,12740,11697,12684,17983,21407,15248,17392,5713,1555,True
3522307,Itapetininga,SP,São Paulo,3502,Sorocaba,350006,Itapetininga,155954,76978,78976,4572,4343,12414,11413,12159,12235,11139,11508,20197,23644,13944,17523,7226,2767,True
3522406,Itapeva,SP,São Paulo,3502,Sorocaba,350004,Itapeva,89609,43977,45632,2715,2547,6908,6700,6610,7082,6332,6753,11661,13146,12342,9118,3072,1220,True
3522505,Itapevi,SP,São Paulo,3501,São Paulo,350001,São Paulo,232278,113191,119087,7187,6833,18905,19011,19060,20567,16843,18167,23498,27547,20724,23871,7142,1749,True
3522604,Itapira,SP,São Paulo,3510,Campinas,350043,Mogi Guaçu,71751,35113,36638,1774,1673,5069,5016,5525,5661,5387,5441,11005,12684,5262,9570,4425,1406,True
3522653,Itapirapuã Paulista,SP,São Paulo,3502,Sorocaba,350004,Itapeva,4306,2228,2078,162,139,382,354,333,324,307,283,544,482,833,198,52,15,True
3522703,Itápolis,SP,São Paulo,3509,Araraquara,350036,Araraquara,39463,19313,20150,973,934,2628,2591,2962,2990,2804,2948,6211,7157,4155,6026,2091,639,True
3522802,Itaporanga,SP,São Paulo,3502,Sorocaba,350004,Itapeva,14064,6905,7159,401,377,851,847,992,987,969,1050,2233,2387,2704,1364,370,124,True
3522901,Itapuí,SP,São Paulo,3503,Bauru,350010,Jaú,13659,6800,6859,400,381,1057,986,1020,1037,984,941,1795,1990,991,1793,684,138,True
3523008,Itapura,SP,São Paulo,3506,Araçatuba,350024,Andradina,3978,1991,1987,102,109,248,244,283,241,284,289,668,718,602,524,137,23,True
3523107,Itaquaquecetuba,SP,São Paulo,3501,São Paulo,350001,São Paulo,369241,180264,188977,11711,11326,30198,30068,28900,30588,25648,27957,38660,45894,36428,35406,9557,1807,True
3523206,Itararé,SP,São Paulo,3502,Sorocaba,350004,Itapeva,44362,21592,22770,1278,1304,3138,3181,3121,3363,3119,3265,6078,7138,7560,5044,1488,492,True
3523305,Itariri,SP,São Paulo,3501,São Paulo,350002,Santos,15528,7708,7820,463,466,1006,1020,1049,1092,1055,1027,2208,2327,2431,1358,352,85,True
3523404,Itatiba,SP,São Paulo,3510,Campinas,350039,Jundiaí,121555,59444,62111,3022,2904,8754,8455,9803,10211,9650,9916,16463,19437,5632,13130,7869,3480,True
3523503,Itatinga,SP,São Paulo,3503,Bauru,350011,Botucatu,18124,9164,8960,609,554,1451,1332,1453,1392,1251,1257,2344,2413,1790,2442,728,169,True
3523602,Itirapina,SP,São Paulo,3509,Araraquara,350037,São Carlos,16145,9508,6637,354,320,2117,878,2153,1005,1415,928,2005,2102,1233,1835,697,185,True
3523701,Itirapuã,SP,São Paulo,3508,Ribeirão Preto,350033,Franca,5779,2929,2850,157,190,444,412,400,383,398,396,869,867,736,629,194,38,True
3523800,Itobi,SP,São Paulo,3510,Campinas,350047,São José do Rio Pardo - Mococa,8046,4091,3955,222,187,617,576,664,620,618,559,1169,1258,814,1057,328,72,True
3523909,Itu,SP,São Paulo,3502,Sorocaba,350003,Sorocaba,167993,82011,85982,4635,4298,12436,12123,12744,13254,12532,13458,22185,26072,10147,19484,10459,5025,True
3524006,Itupeva,SP,São Paulo,3510,Campinas,350039,Jundiaí,70595,35355,35240,1959,1853,5602,5341,6097,6155,5535,5827,7761,8333,2754,5916,3067,1072,True
3524105,Ituverava,SP,São Paulo,3508,Ribeirão Preto,350035,Ituverava,37571,18144,19427,1006,997,2459,2572,2680,2730,2792,2996,5637,6844,4227,5257,2020,917,True
3524204,Jaborandi,SP,São Paulo,3508,Ribeirão Preto,350032,Barretos,6221,3083,3138,184,157,403,392,469,486,471,442,961,1064,819,887,227,56,True
3524303,Jaboticabal,SP,São Paulo,3508,Ribeirão Preto,350031,Ribeirão Preto,71757,34204,37553,1819,1747,4794,5172,5280,5644,5246,5727,10671,13055,5642,9469,4804,2356,True
3524402,Jacareí,SP,São Paulo,3511,São José dos Campos,350049,São José dos Campos,240163,115805,124358,6342,6119,16420,16697,18130,19607,17930,19665,32425,38741,17609,26570,12778,5133,True
3524501,Jaci,SP,São Paulo,3507,São José do Rio Preto,350025,São José do Rio Preto,7613,3847,3766,222,191,605,556,627,634,578,592,987,991,476,933,267,60,True
3524600,Jacupiranga,SP,São Paulo,3502,Sorocaba,350005,Registro,16097,7975,8122,501,476,1024,1069,1068,1109,1181,1179,2405,2530,2515,1851,592,153,True
3524709,Jaguariúna,SP,São Paulo,3510,Campinas,350038,Campinas,59323,28792,30531,1593,1489,4449,4616,4928,5170,4575,4955,7358,8615,2594,5707,3317,1494,True
3524808,Jales,SP,São Paulo,3507,São José do Rio Preto,350028,Jales,48720,23539,25181,1156,1064,3063,3018,3476,3545,3634,3886,8002,9628,5287,6917,2693,1032,True
3524907,Jambeiro,SP,São Paulo,3511,São José dos Campos,350049,São José dos Campos,6395,3208,3187,149,174,416,402,454,437,483,486,1027,997,542,708,281,98,True
3525003,Jandira,SP,São Paulo,3501,São Paulo,350001,São Paulo,118038,57165,60873,3322,3212,9588,9545,9377,10166,8744,9572,13294,16006,9595,14043,5496,2195,True
3525102,Jardinópolis,SP,São Paulo,3508,Ribeirão Preto,350031,Ribeirão Preto,43461,21626,21835,1287,1185,3245,3007,3242,3459,3235,3218,5724,6394,3424,4883,1870,568,True
3525201,Jarinu,SP,São Paulo,3510,Campinas,350039,Jundiaí,37525,18824,18701,1017,1003,2681,2591,3032,3198,2884,2813,4807,5001,2211,3059,1207,397,True
3525300,Jaú,SP,São Paulo,3503,Bauru,350010,Jaú,133181,64212,68969,3474,3259,8908,8891,9946,10587,9978,10691,19374,23717,8391,18617,9852,3035,True
3525409,Jeriquara,SP,São Paulo,3508,Ribeirão Preto,350033,Franca,3863,1993,1870,117,114,324,309,313,280,270,291,468,465,417,395,116,24,True
3525508,Joanópolis,SP,São Paulo,3510,Campinas,350041,Bragança Paulista,12763,6471,6292,372,303,850,695,965,971,917,918,2041,2164,1554,1633,482,139,True
3525607,João Ramalho,SP,São Paulo,3505,Presidente Prudente,350018,Presidente Prudente,4371,2171,2200,142,107,290,276,306,355,328,295,599,657,470,616,140,40,True
3525706,José Bonifácio,SP,São Paulo,3507,São José do Rio Preto,350025,São José do Rio Preto,36633,18043,18590,995,914,2699,2663,2903,2905,2661,2665,5147,5924,2678,4741,2157,631,True
3525805,Júlio Mesquita,SP,São Paulo,3504,Marília,350013,Marília,4254,2079,2175,105,115,287,333,314,277,259,303,641,710,670,528,114,31,True
3525854,Jumirim,SP,São Paulo,3502,Sorocaba,350003,Sorocaba,3045,1516,1529,100,87,237,208,224,242,215,206,398,451,210,439,146,49,True
3525904,Jundiaí,SP,São Paulo,3510,Campinas,350039,Jundiaí,442142,212742,229400,10444,10022,29330,29458,36260,38053,34329,37304,60846,74706,19772,42723,31868,20674,True
3526001,Junqueirópolis,SP,São Paulo,3505,Presidente Prudente,350020,Dracena,20447,10697,9750,486,457,1499,1132,1920,1336,1652,1420,3188,3601,2028,2455,856,268,True
3526100,Juquiá,SP,São Paulo,3502,Sorocaba,350005,Registro,17154,8585,8569,530,475,1105,1052,1032,1134,1193,1240,2798,2926,3235,1805,495,129,True
3526209,Juquitiba,SP,São Paulo,3501,São Paulo,350001,São Paulo,27376,13764,13612,799,778,1895,1813,1934,1916,1913,1967,4073,4040,4277,2697,778,196,True
3526308,Lagoinha,SP,São Paulo,3511,São José dos Campos,350050,Taubaté - Pindamonhangaba,5073,2571,2502,132,117,295,285,306,307,379,368,1036,999,962,515,125,45,True
3526407,Laranjal Paulista,SP,São Paulo,3510,Campinas,350040,Piracicaba,26244,12812,13432,691,711,1948,1859,1986,2036,1847,1923,3759,4384,1940,3770,1608,391,True
3526506,Lavínia,SP,São Paulo,3506,Araçatuba,350024,Andradina,4787,2300,2487,120,127,272,277,278,334,347,379,842,961,721,735,206,59,True
3526605,Lavrinhas,SP,São Paulo,3511,São José dos Campos,350053,Cruzeiro,7161,3558,3603,217,184,515,534,568,539,519,550,886,965,857,662,185,44,True
3526704,Leme,SP,São Paulo,3510,Campinas,350045,Araras,98077,48113,49964,2732,2591,7316,7348,8050,8137,7260,7402,12802,15031,8832,12594,4509,1395,True
3526803,Lençóis Paulista,SP,São Paulo,3503,Bauru,350009,Bauru,66401,32720,33681,1763,1713,4953,4822,5282,5359,4863,5183,9136,10090,4128,8086,4093,1328,True
3526902,Limeira,SP,São Paulo,3510,Campinas,350042,Limeira,291533,141810,149723,7616,7131,21144,20592,22853,23752,21747,23011,41400,48931,19880,36816,18312,7120,True
3527009,Lindóia,SP,São Paulo,3510,Campinas,350048,Amparo,7014,3456,3558,166,155,446,418,495,536,524,495,1102,1306,692,1040,361,104,True
3527108,Lins,SP,São Paulo,3503,Bauru,350012,Lins,74515,35670,38845,1829,1722,5290,5160,5535,5693,5245,5784,10660,13735,5790,9582,4856,1950,True
3527207,Lorena,SP,São Paulo,3511,São José dos Campos,350052,Guaratinguetá,84787,40589,44198,2339,2194,5945,6119,6282,6546,5885,6451,11686,14757,8253,9689,4454,1948,True
3527256,Lourdes,SP,São Paulo,3506,Araçatuba,350023,Birigui - Penápolis,1904,950,954,43,52,113,105,112,126,139,144,353,364,266,328,86,17,True
3527306,Louveira,SP,São Paulo,3510,Campinas,350039,Jundiaí,51830,25771,26059,1361,1339,4482,4363,4569,4774,3997,3909,5449,6059,2043,5135,2550,1023,True
3527405,Lucélia,SP,São Paulo,3505,Presidente Prudente,350019,Adamantina - Lucélia,20057,11157,8900,491,428,1491,1096,1849,1210,1969,1228,3655,3358,2199,2581,836,267,True
3527504,Lucianópolis,SP,São Paulo,3503,Bauru,350009,Bauru,2370,1192,1178,68,66,179,160,184,162,178,177,367,405,229,354,91,32,True
3527603,Luís Antônio,SP,São Paulo,3508,Ribeirão Preto,350031,Ribeirão Preto,12265,6133,6132,391,350,934,931,983,1009,903,879,1512,1608,976,1452,556,149,True
3527702,Luiziânia,SP,São Paulo,3506,Araçatuba,350023,Birigui - Penápolis,4701,2345,2356,125,125,305,316,380,349,295,296,695,798,623,694,184,34,True
3527801,Lupércio,SP,São Paulo,3504,Marília,350013,Marília,3981,1940,2041,95,116,228,231,269,279,291,283,614,696,533,601,116,42,True
3527900,Lutécia,SP,São Paulo,3504,Marília,350014,Assis,2661,1316,1345,75,45,143,159,191,203,185,176,425,478,429,345,59,28,True
3528007,Macatuba,SP,São Paulo,3503,Bauru,350009,Bauru,16820,8311,8509,452,451,1207,1180,1297,1359,1185,1192,2403,2637,1153,2257,972,209,True
3528106,Macaubal,SP,São Paulo,3507,São José do Rio Preto,350025,São José do Rio Preto,7481,3732,3749,160,203,426,432,523,484,519,521,1453,1514,1074,1122,344,98,True
3528205,Macedônia,SP,São Paulo,3507,São José do Rio Preto,350029,Fernandópolis,3946,1941,2005,105,109,210,228,241,253,299,308,726,802,516,552,128,41,True
3528304,Magda,SP,São Paulo,3506,Araçatuba,350022,Araçatuba,3165,1545,1620,62,56,192,165,195,215,237,244,602,662,454,486,133,54,True
3528403,Mairinque,SP,São Paulo,3502,Sorocaba,350003,Sorocaba,48963,24094,24869,1346,1264,3518,3361,3566,3946,3654,3757,6680,7558,3950,5635,2290,615,True
3528502,Mairiporã,SP,São Paulo,3501,São Paulo,350001,São Paulo,93718,46555,47162,2496,2410,6333,6253,6841,7125,6978,7407,13342,13959,7190,8547,3942,2397,True
3528601,Manduri,SP,São Paulo,3502,Sorocaba,350007,Avaré,9871,4891,4980,250,239,661,641,738,722,683,689,1559,1715,1015,1357,358,94,True
3528700,Marabá Paulista,SP,São Paulo,3505,Presidente Prudente,350021,Presidente Epitácio-Presidente Venceslau,3515,1796,1719,98,82,185,179,240,221,277,282,656,654,669,432,89,12,True
3528809,Maracaí,SP,São Paulo,3504,Marília,350014,Assis,12673,6257,6416,340,318,849,811,896,967,956,941,1950,2155,1571,1943,616,148,True
3528858,Marapoama,SP,São Paulo,3507,São José do Rio Preto,350026,Catanduva,3292,1668,1624,86,73,227,212,252,266,250,245,509,529,243,439,161,33,True
3528908,Mariápolis,SP,São Paulo,3505,Presidente Prudente,350019,Adamantina - Lucélia,3513,1752,1761,81,84,210,191,247,253,228,236,632,657,565,530,132,19,True
3529005,Marília,SP,São Paulo,3504,Marília,350013,Marília,237316,113693,123623,5802,5574,17041,16802,17299,18405,17324,18841,32990,41601,18751,28458,13590,6194,True
3529104,Marinópolis,SP,São Paulo,3507,São José do Rio Preto,350028,Jales,1860,932,928,55,39,105,113,125,116,135,140,363,377,312,298,64,12,True
3529203,Martinópolis,SP,São Paulo,3505,Presidente Prudente,350018,Presidente Prudente,24881,12796,12085,658,572,1990,1551,2150,1654,1769,1686,3839,4318,3243,2843,889,269,True
3529302,Matão,SP,São Paulo,3509,Araraquara,350036,Araraquara,79016,38761,40255,1962,1928,5488,5408,6231,6343,5950,6284,11799,13510,6101,10611,4572,1408,True
3529401,Mauá,SP,São Paulo,3501,São Paulo,350001,São Paulo,417806,200903,216903,11399,11063,32666,33054,33966,35998,30345,33437,50294,62105,38120,53346,22861,5436,True
3529500,Mendonça,SP,São Paulo,3507,São José do Rio Preto,350025,São José do Rio Preto,6147,3109,3038,145,136,417,383,504,493,429,427,968,1018,471,745,255,53,True
3529609,Meridiano,SP,São Paulo,3507,São José do Rio Preto,350029,Fernandópolis,4572,2245,2327,118,118,303,289,296,326,348,366,764,798,420,575,203,35,True
3529658,Mesópolis,SP,São Paulo,3507,São José do Rio Preto,350028,Jales,1952,990,962,55,41,144,119,130,140,140,149,319,316,310,248,71,11,True
3529708,Miguelópolis,SP,São Paulo,3508,Ribeirão Preto,350035,Ituverava,19421,9516,9905,546,565,1425,1406,1446,1373,1416,1459,2671,3042,2627,2626,804,255,True
3529807,Mineiros do Tietê,SP,São Paulo,3503,Bauru,350010,Jaú,11230,5571,5659,318,281,737,707,818,903,844,850,1737,1848,1081,1722,620,140,True
3530003,Mira Estrela,SP,São Paulo,3507,São José do Rio Preto,350029,Fernandópolis,3116,1555,1561,57,65,160,146,191,196,215,226,614,629,492,422,79,25,True
3529906,Miracatu,SP,São Paulo,3502,Sorocaba,350005,Registro,18541,9226,9315,544,508,1192,1167,1164,1261,1253,1291,2886,2898,3587,1682,445,135,True
3530102,Mirandópolis,SP,São Paulo,3506,Araçatuba,350024,Andradina,25456,13380,12076,597,554,1641,1267,2313,1577,2188,1776,4485,4857,2790,3297,1439,359,True
3530201,Mirante do Paranapanema,SP,São Paulo,3505,Presidente Prudente,350018,Presidente Prudente,15917,7918,7999,423,402,910,858,990,1028,1132,1107,2885,3055,2887,1809,489,123,True
3530300,Mirassol,SP,São Paulo,3507,São José do Rio Preto,350025,São José do Rio Preto,63321,30693,32628,1557,1501,4272,4154,4876,5073,4762,5037,9192,10845,4631,7962,3269,1112,True
3530409,Mirassolândia,SP,São Paulo,3507,São José do Rio Preto,350025,São José do Rio Preto,4669,2348,2321,122,114,335,301,318,337,353,323,752,760,533,601,172,40,True
3530508,Mococa,SP,São Paulo,3510,Campinas,350047,São José do Rio Pardo - Mococa,67429,32971,34458,1698,1706,4519,4362,4914,4949,4931,5092,10767,12223,6226,8918,3469,1040,True
3530607,Mogi das Cruzes,SP,São Paulo,3501,São Paulo,350001,São Paulo,451213,216954,234259,12745,12433,33053,33738,33676,36623,32438,35798,56699,69134,33473,44013,22421,11713,True
3530706,Mogi Guaçu,SP,São Paulo,3510,Campinas,350043,Mogi Guaçu,152970,74807,78163,3850,3645,10930,10914,12002,12687,11561,11604,21526,24957,10147,19116,8906,2483,True
3530805,Mogi Mirim,SP,São Paulo,3510,Campinas,350043,Mogi Guaçu,92163,44623,47540,2258,2248,6230,6080,6942,7290,6893,7125,13830,16570,6347,11303,6065,2586,True
3530904,Mombuca,SP,São Paulo,3510,Campinas,350040,Piracicaba,3722,1828,1894,101,100,253,280,280,255,229,262,502,538,334,347,149,49,True
3531001,Monções,SP,São Paulo,3506,Araçatuba,350022,Araçatuba,1936,961,975,42,48,73,73,113,113,137,144,395,417,258,335,111,33,True
3531100,Mongaguá,SP,São Paulo,3501,São Paulo,350002,Santos,61926,31495,30431,1640,1485,4635,3486,4270,3654,4186,4341,10391,11507,5668,5696,1979,513,True
3531209,Monte Alegre do Sul,SP,São Paulo,3510,Campinas,350048,Amparo,8607,4267,4340,169,187,517,499,631,631,618,646,1569,1662,627,1080,414,198,True
3531308,Monte Alto,SP,São Paulo,3508,Ribeirão Preto,350031,Ribeirão Preto,47574,23270,24304,1101,1061,3207,3044,3705,3620,3508,3611,7574,8992,3767,6954,3104,882,True
3531407,Monte Aprazível,SP,São Paulo,3507,São José do Rio Preto,350025,São José do Rio Preto,22280,10885,11395,549,546,1446,1369,1628,1755,1622,1674,3538,4164,1935,3195,1541,486,True
3531506,Monte Azul Paulista,SP,São Paulo,3508,Ribeirão Preto,350032,Barretos,18146,9079,9067,456,421,1255,1126,1418,1383,1312,1334,2969,3328,1953,2668,946,378,True
3531605,Monte Castelo,SP,São Paulo,3505,Presidente Prudente,350020,Dracena,4222,2094,2128,109,94,245,260,281,286,309,302,711,800,581,567,172,41,True
3531803,Monte Mor,SP,São Paulo,3510,Campinas,350038,Campinas,64662,31872,32790,1726,1756,4901,4842,5200,5526,5188,5191,7409,8281,4737,6200,2281,592,True
3531704,Monteiro Lobato,SP,São Paulo,3511,São José dos Campos,350049,São José dos Campos,4138,2067,2071,95,99,240,191,282,280,279,309,729,728,624,470,154,57,True
3531902,Morro Agudo,SP,São Paulo,3508,Ribeirão Preto,350034,São Joaquim da Barra ¿ Orlândia,27910,13673,14237,810,764,2019,2011,2136,2304,2022,2083,3678,4050,2928,3899,1236,361,True
3532009,Morungaba,SP,São Paulo,3510,Campinas,350039,Jundiaí,13702,6697,7005,370,375,1010,994,1035,1073,1010,1060,1857,2035,809,1669,754,207,True
3532058,Motuca,SP,São Paulo,3509,Araraquara,350036,Araraquara,4034,2040,1994,117,99,264,262,280,298,315,325,634,642,466,547,177,34,True
3532108,Murutinga do Sul,SP,São Paulo,3506,Araçatuba,350024,Andradina,3737,1853,1884,90,81,222,187,204,218,244,281,773,843,625,583,174,37,True
3532157,Nantes,SP,São Paulo,3505,Presidente Prudente,350018,Presidente Prudente,2660,1305,1355,77,73,166,185,192,203,188,182,378,413,350,392,83,11,True
3532207,Narandiba,SP,São Paulo,3505,Presidente Prudente,350018,Presidente Prudente,5705,2833,2872,151,136,410,467,413,439,412,380,718,736,602,554,115,27,True
3532306,Natividade da Serra,SP,São Paulo,3511,São José dos Campos,350050,Taubaté - Pindamonhangaba,6999,3640,3359,134,167,343,390,443,428,499,466,1469,1212,1417,620,154,34,True
3532405,Nazaré Paulista,SP,São Paulo,3510,Campinas,350041,Bragança Paulista,18204,9237,8967,499,422,1182,1122,1418,1364,1301,1297,2890,2930,2386,1915,543,127,True
3532504,Neves Paulista,SP,São Paulo,3507,São José do Rio Preto,350025,São José do Rio Preto,9699,4805,4894,214,199,555,518,712,724,719,710,1761,1925,847,1394,542,156,True
3532603,Nhandeara,SP,São Paulo,3507,São José do Rio Preto,350027,Votuporanga,9783,4733,5050,218,228,530,492,602,682,682,702,1884,2142,1282,1458,628,216,True
3532702,Nipoã,SP,São Paulo,3507,São José do Rio Preto,350025,São José do Rio Preto,4750,2434,2316,132,113,339,324,419,359,358,356,641,669,446,670,217,42,True
3532801,Nova Aliança,SP,São Paulo,3507,São José do Rio Preto,350025,São José do Rio Preto,6693,3290,3403,199,167,498,462,462,472,472,506,1007,1160,644,926,316,67,True
3532827,Nova Campina,SP,São Paulo,3502,Sorocaba,350004,Itapeva,8494,4236,4258,272,263,708,717,648,677,594,569,984,1013,1568,634,93,14,True
3532843,Nova Canaã Paulista,SP,São Paulo,3507,São José do Rio Preto,350030,Santa Fé do Sul,2032,1008,1024,46,58,96,91,110,95,139,163,458,449,339,299,72,6,True
3532868,Nova Castilho,SP,São Paulo,3506,Araçatuba,350022,Araçatuba,1062,521,541,28,28,53,65,78,82,55,72,192,175,154,162,44,15,True
3532900,Nova Europa,SP,São Paulo,3509,Araraquara,350036,Araraquara,9311,4657,4654,251,248,628,624,728,712,739,750,1304,1379,758,1429,519,85,True
3533007,Nova Granada,SP,São Paulo,3507,São José do Rio Preto,350025,São José do Rio Preto,19418,9613,9805,454,445,1371,1275,1435,1463,1393,1498,2912,3246,2070,2750,1006,270,True
3533106,Nova Guataporanga,SP,São Paulo,3505,Presidente Prudente,350020,Dracena,2156,1058,1098,53,43,129,122,127,146,152,157,381,431,333,308,88,17,True
3533205,Nova Independência,SP,São Paulo,3506,Araçatuba,350024,Andradina,4038,1968,2070,119,107,285,320,309,299,289,307,523,566,339,451,121,21,True
3533304,Nova Luzitânia,SP,São Paulo,3506,Araçatuba,350022,Araçatuba,2837,1430,1407,91,75,171,158,196,196,230,218,477,508,364,528,171,34,True
3533403,Nova Odessa,SP,São Paulo,3510,Campinas,350038,Campinas,62002,30302,31700,1598,1474,4352,4288,4897,5036,4899,5209,8498,9856,3033,7181,4070,1133,True
3533254,Novais,SP,São Paulo,3507,São José do Rio Preto,350026,Catanduva,4412,2217,2195,125,125,327,335,384,374,333,289,535,559,420,686,177,45,True
3533502,Novo Horizonte,SP,São Paulo,3507,São José do Rio Preto,350025,São José do Rio Preto,38268,18842,19426,1032,909,2492,2492,2877,2885,2782,2841,5890,6667,3819,5458,2068,632,True
3533601,Nuporanga,SP,São Paulo,3508,Ribeirão Preto,350034,São Joaquim da Barra ¿ Orlândia,7386,3645,3741,190,175,491,489,571,585,495,506,1121,1251,621,954,426,119,True
3533700,Ocauçu,SP,São Paulo,3504,Marília,350013,Marília,4331,2213,2118,110,95,306,285,296,280,285,281,733,735,628,515,159,35,True
3533809,Óleo,SP,São Paulo,3502,Sorocaba,350007,Avaré,2512,1285,1227,68,51,156,160,167,131,173,173,452,471,422,350,100,28,True
3533908,Olímpia,SP,São Paulo,3508,Ribeirão Preto,350032,Barretos,55005,26709,28296,1432,1353,3745,3798,4378,4611,3921,4072,7735,9202,4547,7243,2830,1044,True
3534005,Onda Verde,SP,São Paulo,3507,São José do Rio Preto,350025,São José do Rio Preto,4771,2400,2371,144,136,342,299,375,386,347,362,649,712,357,592,193,26,True
3534104,Oriente,SP,São Paulo,3504,Marília,350013,Marília,6085,2923,3162,143,135,371,359,439,471,379,389,1018,1202,636,825,319,86,True
3534203,Orindiúva,SP,São Paulo,3507,São José do Rio Preto,350025,São José do Rio Preto,6024,3015,3009,165,151,411,393,491,557,469,472,818,797,463,909,300,82,True
3534302,Orlândia,SP,São Paulo,3508,Ribeirão Preto,350034,São Joaquim da Barra ¿ Orlândia,38318,18494,19824,987,1026,2688,2658,2828,2994,2726,2855,5660,6893,2833,5619,2426,930,True
3534401,Osasco,SP,São Paulo,3501,São Paulo,350001,São Paulo,727923,346155,381768,19692,19418,54734,55422,57640,62352,52570,59341,87282,113784,53385,76201,41399,20619,True
3534500,Oscar Bressane,SP,São Paulo,3504,Marília,350013,Marília,2465,1178,1287,61,44,106,114,145,163,164,187,465,568,381,336,103,31,True
3534609,Osvaldo Cruz,SP,São Paulo,3505,Presidente Prudente,350019,Adamantina - Lucélia,30138,14440,15698,711,698,1775,1811,2000,2110,2081,2285,5295,6241,3309,4408,1543,550,True
3534708,Ourinhos,SP,São Paulo,3504,Marília,350015,Ourinhos,103741,49289,54452,2742,2656,7009,7016,7204,7906,7288,8027,14896,18758,9819,14129,5854,2212,True
3534807,Ouro Verde,SP,São Paulo,3505,Presidente Prudente,350020,Dracena,7779,3759,4020,215,224,504,507,567,550,516,569,1116,1289,1282,965,204,38,True
3534757,Ouroeste,SP,São Paulo,3507,São José do Rio Preto,350029,Fernandópolis,10294,5072,5222,288,241,653,680,768,814,735,798,1594,1720,970,1222,430,110,True
3534906,Pacaembu,SP,São Paulo,3505,Presidente Prudente,350019,Adamantina - Lucélia,11096,6071,5025,233,215,968,526,1139,628,933,694,1890,2136,1427,1451,522,139,True
3535002,Palestina,SP,São Paulo,3507,São José do Rio Preto,350025,São José do Rio Preto,11476,5721,5755,303,264,714,710,909,850,825,819,1852,1996,1308,1657,573,133,True
3535101,Palmares Paulista,SP,São Paulo,3507,São José do Rio Preto,350026,Catanduva,9641,4835,4806,271,255,712,743,843,777,791,748,1201,1256,891,1612,551,98,True
3535200,Palmeira d'Oeste,SP,São Paulo,3507,São José do Rio Preto,350028,Jales,8903,4431,4472,232,199,502,476,514,523,627,685,1836,1912,1356,1406,369,121,True
3535309,Palmital,SP,São Paulo,3504,Marília,350014,Assis,19594,9507,10087,532,462,1239,1210,1285,1353,1426,1459,3229,3899,2688,2958,913,327,True
3535408,Panorama,SP,São Paulo,3505,Presidente Prudente,350020,Dracena,14964,7390,7574,462,412,1043,1070,1011,1048,1060,1069,2155,2335,1808,1984,600,154,True
3535507,Paraguaçu Paulista,SP,São Paulo,3504,Marília,350014,Assis,39887,19301,20586,1060,966,2629,2741,2838,2874,2777,2971,5845,7003,4829,5571,1754,576,True
3535606,Paraibuna,SP,São Paulo,3511,São José dos Campos,350049,São José dos Campos,17657,8911,8746,414,443,1173,1104,1267,1208,1208,1212,3010,3015,2300,1978,686,264,True
3535705,Paraíso,SP,São Paulo,3507,São José do Rio Preto,350026,Catanduva,6099,3080,3019,136,155,405,358,459,465,484,472,1021,1055,506,897,369,112,True
3535804,Paranapanema,SP,São Paulo,3502,Sorocaba,350007,Avaré,19392,9851,9541,574,499,1545,1451,1425,1457,1444,1432,2631,2641,2243,2313,607,207,True
3535903,Paranapuã,SP,São Paulo,3507,São José do Rio Preto,350028,Jales,4017,2008,2009,120,123,289,241,284,262,281,301,652,689,546,570,128,33,True
3536000,Parapuã,SP,São Paulo,3504,Marília,350016,Tupã,10580,5242,5338,262,250,640,629,728,678,733,749,1875,2109,1614,1414,401,111,True
3536109,Pardinho,SP,São Paulo,3503,Bauru,350011,Botucatu,7139,3623,3516,230,193,577,467,496,512,506,534,1023,1032,527,830,272,54,True
3536208,Pariquera-Açu,SP,São Paulo,3502,Sorocaba,350005,Registro,19220,9514,9706,578,531,1315,1329,1289,1395,1453,1477,2773,2961,2411,2069,668,200,True
3536257,Parisi,SP,São Paulo,3507,São José do Rio Preto,350027,Votuporanga,2892,1397,1495,72,74,172,181,203,214,194,207,505,527,246,340,101,13,True
3536307,Patrocínio Paulista,SP,São Paulo,3508,Ribeirão Preto,350033,Franca,14512,7317,7195,439,390,1083,1020,1075,1087,1026,1010,2038,2139,1470,1713,533,151,True
3536406,Paulicéia,SP,São Paulo,3505,Presidente Prudente,350020,Dracena,7955,4004,3951,214,223,542,517,557,581,548,525,1188,1182,729,885,245,41,True
3536505,Paulínia,SP,São Paulo,3510,Campinas,350038,Campinas,110500,53608,56892,3067,2913,7472,7540,8891,9809,9002,9860,13563,15655,4129,8819,6648,3903,True
3536570,Paulistânia,SP,São Paulo,3503,Bauru,350009,Bauru,2087,1044,1043,63,59,140,140,155,154,160,145,318,322,250,227,52,15,True
3536604,Paulo de Faria,SP,São Paulo,3507,São José do Rio Preto,350025,São José do Rio Preto,7185,3506,3679,188,177,447,459,493,522,513,507,1227,1360,1175,1203,310,91,True
3536703,Pederneiras,SP,São Paulo,3503,Bauru,350009,Bauru,44799,22249,22550,1272,1179,3246,3200,3406,3419,3287,3432,6377,6902,3567,5351,2403,646,True
3536802,Pedra Bela,SP,São Paulo,3510,Campinas,350041,Bragança Paulista,6557,3400,3157,185,140,411,389,543,464,511,463,1152,1142,841,745,187,33,True
3536901,Pedranópolis,SP,São Paulo,3507,São José do Rio Preto,350029,Fernandópolis,2787,1393,1394,66,73,147,119,161,170,220,221,555,584,337,422,97,17,True
3537008,Pedregulho,SP,São Paulo,3508,Ribeirão Preto,350033,Franca,15525,7778,7747,435,436,1169,1024,1163,1183,1107,1092,2270,2456,1760,2113,638,209,True
3537107,Pedreira,SP,São Paulo,3510,Campinas,350038,Campinas,43102,21107,21995,1119,1075,3187,3048,3434,3445,3264,3393,6292,7341,2746,6376,2704,700,True
3537156,Pedrinhas Paulista,SP,São Paulo,3504,Marília,350014,Assis,2804,1364,1440,79,52,173,181,199,182,174,219,509,570,300,393,137,62,True
3537206,Pedro de Toledo,SP,São Paulo,3501,São Paulo,350002,Santos,11275,5771,5504,313,300,641,642,799,810,704,728,1962,1870,1795,1016,283,65,True
3537305,Penápolis,SP,São Paulo,3506,Araçatuba,350023,Birigui - Penápolis,61615,29651,31964,1533,1429,3975,4070,4313,4528,4443,4663,9399,11401,5668,8221,3407,1153,True
3537404,Pereira Barreto,SP,São Paulo,3506,Araçatuba,350024,Andradina,24079,11661,12418,547,537,1421,1474,1692,1658,1705,1837,3957,4666,2929,3358,1173,359,True
3537503,Pereiras,SP,São Paulo,3502,Sorocaba,350008,Tatuí,8737,4380,4357,242,221,570,567,661,659,587,576,1362,1417,809,1093,345,97,True
3537602,Peruíbe,SP,São Paulo,3501,São Paulo,350002,Santos,68316,32916,35400,1922,1764,4109,4148,4235,4584,4530,5042,10862,12823,7632,7069,2562,999,True
3537701,Piacatu,SP,São Paulo,3506,Araçatuba,350023,Birigui - Penápolis,5519,2734,2785,129,107,370,349,394,424,400,390,926,1000,630,745,193,37,True
3537800,Piedade,SP,São Paulo,3502,Sorocaba,350003,Sorocaba,52963,26593,26370,1390,1306,3687,3622,3911,3988,4015,3787,8300,8634,6697,5993,1764,480,True
3537909,Pilar do Sul,SP,São Paulo,3502,Sorocaba,350003,Sorocaba,27619,13958,13661,767,733,2039,1924,1969,1990,1928,1984,4205,4257,3499,2933,866,216,True
3538006,Pindamonhangaba,SP,São Paulo,3511,São José dos Campos,350050,Taubaté - Pindamonhangaba,165214,80031,85183,4571,4359,11526,11910,12399,13433,12389,13053,21769,25495,12857,17545,8248,3357,True
3538105,Pindorama,SP,São Paulo,3507,São José do Rio Preto,350026,Catanduva,14476,7209,7267,379,325,925,858,1055,1092,1173,1090,2360,2696,1313,2271,925,225,True
3538204,Pinhalzinho,SP,São Paulo,3510,Campinas,350041,Bragança Paulista,15222,7570,7652,396,356,955,909,992,1059,1154,1109,2659,2802,1605,1878,542,133,True
3538303,Piquerobi,SP,São Paulo,3505,Presidente Prudente,350021,Presidente Epitácio-Presidente Venceslau,3264,1552,1712,85,93,195,179,214,253,219,240,554,649,628,424,97,28,True
3538501,Piquete,SP,São Paulo,3511,São José dos Campos,350052,Guaratinguetá,12472,5961,6511,346,320,747,740,838,823,795,921,2052,2612,1702,1661,722,232,True
3538600,Piracaia,SP,São Paulo,3510,Campinas,350041,Bragança Paulista,26007,12699,13308,575,595,1703,1684,1849,1958,1940,2029,4205,4655,2651,3350,1128,376,True
3538709,Piracicaba,SP,São Paulo,3510,Campinas,350040,Piracicaba,422150,203705,218445,10768,10395,30603,31075,34428,35666,31129,33575,56166,69140,21772,45040,28637,13759,True
3538808,Piraju,SP,São Paulo,3504,Marília,350017,Piraju,29420,14235,15185,804,743,1955,1882,2021,2183,1953,2177,4612,5432,3192,3993,1457,490,True
3538907,Pirajuí,SP,São Paulo,3503,Bauru,350009,Bauru,20056,10062,9994,474,489,1595,1193,1617,1446,1449,1512,3047,3574,2360,2439,1098,381,True
3539004,Pirangi,SP,São Paulo,3507,São José do Rio Preto,350026,Catanduva,10885,5428,5457,284,258,772,688,781,804,817,770,1794,2008,851,1551,722,221,True
3539103,Pirapora do Bom Jesus,SP,São Paulo,3501,São Paulo,350001,São Paulo,18347,9100,9247,607,569,1498,1494,1381,1452,1322,1427,1975,2130,1748,1722,514,131,True
3539202,Pirapozinho,SP,São Paulo,3505,Presidente Prudente,350018,Presidente Prudente,25341,12329,13012,642,615,1810,1826,1790,1840,1748,1914,3848,4472,2755,3269,1163,365,True
3539301,Pirassununga,SP,São Paulo,3509,Araraquara,350037,São Carlos,73530,35448,38082,1806,1736,4809,4869,5306,5800,5271,5617,11125,13440,5282,9227,5171,2483,True
3539400,Piratininga,SP,São Paulo,3503,Bauru,350009,Bauru,15087,7331,7756,347,353,891,899,1064,1142,1211,1323,2221,2479,940,1539,795,343,True
3539509,Pitangueiras,SP,São Paulo,3508,Ribeirão Preto,350031,Ribeirão Preto,33666,16747,16919,1031,957,2726,2565,2663,2674,2406,2469,4370,4752,3445,4682,1729,364,True
3539608,Planalto,SP,São Paulo,3507,São José do Rio Preto,350025,São José do Rio Preto,4389,2176,2213,127,126,286,280,302,325,349,339,675,708,542,636,177,36,True
3539707,Platina,SP,São Paulo,3504,Marília,350014,Assis,3025,1516,1509,86,69,195,182,217,198,209,224,478,488,478,405,97,16,True
3539806,Poá,SP,São Paulo,3501,São Paulo,350001,São Paulo,103759,49761,53998,3030,2806,7761,7886,7397,8169,7467,8375,13098,16367,9172,12540,5788,1476,True
3539905,Poloni,SP,São Paulo,3507,São José do Rio Preto,350025,São José do Rio Preto,5592,2747,2845,149,123,351,347,425,405,375,372,914,1074,554,811,330,114,True
3540002,Pompéia,SP,São Paulo,3504,Marília,350013,Marília,20192,9871,10321,509,445,1399,1242,1407,1480,1585,1671,3044,3585,1929,2538,1170,480,True
3540101,Pongaí,SP,São Paulo,3503,Bauru,350012,Lins,3395,1701,1694,86,79,223,166,232,232,258,232,626,675,496,478,159,47,True
3540200,Pontal,SP,São Paulo,3508,Ribeirão Preto,350031,Ribeirão Preto,37057,18362,18695,1114,1116,2955,2970,3022,3108,2854,2863,4262,4660,3205,5425,2097,420,True
3540259,Pontalinda,SP,São Paulo,3507,São José do Rio Preto,350028,Jales,4127,2190,1937,116,102,321,238,355,273,294,290,621,619,544,606,112,21,True
3540309,Pontes Gestal,SP,São Paulo,3507,São José do Rio Preto,350027,Votuporanga,2387,1186,1201,49,45,129,138,182,167,154,158,420,464,291,402,115,22,True
3540408,Populina,SP,São Paulo,3507,São José do Rio Preto,350028,Jales,4127,2026,2101,92,108,228,196,281,286,285,294,757,811,691,599,157,33,True
3540507,Porangaba,SP,São Paulo,3502,Sorocaba,350008,Tatuí,10451,5335,5116,269,240,596,558,643,655,678,670,2144,2038,1218,995,287,107,True
3540606,Porto Feliz,SP,São Paulo,3502,Sorocaba,350003,Sorocaba,55114,27342,27772,1468,1333,4021,3953,4259,4178,4067,4105,7950,8806,4038,6472,2814,844,True
3540705,Porto Ferreira,SP,São Paulo,3509,Araraquara,350037,São Carlos,52622,25610,27012,1494,1385,3653,3657,3892,4180,3781,4083,7761,8972,4372,7155,2964,883,True
3540754,Potim,SP,São Paulo,3511,São José dos Campos,350052,Guaratinguetá,17561,8669,8892,527,525,1383,1342,1305,1322,1280,1330,2103,2372,2002,2023,482,66,True
3540804,Potirendaba,SP,São Paulo,3507,São José do Rio Preto,350025,São José do Rio Preto,18481,9118,9363,451,467,1268,1197,1433,1367,1399,1354,2711,3156,1294,2322,1002,280,True
3540853,Pracinha,SP,São Paulo,3505,Presidente Prudente,350019,Adamantina - Lucélia,1420,688,732,45,58,104,89,88,92,95,109,243,252,262,197,32,8,True
3540903,Pradópolis,SP,São Paulo,3508,Ribeirão Preto,350031,Ribeirão Preto,17078,8440,8638,509,454,1176,1191,1418,1387,1272,1345,2304,2593,1208,2304,1136,267,True
3541000,Praia Grande,SP,São Paulo,3501,São Paulo,350002,Santos,349131,165215,183916,9601,9056,22331,23595,25335,28073,25316,28081,45507,59216,25345,34527,15192,4759,True
3541059,Pratânia,SP,São Paulo,3503,Bauru,350011,Botucatu,5126,2565,2561,155,171,476,409,425,396,324,362,600,640,472,687,164,38,True
3541109,Presidente Alves,SP,São Paulo,3503,Bauru,350009,Bauru,3804,1878,1926,96,75,232,190,251,278,275,296,638,717,545,516,172,47,True
3541208,Presidente Bernardes,SP,São Paulo,3505,Presidente Prudente,350018,Presidente Prudente,12458,6078,6380,320,275,694,674,773,797,857,913,2381,2685,1850,1736,623,226,True
3541307,Presidente Epitácio,SP,São Paulo,3505,Presidente Prudente,350021,Presidente Epitácio-Presidente Venceslau,39481,19046,20435,1126,1047,2522,2499,2595,2833,2811,3082,6048,7218,5347,5204,1643,586,True
3541406,Presidente Prudente,SP,São Paulo,3505,Presidente Prudente,350018,Presidente Prudente,225517,107780,117737,5642,5397,16099,16096,16411,17039,15889,17420,32782,41937,17891,28119,13252,7036,True
3541505,Presidente Venceslau,SP,São Paulo,3505,Presidente Prudente,350021,Presidente Epitácio-Presidente Venceslau,34852,16704,18148,816,777,1987,2060,2310,2413,2699,2724,5881,7286,4396,4797,2081,836,True
3541604,Promissão,SP,São Paulo,3503,Bauru,350012,Lins,35115,17223,17892,1004,964,2380,2406,2425,2526,2552,2635,5262,5945,3390,4811,1895,502,True
3541653,Quadra,SP,São Paulo,3502,Sorocaba,350008,Tatuí,3398,1731,1667,100,73,198,212,233,247,240,239,601,547,425,448,104,39,True
3541703,Quatá,SP,São Paulo,3505,Presidente Prudente,350018,Presidente Prudente,13163,6549,6614,359,322,916,870,951,976,978,986,1889,2107,1293,1854,601,164,True
3541802,Queiroz,SP,São Paulo,3504,Marília,350016,Tupã,3260,1628,1632,98,108,233,234,263,251,258,234,403,418,385,376,70,17,True
3541901,Queluz,SP,São Paulo,3511,São José dos Campos,350053,Cruzeiro,9159,4541,4618,263,245,716,688,609,648,655,659,1287,1437,1326,1115,368,80,True
3542008,Quintana,SP,São Paulo,3504,Marília,350013,Marília,7037,3428,3609,198,165,516,520,545,507,509,506,942,1098,846,773,212,58,True
3542107,Rafard,SP,São Paulo,3510,Campinas,350040,Piracicaba,8965,4429,4536,254,214,594,657,695,703,654,669,1265,1428,622,1168,493,119,True
3542206,Rancharia,SP,São Paulo,3505,Presidente Prudente,350018,Presidente Prudente,28588,13807,14781,777,707,1871,1863,1955,2060,1988,2093,4364,5314,3656,3897,1226,402,True
3542305,Redenção da Serra,SP,São Paulo,3511,São José dos Campos,350050,Taubaté - Pindamonhangaba,4494,2355,2139,126,91,234,232,258,245,340,317,911,797,694,365,94,22,True
3542404,Regente Feijó,SP,São Paulo,3505,Presidente Prudente,350018,Presidente Prudente,20145,9902,10243,548,451,1376,1323,1407,1515,1440,1517,3088,3600,1953,2617,996,260,True
3542503,Reginópolis,SP,São Paulo,3503,Bauru,350009,Bauru,5674,2760,2914,173,166,341,332,390,419,429,440,892,1014,591,754,272,73,True
3542602,Registro,SP,São Paulo,3502,Sorocaba,350005,Registro,58969,28778,30191,1698,1596,3889,3909,4005,4489,4410,4816,8262,9253,6693,5820,2343,986,True
3542701,Restinga,SP,São Paulo,3508,Ribeirão Preto,350033,Franca,6404,3177,3227,201,211,484,443,444,501,427,466,907,894,642,840,230,39,True
3542800,Ribeira,SP,São Paulo,3502,Sorocaba,350004,Itapeva,3132,1589,1543,98,89,190,179,203,226,224,199,522,527,698,250,56,24,True
3542909,Ribeirão Bonito,SP,São Paulo,3509,Araraquara,350037,São Carlos,10978,5442,5536,296,285,749,752,811,790,846,811,1666,1800,1281,1766,504,168,True
3543006,Ribeirão Branco,SP,São Paulo,3502,Sorocaba,350004,Itapeva,18627,9479,9148,606,579,1500,1423,1375,1428,1330,1292,2382,2216,3500,1165,242,53,True
3543105,Ribeirão Corrente,SP,São Paulo,3508,Ribeirão Preto,350033,Franca,4608,2306,2302,122,142,377,323,334,341,325,302,633,651,507,572,165,38,True
3543204,Ribeirão do Sul,SP,São Paulo,3504,Marília,350015,Ourinhos,4677,2341,2336,121,114,286,278,297,309,347,356,835,850,594,590,172,42,True
3543238,Ribeirão dos Índios,SP,São Paulo,3505,Presidente Prudente,350018,Presidente Prudente,2025,968,1057,47,49,114,123,119,133,138,144,374,445,387,277,46,14,True
3543253,Ribeirão Grande,SP,São Paulo,3502,Sorocaba,350004,Itapeva,7443,3822,3621,210,221,497,452,518,537,587,525,1188,1175,1163,770,149,27,True
3543303,Ribeirão Pires,SP,São Paulo,3501,São Paulo,350001,São Paulo,115527,55723,59804,2971,2786,8036,7877,8395,8932,8935,9560,16644,20279,8122,13490,7369,2785,True
3543402,Ribeirão Preto,SP,São Paulo,3508,Ribeirão Preto,350031,Ribeirão Preto,696859,330931,365928,17136,17002,53259,54809,57601,61067,50427,55471,88171,115538,36941,75947,48667,28201,True
3543600,Rifaina,SP,São Paulo,3508,Ribeirão Preto,350033,Franca,4035,2022,2013,115,105,277,264,295,274,298,274,631,678,437,493,153,44,True
3543709,Rincão,SP,São Paulo,3509,Araraquara,350036,Araraquara,9085,4506,4579,252,236,637,599,643,620,631,699,1443,1539,1073,1394,458,119,True
3543808,Rinópolis,SP,São Paulo,3504,Marília,350016,Tupã,9259,4576,4683,226,234,595,547,675,626,610,635,1616,1817,1343,1359,354,97,True
3543907,Rio Claro,SP,São Paulo,3510,Campinas,350046,Rio Claro,200954,96890,104063,4996,4775,14673,14509,15506,16170,14907,15939,27854,34287,12878,25753,13636,5700,True
3544004,Rio das Pedras,SP,São Paulo,3510,Campinas,350040,Piracicaba,31315,15608,15707,858,861,2365,2285,2564,2609,2456,2462,3941,4317,2092,3971,1965,517,True
3544103,Rio Grande da Serra,SP,São Paulo,3501,São Paulo,350001,São Paulo,44141,21547,22594,1327,1302,3381,3395,3356,3536,3267,3525,5271,6303,4891,5523,1828,316,True
3544202,Riolândia,SP,São Paulo,3507,São José do Rio Preto,350027,Votuporanga,9226,5248,3978,245,242,986,518,1105,599,876,622,1209,1202,1257,1226,314,97,True
3543501,Riversul,SP,São Paulo,3502,Sorocaba,350004,Itapeva,5599,2816,2783,155,169,365,365,353,335,381,373,913,971,1304,477,129,28,True
3544251,Rosana,SP,São Paulo,3505,Presidente Prudente,350018,Presidente Prudente,17379,8540,8839,526,438,1079,1058,1047,1140,1201,1406,2922,3196,2443,2247,852,281,True
3544301,Roseira,SP,São Paulo,3511,São José dos Campos,350052,Guaratinguetá,10832,5420,5412,290,269,776,776,816,821,815,838,1447,1613,1045,1197,416,115,True
3544400,Rubiácea,SP,São Paulo,3506,Araçatuba,350022,Araçatuba,2694,1347,1347,77,63,149,169,195,189,202,211,405,413,290,424,119,17,True
3544509,Rubinéia,SP,São Paulo,3507,São José do Rio Preto,350030,Santa Fé do Sul,3823,1891,1932,72,80,170,162,179,220,250,255,836,846,355,430,122,26,True
3544608,Sabino,SP,São Paulo,3503,Bauru,350012,Lins,5112,2486,2626,126,114,277,260,291,323,341,388,940,1047,616,787,238,53,True
3544707,Sagres,SP,São Paulo,3505,Presidente Prudente,350019,Adamantina - Lucélia,2474,1199,1275,57,59,146,165,161,174,169,169,417,446,370,314,63,15,True
3544806,Sales,SP,São Paulo,3507,São José do Rio Preto,350025,São José do Rio Preto,6421,3158,3263,156,158,384,340,424,460,425,446,1151,1264,712,765,248,64,True
3544905,Sales Oliveira,SP,São Paulo,3508,Ribeirão Preto,350034,São Joaquim da Barra ¿ Orlândia,11393,5501,5892,272,261,788,766,868,910,793,899,1723,1924,764,1598,664,172,True
3545001,Salesópolis,SP,São Paulo,3501,São Paulo,350001,São Paulo,15188,7519,7669,438,407,1030,1051,990,1095,1103,1092,2380,2461,2018,1766,614,166,True
3545100,Salmourão,SP,São Paulo,3505,Presidente Prudente,350019,Adamantina - Lucélia,4808,2417,2391,142,127,362,297,327,315,338,343,765,811,668,667,112,27,True
3545159,Saltinho,SP,São Paulo,3510,Campinas,350040,Piracicaba,8155,4004,4151,212,196,516,536,623,614,624,677,1276,1427,343,980,645,181,True
3545209,Salto,SP,São Paulo,3502,Sorocaba,350003,Sorocaba,134295,65796,68499,3480,3312,9714,9929,11273,11449,10008,10477,17416,20151,6857,14256,7643,2428,True
3545308,Salto de Pirapora,SP,São Paulo,3502,Sorocaba,350003,Sorocaba,43748,21701,22047,1173,1099,3242,3228,3330,3348,3084,3245,6261,6768,3824,5197,1788,420,True
3545407,Salto Grande,SP,São Paulo,3504,Marília,350015,Ourinhos,9041,4399,4642,262,242,604,578,581,625,607,656,1471,1611,1395,1047,270,71,True
3545506,Sandovalina,SP,São Paulo,3505,Presidente Prudente,350018,Presidente Prudente,3645,1833,1812,96,85,246,245,230,265,262,262,561,550,483,423,124,35,True
3545605,Santa Adélia,SP,São Paulo,3507,São José do Rio Preto,350026,Catanduva,14016,6907,7109,363,337,966,956,1018,1045,1106,1064,2134,2421,1232,2195,900,239,True
3545704,Santa Albertina,SP,São Paulo,3507,São José do Rio Preto,350028,Jales,6393,3177,3216,151,133,346,358,477,453,444,444,1138,1228,783,868,272,64,True
3545803,Santa Bárbara d'Oeste,SP,São Paulo,3510,Campinas,350038,Campinas,183245,89906,93339,4520,4176,13007,12603,14715,14717,13329,14103,27277,31563,10660,25603,13947,3449,True
3546009,Santa Branca,SP,São Paulo,3511,São José dos Campos,350049,São José dos Campos,13975,6953,7022,382,352,926,898,976,935,979,1026,2384,2520,1605,1706,634,218,True
3546108,Santa Clara d'Oeste,SP,São Paulo,3507,São José do Rio Preto,350030,Santa Fé do Sul,2594,1303,1291,67,47,168,156,189,187,189,188,417,441,257,321,87,19,True
3546207,Santa Cruz da Conceição,SP,São Paulo,3510,Campinas,350045,Araras,4277,2097,2180,90,90,228,208,271,292,308,335,829,889,343,570,289,85,True
3546256,Santa Cruz da Esperança,SP,São Paulo,3508,Ribeirão Preto,350031,Ribeirão Preto,2105,1053,1052,57,55,139,139,147,134,108,140,363,385,225,246,76,29,True
3546306,Santa Cruz das Palmeiras,SP,São Paulo,3510,Campinas,350044,São João da Boa Vista,28856,14271,14585,791,794,2046,2059,2321,2323,2126,2095,4038,4571,2767,4159,1477,396,True
3546405,Santa Cruz do Rio Pardo,SP,São Paulo,3504,Marília,350015,Ourinhos,46405,22550,23855,1255,1235,3203,3132,3351,3488,3224,3319,6798,8101,4189,6075,2580,976,True
3546504,Santa Ernestina,SP,São Paulo,3508,Ribeirão Preto,350031,Ribeirão Preto,6110,3066,3044,175,162,494,485,472,523,456,435,817,855,420,844,310,45,True
3546603,Santa Fé do Sul,SP,São Paulo,3507,São José do Rio Preto,350030,Santa Fé do Sul,34752,16708,18044,848,773,2324,2376,2471,2563,2453,2715,5382,6468,3170,4372,1699,620,True
3546702,Santa Gertrudes,SP,São Paulo,3510,Campinas,350046,Rio Claro,23595,11896,11699,675,668,2177,1992,2018,1850,1716,1807,2642,2887,1611,3314,1302,244,True
3546801,Santa Isabel,SP,São Paulo,3501,São Paulo,350001,São Paulo,53150,26249,26901,1489,1390,3865,3787,3937,3932,3813,4101,7500,8358,5887,5931,2142,669,True
3546900,Santa Lúcia,SP,São Paulo,3509,Araraquara,350036,Araraquara,7149,3526,3623,180,178,538,496,570,542,499,519,1031,1198,702,1197,401,72,True
3547007,Santa Maria da Serra,SP,São Paulo,3510,Campinas,350040,Piracicaba,5243,2641,2602,149,163,353,375,416,407,362,323,751,795,641,736,171,32,True
3547106,Santa Mercedes,SP,São Paulo,3505,Presidente Prudente,350020,Dracena,2956,1457,1499,86,77,180,172,204,228,209,203,480,508,416,378,102,20,True
3547502,Santa Rita do Passa Quatro,SP,São Paulo,3509,Araraquara,350037,São Carlos,24734,11824,12910,569,528,1400,1376,1621,1712,1761,1908,4466,5302,2379,3926,1742,615,True
3547403,Santa Rita d'Oeste,SP,São Paulo,3507,São José do Rio Preto,350030,Santa Fé do Sul,2733,1324,1409,62,63,149,131,177,171,171,198,561,613,376,405,102,17,True
3547601,Santa Rosa de Viterbo,SP,São Paulo,3508,Ribeirão Preto,350031,Ribeirão Preto,23411,11296,12115,569,566,1525,1525,1673,1763,1657,1751,3652,4341,2356,3252,1268,359,True
3547650,Santa Salete,SP,São Paulo,3507,São José do Rio Preto,350028,Jales,1645,827,818,44,38,88,92,96,104,123,125,327,327,165,243,78,19,True
3547205,Santana da Ponte Pensa,SP,São Paulo,3507,São José do Rio Preto,350030,Santa Fé do Sul,1670,832,838,36,34,78,58,89,95,118,117,376,401,209,276,69,34,True
3547304,Santana de Parnaíba,SP,São Paulo,3501,São Paulo,350001,São Paulo,154097,74685,79412,4477,4365,10749,10954,11299,12657,12089,13317,18183,20979,8021,10240,4112,7662,True
3547700,Santo Anastácio,SP,São Paulo,3505,Presidente Prudente,350018,Presidente Prudente,17963,8612,9351,462,448,1117,1149,1154,1183,1239,1263,3055,3765,2578,2634,902,296,True
3547809,Santo André,SP,São Paulo,3501,São Paulo,350001,São Paulo,748284,354645,393639,18183,17366,50161,50952,58519,62557,55985,62065,104613,137273,45168,76840,53298,33398,True
3547908,Santo Antônio da Alegria,SP,São Paulo,3508,Ribeirão Preto,350031,Ribeirão Preto,6775,3460,3315,175,137,458,461,484,481,468,448,1154,1160,956,810,209,64,True
3548005,Santo Antônio de Posse,SP,São Paulo,3510,Campinas,350038,Campinas,23244,11606,11638,671,611,1902,1782,1851,1845,1645,1713,3115,3347,1978,2863,998,279,True
3548054,Santo Antônio do Aracanguá,SP,São Paulo,3506,Araçatuba,350022,Araçatuba,8365,4193,4172,190,193,471,467,587,572,629,604,1418,1423,767,1166,359,58,True
3548104,Santo Antônio do Jardim,SP,São Paulo,3510,Campinas,350044,São João da Boa Vista,6126,3081,3045,178,179,389,375,421,431,460,454,1056,1073,593,844,294,52,True
3548203,Santo Antônio do Pinhal,SP,São Paulo,3511,São José dos Campos,350050,Taubaté - Pindamonhangaba,7131,3592,3539,181,188,471,455,489,520,550,522,1161,1183,854,807,205,91,True
3548302,Santo Expedito,SP,São Paulo,3505,Presidente Prudente,350018,Presidente Prudente,3000,1460,1540,79,87,193,162,184,177,194,211,529,623,481,359,84,17,True
3548401,Santópolis do Aguapeí,SP,São Paulo,3506,Araçatuba,350023,Birigui - Penápolis,3899,1919,1980,102,102,278,277,298,297,264,271,544,646,527,620,157,23,True
3548500,Santos,SP,São Paulo,3501,São Paulo,350002,Santos,418444,189649,228795,9355,9022,24658,25469,27285,30696,28834,34682,66135,96849,22029,47199,40462,30896,True
3548609,São Bento do Sapucaí,SP,São Paulo,3511,São José dos Campos,350050,Taubaté - Pindamonhangaba,11654,5778,5876,286,284,708,719,791,792,813,895,2075,2131,1630,1144,356,115,True
3548708,São Bernardo do Campo,SP,São Paulo,3501,São Paulo,350001,São Paulo,810356,385133,425223,20679,19662,57425,57872,61827,67131,60830,69269,107843,137864,52116,85077,56570,34851,True
3548807,São Caetano do Sul,SP,São Paulo,3501,São Paulo,350001,São Paulo,165513,75646,89867,3646,3463,8968,9091,11022,12753,12380,14468,25834,36584,6741,14929,13630,14067,True
3548906,São Carlos,SP,São Paulo,3509,Araraquara,350037,São Carlos,254662,123871,130791,6707,6192,20135,18969,19533,20276,18734,19830,34842,42941,15363,29775,16919,8211,True
3549003,São Francisco,SP,São Paulo,3507,São José do Rio Preto,350028,Jales,2602,1270,1332,58,62,152,156,167,135,171,185,515,584,467,380,75,17,True
3549102,São João da Boa Vista,SP,São Paulo,3510,Campinas,350044,São João da Boa Vista,92489,44444,48045,2163,2103,6273,6217,6722,7111,6855,7327,14136,17356,7270,12113,5397,2370,True
3549201,São João das Duas Pontes,SP,São Paulo,3507,São José do Rio Preto,350029,Fernandópolis,2580,1272,1308,72,72,182,150,160,168,176,203,472,477,397,374,64,9,True
3549250,São João de Iracema,SP,São Paulo,3507,São José do Rio Preto,350029,Fernandópolis,1846,917,929,50,43,126,128,112,114,113,139,320,324,215,289,76,7,True
3549300,São João do Pau d'Alho,SP,São Paulo,3505,Presidente Prudente,350020,Dracena,2242,1112,1130,42,44,125,112,133,132,142,145,463,495,262,319,126,22,True
3549409,São Joaquim da Barra,SP,São Paulo,3508,Ribeirão Preto,350034,São Joaquim da Barra ¿ Orlândia,48551,23520,25031,1324,1316,3333,3305,3676,3908,3719,3821,6785,8151,3494,6616,3149,949,True
3549508,São José da Bela Vista,SP,São Paulo,3508,Ribeirão Preto,350033,Franca,7626,3826,3800,259,243,606,591,550,530,499,498,1041,1113,1081,1023,247,66,True
3549607,São José do Barreiro,SP,São Paulo,3511,São José dos Campos,350053,Cruzeiro,3841,1920,1919,106,102,245,236,244,267,246,262,647,674,743,373,118,38,True
3549706,São José do Rio Pardo,SP,São Paulo,3510,Campinas,350047,São José do Rio Pardo - Mococa,52038,25084,26954,1238,1127,3334,3394,3916,4083,3560,3820,8219,9733,4758,6969,2891,1028,True
3549805,São José do Rio Preto,SP,São Paulo,3507,São José do Rio Preto,350025,São José do Rio Preto,478353,227386,250967,11256,11089,34350,35440,37630,39506,34766,38344,65347,84338,28701,55863,32431,16146,True
3549904,São José dos Campos,SP,São Paulo,3511,São José dos Campos,350049,São José dos Campos,696471,335089,361382,18250,17380,49822,50103,53814,57557,51600,56911,90961,111649,39380,71603,44256,28197,True
3549953,São Lourenço da Serra,SP,São Paulo,3501,São Paulo,350001,São Paulo,16057,8053,8004,454,420,1147,1106,1143,1157,1171,1263,2389,2423,1758,1593,527,154,True
3550001,São Luiz do Paraitinga,SP,São Paulo,3511,São José dos Campos,350050,Taubaté - Pindamonhangaba,10328,5210,5118,248,228,659,583,671,703,715,726,2028,2016,1827,1104,320,99,True
3550100,São Manuel,SP,São Paulo,3503,Bauru,350011,Botucatu,37217,18228,18989,973,944,2606,2536,2837,2834,2912,2942,5221,6120,3198,5240,2218,612,True
3550209,São Miguel Arcanjo,SP,São Paulo,3502,Sorocaba,350006,Itapetininga,32035,16136,15899,937,864,2322,2254,2335,2279,2318,2296,4701,4890,4815,3212,798,230,True
3550308,São Paulo,SP,São Paulo,3501,São Paulo,350001,São Paulo,11441079,5380188,6060887,297619,285184,855239,864019,878813,949181,817034,940893,1458100,1989811,833554,1213776,716320,608172,True
3550407,São Pedro,SP,São Paulo,3510,Campinas,350040,Piracicaba,38195,18518,19677,1029,931,2466,2410,2561,2739,2767,2938,5991,7265,3060,4583,1836,569,True
3550506,São Pedro do Turvo,SP,São Paulo,3504,Marília,350015,Ourinhos,7217,3626,3591,222,211,482,458,480,521,516,469,1116,1160,1170,901,196,44,True
3550605,São Roque,SP,São Paulo,3502,Sorocaba,350003,Sorocaba,79462,38755,40707,2097,1985,5242,5048,5855,6108,5988,6318,11405,13562,6147,9493,4878,2447,True
3550704,São Sebastião,SP,São Paulo,3511,São José dos Campos,350051,Caraguatatuba - Ubatuba - São Sebastião,81571,39874,41697,2401,2326,6036,5923,6072,6769,6328,6674,9585,10870,7424,9859,3980,1652,True
3550803,São Sebastião da Grama,SP,São Paulo,3510,Campinas,350047,São José do Rio Pardo - Mococa,10441,5203,5238,268,275,720,658,780,780,736,773,1748,1842,1407,1606,477,145,True
3550902,São Simão,SP,São Paulo,3508,Ribeirão Preto,350031,Ribeirão Preto,13424,6583,6841,367,363,891,806,942,993,934,969,2177,2534,1282,1953,848,236,True
3551009,São Vicente,SP,São Paulo,3501,São Paulo,350002,Santos,328845,157690,171155,9196,8638,24961,24016,24518,24865,23385,26249,42217,55636,28534,42419,20457,6303,True
3551108,Sarapuí,SP,São Paulo,3502,Sorocaba,350003,Sorocaba,10356,5238,5118,304,300,739,687,740,731,700,729,1622,1583,1247,1056,333,89,True
3551207,Sarutaiá,SP,São Paulo,3504,Marília,350017,Piraju,3660,1838,1822,126,109,287,265,242,262,241,231,542,610,568,455,83,18,True
3551306,Sebastianópolis do Sul,SP,São Paulo,3507,São José do Rio Preto,350027,Votuporanga,3124,1510,1614,61,68,167,171,240,245,203,222,532,607,326,500,163,54,True
3551405,Serra Azul,SP,São Paulo,3508,Ribeirão Preto,350031,Ribeirão Preto,9046,4481,4565,304,282,690,695,654,655,643,619,1212,1334,919,1107,367,87,True
3551603,Serra Negra,SP,São Paulo,3510,Campinas,350048,Amparo,29869,14406,15463,719,704,1855,1835,1978,2149,2229,2353,4947,5901,2194,3902,1777,639,True
3551504,Serrana,SP,São Paulo,3508,Ribeirão Preto,350031,Ribeirão Preto,43840,21537,22303,1311,1363,3593,3542,3649,3679,3179,3297,4994,5667,2977,5355,2103,455,True
3551702,Sertãozinho,SP,São Paulo,3508,Ribeirão Preto,350031,Ribeirão Preto,126800,61515,65285,3389,3268,9219,9353,10517,11104,9614,10083,15798,18619,7037,13806,7884,3130,True
3551801,Sete Barras,SP,São Paulo,3502,Sorocaba,350005,Registro,12725,6463,6262,380,371,809,748,792,832,949,899,2002,1949,2277,1063,270,84,True
3551900,Severínia,SP,São Paulo,3508,Ribeirão Preto,350032,Barretos,14576,7469,7107,430,391,1261,1062,1108,1114,1088,1011,2030,2127,1520,2259,677,129,True
3552007,Silveiras,SP,São Paulo,3511,São José dos Campos,350053,Cruzeiro,6186,3084,3102,199,186,406,416,423,452,461,444,975,971,973,558,153,59,True
3552106,Socorro,SP,São Paulo,3510,Campinas,350041,Bragança Paulista,40109,19688,20421,938,894,2480,2388,2811,2926,2906,3003,6987,7856,3956,5396,1955,581,True
3552205,Sorocaba,SP,São Paulo,3502,Sorocaba,350003,Sorocaba,721401,347469,373932,18713,18097,54373,54941,59059,61937,53413,57999,89541,111834,39005,72203,41342,21156,True
3552304,Sud Mennucci,SP,São Paulo,3506,Araçatuba,350024,Andradina,7355,3656,3699,190,180,435,475,483,543,563,548,1206,1217,836,1133,320,75,True
3552403,Sumaré,SP,São Paulo,3510,Campinas,350038,Campinas,279532,136592,142940,7748,7332,20875,21073,23370,24759,21749,22557,32928,38519,18526,31785,15537,4516,True
3552551,Suzanápolis,SP,São Paulo,3507,São José do Rio Preto,350028,Jales,3408,1718,1690,84,87,206,202,252,243,245,246,592,599,509,431,99,18,True
3552502,Suzano,SP,São Paulo,3501,São Paulo,350001,São Paulo,307126,148328,158798,9141,8820,23865,24094,23365,25633,22044,24678,35448,42650,26131,29411,12032,3870,True
3552601,Tabapuã,SP,São Paulo,3507,São José do Rio Preto,350026,Catanduva,11296,5565,5731,265,269,680,676,862,839,812,859,1926,2107,1144,1786,613,171,True
3552700,Tabatinga,SP,São Paulo,3509,Araraquara,350036,Araraquara,14749,7282,7467,391,363,1009,1027,1136,1150,1090,1116,2116,2280,1567,2236,601,143,True
3552809,Taboão da Serra,SP,São Paulo,3501,São Paulo,350001,São Paulo,273490,129704,143786,7827,7433,21050,21588,21406,23613,20800,24058,30073,39744,19686,29146,14533,5502,True
3552908,Taciba,SP,São Paulo,3505,Presidente Prudente,350018,Presidente Prudente,6260,3082,3178,151,167,396,448,474,445,437,449,898,1003,716,791,197,55,True
3553005,Taguaí,SP,São Paulo,3502,Sorocaba,350007,Avaré,12669,6275,6394,380,361,1025,1027,1074,1045,834,852,1529,1746,1006,1616,391,103,True
3553104,Taiaçu,SP,São Paulo,3508,Ribeirão Preto,350032,Barretos,5677,2876,2801,159,151,414,380,429,388,398,399,911,985,641,851,234,54,True
3553203,Taiúva,SP,São Paulo,3508,Ribeirão Preto,350032,Barretos,5517,2656,2861,156,151,362,343,398,423,383,375,928,1075,498,818,333,117,True
3553302,Tambaú,SP,São Paulo,3510,Campinas,350044,São João da Boa Vista,21426,10512,10914,499,553,1429,1411,1565,1626,1501,1481,3375,3729,2140,3131,1175,334,True
3553401,Tanabi,SP,São Paulo,3507,São José do Rio Preto,350025,São José do Rio Preto,25265,12427,12838,628,543,1633,1592,1838,1819,1778,1903,4155,4657,2692,3593,1258,440,True
3553500,Tapiraí,SP,São Paulo,3502,Sorocaba,350003,Sorocaba,7976,4008,3968,248,247,607,571,511,510,563,569,1157,1173,1177,855,211,42,True
3553609,Tapiratiba,SP,São Paulo,3510,Campinas,350047,São José do Rio Pardo - Mococa,11815,5725,6090,295,286,799,799,773,853,820,856,1981,2245,1285,1784,572,116,True
3553658,Taquaral,SP,São Paulo,3508,Ribeirão Preto,350032,Barretos,2619,1302,1317,86,86,179,154,185,184,196,207,429,450,300,398,108,29,True
3553708,Taquaritinga,SP,São Paulo,3509,Araraquara,350036,Araraquara,52253,25395,26858,1421,1331,3531,3502,3806,3903,3846,3983,7928,9348,5823,7681,2742,870,True
3553807,Taquarituba,SP,São Paulo,3502,Sorocaba,350007,Avaré,23191,11449,11742,623,605,1695,1698,1745,1746,1688,1742,3264,3675,3074,2598,727,226,True
3553856,Taquarivaí,SP,São Paulo,3502,Sorocaba,350004,Itapeva,6872,3495,3377,226,215,598,555,515,524,481,470,843,831,822,455,79,21,True
3553906,Tarabai,SP,São Paulo,3505,Presidente Prudente,350018,Presidente Prudente,6528,3205,3323,193,163,512,493,448,464,453,477,908,1044,903,829,205,38,True
3553955,Tarumã,SP,São Paulo,3504,Marília,350014,Assis,14882,7399,7483,411,405,1050,1056,1164,1145,1082,1140,1944,2115,1293,1927,551,100,True
3554003,Tatuí,SP,São Paulo,3502,Sorocaba,350008,Tatuí,123873,60446,63427,3502,3331,9298,9130,9536,9836,9047,9553,16028,18852,8885,14221,6284,2096,True
3554102,Taubaté,SP,São Paulo,3511,São José dos Campos,350050,Taubaté - Pindamonhangaba,310326,149246,161080,7859,7698,21714,21988,23746,25408,22992,24802,42166,51969,19211,32643,19832,9814,True
3554201,Tejupá,SP,São Paulo,3504,Marília,350017,Piraju,4127,2105,2022,124,139,304,278,286,261,294,281,616,597,717,522,103,27,True
3554300,Teodoro Sampaio,SP,São Paulo,3505,Presidente Prudente,350018,Presidente Prudente,22173,10920,11253,613,594,1454,1542,1597,1714,1641,1694,3067,3290,2782,2555,796,213,True
3554409,Terra Roxa,SP,São Paulo,3508,Ribeirão Preto,350032,Barretos,7900,3939,3961,214,201,543,489,636,600,543,561,1221,1364,877,1355,354,85,True
3554508,Tietê,SP,São Paulo,3502,Sorocaba,350003,Sorocaba,37655,18560,19095,963,930,2686,2521,3047,3059,2737,2887,5509,6315,2517,5241,2550,924,True
3554607,Timburi,SP,São Paulo,3504,Marília,350017,Piraju,2464,1246,1218,62,50,163,142,157,179,146,136,491,493,439,338,58,22,True
3554656,Torre de Pedra,SP,São Paulo,3502,Sorocaba,350008,Tatuí,2046,1028,1018,65,51,113,112,118,131,156,138,365,403,364,313,66,17,True
3554706,Torrinha,SP,São Paulo,3503,Bauru,350010,Jaú,9335,4656,4679,223,189,575,563,705,696,686,634,1571,1748,871,1377,506,154,True
3554755,Trabiju,SP,São Paulo,3509,Araraquara,350036,Araraquara,1682,856,826,63,43,128,126,119,118,110,136,238,242,170,216,63,9,True
3554805,Tremembé,SP,São Paulo,3511,São José dos Campos,350050,Taubaté - Pindamonhangaba,44463,21475,22988,1203,1208,2871,2988,3096,3387,3359,3628,6213,7080,2910,3941,2224,1265,True
3554904,Três Fronteiras,SP,São Paulo,3507,São José do Rio Preto,350030,Santa Fé do Sul,6804,3399,3405,154,149,469,455,489,479,478,488,1134,1210,733,807,234,60,True
3554953,Tuiuti,SP,São Paulo,3510,Campinas,350041,Bragança Paulista,6778,3373,3405,169,168,365,349,474,479,509,493,1280,1297,670,873,258,58,True
3555000,Tupã,SP,São Paulo,3504,Marília,350016,Tupã,63661,30402,33259,1541,1527,4075,3911,4379,4625,4545,4881,10193,12673,6965,8650,3262,1266,True
3555109,Tupi Paulista,SP,São Paulo,3505,Presidente Prudente,350020,Dracena,14046,6777,7269,295,263,788,804,960,976,945,1024,2622,3059,1537,1953,762,263,True
3555208,Turiúba,SP,São Paulo,3506,Araçatuba,350023,Birigui - Penápolis,1818,922,896,35,40,95,86,89,106,121,132,378,385,248,308,113,24,True
3555307,Turmalina,SP,São Paulo,3507,São José do Rio Preto,350028,Jales,1665,808,857,35,35,85,74,86,94,87,99,416,449,273,293,104,28,True
3555356,Ubarana,SP,São Paulo,3507,São José do Rio Preto,350025,São José do Rio Preto,5361,2746,2615,162,157,410,372,424,397,401,372,718,759,574,769,199,27,True
3555406,Ubatuba,SP,São Paulo,3511,São José dos Campos,350051,Caraguatatuba - Ubatuba - São Sebastião,92824,45835,46987,2518,2426,6740,6677,7025,7577,7181,7359,11980,12974,9616,10083,3223,1085,True
3555505,Ubirajara,SP,São Paulo,3503,Bauru,350009,Bauru,5132,2663,2469,153,138,377,325,384,388,363,328,748,692,627,614,152,31,True
3555604,Uchoa,SP,São Paulo,3507,São José do Rio Preto,350025,São José do Rio Preto,10394,5121,5273,263,263,642,619,771,760,751,769,1728,1933,1102,1365,459,126,True
3555703,União Paulista,SP,São Paulo,3507,São José do Rio Preto,350025,São José do Rio Preto,1603,787,816,47,40,113,108,115,123,102,124,233,221,158,257,71,13,True
3555802,Urânia,SP,São Paulo,3507,São José do Rio Preto,350028,Jales,8833,4332,4501,241,201,515,501,623,569,640,661,1551,1789,1262,1270,346,104,True
3555901,Uru,SP,São Paulo,3503,Bauru,350012,Lins,1386,694,692,29,27,75,80,83,93,98,91,258,282,201,174,40,7,True
3556008,Urupês,SP,São Paulo,3507,São José do Rio Preto,350025,São José do Rio Preto,13744,6759,6985,330,321,880,878,1042,1003,995,1010,2337,2604,1277,2014,682,205,True
3556107,Valentim Gentil,SP,São Paulo,3507,São José do Rio Preto,350027,Votuporanga,14098,7025,7073,371,345,998,1017,1138,1156,1066,1081,1974,2116,1090,1755,534,102,True
3556206,Valinhos,SP,São Paulo,3510,Campinas,350038,Campinas,126354,61506,64848,3033,2804,8367,7888,9739,10355,10059,10762,18997,22167,4881,12133,9056,6842,True
3556305,Valparaíso,SP,São Paulo,3506,Araçatuba,350022,Araçatuba,24200,13497,10703,556,510,2045,1496,2854,1675,2388,1472,3174,3234,1923,2664,1085,326,True
3556354,Vargem,SP,São Paulo,3510,Campinas,350041,Bragança Paulista,10505,5363,5142,253,239,784,781,803,758,789,724,1571,1569,1030,1248,348,103,True
3556404,Vargem Grande do Sul,SP,São Paulo,3510,Campinas,350044,São João da Boa Vista,40130,19733,20397,1080,1053,2841,2778,2992,3028,2822,2941,5977,6823,4059,5715,1776,471,True
3556453,Vargem Grande Paulista,SP,São Paulo,3501,São Paulo,350001,São Paulo,50390,24613,25777,1440,1338,3491,3504,3697,4121,3915,4210,6477,7343,3366,5024,2387,1166,True
3556503,Várzea Paulista,SP,São Paulo,3510,Campinas,350039,Jundiaí,115771,57334,58437,3198,3002,9296,9015,9740,9913,8541,8582,14182,16111,8280,14515,6320,1020,True
3556602,Vera Cruz,SP,São Paulo,3504,Marília,350013,Marília,10166,4966,5200,269,232,660,660,657,667,713,737,1715,2035,1133,1431,543,173,True
3556701,Vinhedo,SP,São Paulo,3510,Campinas,350038,Campinas,76540,37217,39323,1893,1820,5351,4956,5670,6287,6138,6528,10811,12537,2702,6796,4882,4316,True
3556800,Viradouro,SP,São Paulo,3508,Ribeirão Preto,350032,Barretos,17396,8589,8807,478,460,1309,1220,1391,1410,1223,1260,2423,2711,1530,2663,923,198,True
3556909,Vista Alegre do Alto,SP,São Paulo,3507,São José do Rio Preto,350026,Catanduva,8104,4105,3999,243,226,651,635,691,651,619,593,995,1056,421,1083,461,100,True
3556958,Vitória Brasil,SP,São Paulo,3507,São José do Rio Preto,350028,Jales,1794,919,875,49,40,119,113,105,126,152,134,312,301,209,260,76,7,True
3557006,Votorantim,SP,São Paulo,3502,Sorocaba,350003,Sorocaba,127352,62335,65017,3631,3347,9774,9756,10218,10767,9572,10072,15552,18405,8350,14489,6630,1760,True
3557105,Votuporanga,SP,São Paulo,3507,São José do Rio Preto,350027,Votuporanga,96611,46567,50044,2235,2148,6773,6841,7554,7817,6782,7460,14423,17403,7980,12810,5522,2166,True
3557154,Zacarias,SP,São Paulo,3506,Araçatuba,350023,Birigui - Penápolis,2690,1339,1351,59,57,147,157,181,185,183,192,465,488,310,379,78,16,True
4100103,Abatiá,PR,Paraná,4105,Londrina,410022,Santo Antônio da Platina,7233,3599,3634,199,170,459,431,447,473,467,476,1261,1356,1314,877,160,62,True
4100202,Adrianópolis,PR,Paraná,4101,Curitiba,410001,Curitiba,6212,3139,3073,187,188,394,355,395,383,411,390,990,965,1188,520,104,32,True
4100301,Agudos do Sul,PR,Paraná,4101,Curitiba,410001,Curitiba,10233,5275,4958,281,284,772,754,702,675,718,623,1599,1474,1412,805,239,51,True
4100400,Almirante Tamandaré,PR,Paraná,4101,Curitiba,410001,Curitiba,119825,59028,60797,3875,3586,9618,9972,9237,9983,8838,9002,12558,14092,10110,14202,4293,1000,True
4100459,Altamira do Paraná,PR,Paraná,4104,Maringá,410015,Campo Mourão,3590,1818,1772,111,88,246,210,246,245,239,254,612,602,889,377,63,24,True
4128625,Alto Paraíso,PR,Paraná,4104,Maringá,410016,Umuarama,3055,1546,1509,105,72,180,193,203,205,202,213,490,508,599,346,56,13,True
4100608,Alto Paraná,PR,Paraná,4104,Maringá,410017,Paranavaí,13909,6851,7058,412,350,950,971,950,953,924,938,2102,2318,1911,1676,415,112,True
4100707,Alto Piquiri,PR,Paraná,4104,Maringá,410016,Umuarama,9727,4858,4869,246,243,672,605,628,669,698,663,1542,1674,1724,1117,234,91,True
4100509,Altônia,PR,Paraná,4104,Maringá,410016,Umuarama,18741,9160,9581,477,477,1073,1117,1272,1251,1230,1352,3281,3601,2729,3019,698,155,True
4100806,Alvorada do Sul,PR,Paraná,4105,Londrina,410021,Londrina,10326,5183,5143,246,225,576,613,650,625,687,723,2004,2003,1332,1203,344,134,True
4100905,Amaporã,PR,Paraná,4104,Maringá,410017,Paranavaí,4754,2364,2390,144,141,331,318,341,344,331,337,692,717,771,623,138,30,True
4101002,Ampére,PR,Paraná,4103,Cascavel,410009,Francisco Beltrão,19620,9705,9915,537,528,1507,1507,1478,1467,1284,1339,2739,2976,2274,2427,504,160,True
4101051,Anahy,PR,Paraná,4103,Cascavel,410006,Cascavel,2918,1437,1481,73,66,197,183,187,177,199,230,503,518,488,356,63,17,True
4101101,Andirá,PR,Paraná,4105,Londrina,410022,Santo Antônio da Platina,19878,9652,10226,538,500,1244,1220,1321,1389,1360,1524,3282,3785,2848,2708,662,201,True
4101150,Ângulo,PR,Paraná,4104,Maringá,410014,Maringá,3235,1622,1613,87,74,207,214,231,237,197,209,537,540,364,420,85,37,True
4101200,Antonina,PR,Paraná,4101,Curitiba,410002,Paranaguá,18087,9005,9082,494,480,1095,1124,1121,1153,1201,1199,3082,3250,2845,1802,692,234,True
4101309,Antônio Olinto,PR,Paraná,4101,Curitiba,410003,União da Vitória,7018,3674,3344,202,170,444,414,471,459,519,446,1316,1207,1499,531,128,34,True
4101408,Apucarana,PR,Paraná,4105,Londrina,410023,Apucarana,129752,62181,67571,3391,3431,9285,9161,9337,10186,8917,9676,17884,22007,10929,17544,7018,2382,True
4101507,Arapongas,PR,Paraná,4105,Londrina,410021,Londrina,119117,57764,61353,3125,3068,8548,8607,8955,9525,8720,9221,16072,19060,8528,16148,5909,1883,True
4101606,Arapoti,PR,Paraná,4106,Ponta Grossa,410027,Ponta Grossa,25777,12854,12923,769,763,1939,1921,1842,1962,1790,1860,3410,3495,3679,2754,904,331,True
4101655,Arapuã,PR,Paraná,4105,Londrina,410025,Ivaiporã,3527,1711,1816,84,86,185,223,226,216,230,233,642,690,730,274,56,20,True
4101705,Araruna,PR,Paraná,4104,Maringá,410015,Campo Mourão,14468,7208,7260,357,345,1029,949,990,1016,1003,1020,2297,2459,1839,1931,428,105,True
4101804,Araucária,PR,Paraná,4101,Curitiba,410001,Curitiba,151640,74214,77426,4341,4230,12038,12342,12435,13221,11294,11763,16360,18900,8927,16342,7387,2067,True
4101853,Ariranha do Ivaí,PR,Paraná,4105,Londrina,410025,Ivaiporã,2329,1160,1169,53,54,90,128,161,146,170,160,452,443,492,240,40,11,True
4101903,Assaí,PR,Paraná,4105,Londrina,410021,Londrina,13797,6623,7174,372,340,772,766,894,931,932,1006,2333,2808,2525,1962,521,173,True
4102000,Assis Chateaubriand,PR,Paraná,4103,Cascavel,410008,Toledo,36808,17951,18857,952,947,2562,2462,2436,2494,2488,2673,5754,6726,5116,4212,1221,351,True
4102109,Astorga,PR,Paraná,4104,Maringá,410014,Maringá,25464,12308,13156,604,615,1534,1621,1715,1794,1732,1905,4120,4796,2866,3598,1158,330,True
4102208,Atalaia,PR,Paraná,4104,Maringá,410014,Maringá,3980,2076,1904,104,70,278,200,309,238,298,281,762,773,453,611,186,42,True
4102307,Balsa Nova,PR,Paraná,4101,Curitiba,410001,Curitiba,13395,6751,6644,355,310,953,895,1006,1029,1015,965,1914,2026,1292,1506,474,105,True
4102406,Bandeirantes,PR,Paraná,4105,Londrina,410024,Cornélio Procópio ¿ Bandeirantes,31272,15118,16154,785,798,2176,2093,2076,2190,2053,2184,4912,5866,4351,3814,1115,458,True
4102505,Barbosa Ferraz,PR,Paraná,4104,Maringá,410015,Campo Mourão,10795,5363,5432,248,275,637,558,631,676,711,742,2001,2142,2431,1226,282,93,True
4102703,Barra do Jacaré,PR,Paraná,4105,Londrina,410022,Santo Antônio da Platina,2814,1417,1397,58,53,162,160,204,180,190,189,545,556,394,347,82,21,True
4102604,Barracão,PR,Paraná,4103,Cascavel,410009,Francisco Beltrão,9759,4856,4903,275,263,715,676,703,718,651,680,1403,1515,1333,1012,378,143,True
4102752,Bela Vista da Caroba,PR,Paraná,4103,Cascavel,410009,Francisco Beltrão,4031,2035,1996,114,109,215,242,257,249,286,238,759,741,713,407,95,24,True
4102802,Bela Vista do Paraíso,PR,Paraná,4105,Londrina,410021,Londrina,14833,7132,7701,373,363,972,949,959,1005,990,1045,2394,2866,1897,1969,619,245,True
4102901,Bituruna,PR,Paraná,4101,Curitiba,410003,União da Vitória,15533,7930,7603,502,482,1198,1162,1109,1067,1070,1083,2124,2014,2445,1515,291,89,True
4103008,Boa Esperança,PR,Paraná,4104,Maringá,410015,Campo Mourão,4558,2240,2318,116,131,272,253,298,326,296,334,793,827,779,501,157,53,True
4103024,Boa Esperança do Iguaçu,PR,Paraná,4103,Cascavel,410012,Dois Vizinhos,2455,1267,1188,83,42,152,159,153,171,191,174,426,396,387,296,96,23,True
4103040,Boa Ventura de São Roque,PR,Paraná,4102,Guarapuava,410005,Pitanga,6378,3279,3099,181,180,491,453,491,472,468,469,914,840,1145,524,128,31,True
4103057,Boa Vista da Aparecida,PR,Paraná,4103,Cascavel,410006,Cascavel,7902,3943,3959,216,220,542,493,454,529,558,568,1283,1276,1328,851,192,53,True
4103107,Bocaiúva do Sul,PR,Paraná,4101,Curitiba,410001,Curitiba,13299,6639,6660,423,409,1004,1012,921,914,919,916,1769,1767,1454,1204,377,86,True
4103156,Bom Jesus do Sul,PR,Paraná,4103,Cascavel,410009,Francisco Beltrão,3980,2031,1949,98,97,273,248,234,258,295,259,696,660,737,343,67,23,True
4103206,Bom Sucesso,PR,Paraná,4105,Londrina,410023,Apucarana,6581,3262,3319,167,180,450,441,441,435,433,427,964,1087,863,938,186,49,True
4103222,Bom Sucesso do Sul,PR,Paraná,4103,Cascavel,410010,Pato Branco,3202,1542,1660,69,74,194,204,231,235,206,210,535,593,434,408,91,51,True
4103305,Borrazópolis,PR,Paraná,4105,Londrina,410023,Apucarana,7735,3846,3889,186,172,460,418,521,465,554,550,1408,1541,1478,850,194,92,True
4103354,Braganey,PR,Paraná,4103,Cascavel,410006,Cascavel,4854,2432,2422,135,143,312,249,289,326,344,336,859,886,962,622,172,53,True
4103370,Brasilândia do Sul,PR,Paraná,4104,Maringá,410016,Umuarama,3708,1795,1913,101,84,251,269,246,240,244,260,575,641,559,366,96,25,True
4103404,Cafeara,PR,Paraná,4105,Londrina,410021,Londrina,2623,1314,1309,65,65,182,163,168,183,197,189,436,465,346,369,97,31,True
4103453,Cafelândia,PR,Paraná,4103,Cascavel,410006,Cascavel,18997,9492,9505,583,487,1556,1540,1572,1606,1351,1344,2221,2462,1423,2233,669,199,True
4103479,Cafezal do Sul,PR,Paraná,4104,Maringá,410016,Umuarama,4473,2189,2284,93,117,280,276,269,262,291,326,789,840,726,552,124,25,True
4103503,Califórnia,PR,Paraná,4105,Londrina,410023,Apucarana,8698,4360,4338,234,220,590,577,590,636,547,562,1393,1443,1102,1021,312,93,True
4103602,Cambará,PR,Paraná,4105,Londrina,410022,Santo Antônio da Platina,23212,11373,11839,625,587,1522,1490,1601,1657,1551,1624,3648,4265,3328,3107,854,243,True
4103701,Cambé,PR,Paraná,4105,Londrina,410021,Londrina,107072,51620,55452,2850,2829,7841,7820,7900,8481,7703,8085,14720,17829,9163,14152,5110,1347,True
4103800,Cambira,PR,Paraná,4105,Londrina,410023,Apucarana,9460,4702,4758,236,236,669,669,734,714,623,633,1430,1537,896,994,328,67,True
4103909,Campina da Lagoa,PR,Paraná,4104,Maringá,410015,Campo Mourão,15723,7806,7917,441,407,1127,1087,992,1025,1000,1105,2523,2704,2828,1649,402,131,True
4103958,Campina do Simão,PR,Paraná,4102,Guarapuava,410004,Guarapuava,3936,2101,1835,126,116,344,273,250,247,264,267,637,520,715,270,53,17,True
4104006,Campina Grande do Sul,PR,Paraná,4101,Curitiba,410001,Curitiba,47825,23386,24439,1423,1333,3808,3792,3736,3962,3341,3596,5476,6251,3704,5187,1901,450,True
4104055,Campo Bonito,PR,Paraná,4103,Cascavel,410006,Cascavel,4027,2020,2007,126,99,254,261,255,266,276,271,652,677,693,431,126,39,True
4104105,Campo do Tenente,PR,Paraná,4101,Curitiba,410001,Curitiba,7508,3787,3721,224,243,613,573,519,507,495,529,961,930,1008,701,200,60,True
4104204,Campo Largo,PR,Paraná,4101,Curitiba,410001,Curitiba,136287,66938,69349,3460,3460,10329,10239,10582,11047,10601,10848,17390,19798,10044,15067,6238,1953,True
4104253,Campo Magro,PR,Paraná,4101,Curitiba,410001,Curitiba,30153,15036,15117,831,800,2438,2347,2438,2393,2289,2344,3683,4019,2704,3353,920,180,True
4104303,Campo Mourão,PR,Paraná,4104,Maringá,410015,Campo Mourão,99034,47544,51490,2631,2559,7521,7708,7389,7962,6667,7429,12960,15859,9275,11549,4757,2158,True
4104402,Cândido de Abreu,PR,Paraná,4105,Londrina,410025,Ivaiporã,15244,7824,7420,446,428,1011,986,997,991,1162,1018,2525,2341,3398,1212,281,76,True
4104428,Candói,PR,Paraná,4102,Guarapuava,410004,Guarapuava,14973,7542,7431,476,440,1071,1074,987,1079,1044,1033,2109,2026,2518,1243,357,89,True
4104451,Cantagalo,PR,Paraná,4102,Guarapuava,410004,Guarapuava,10933,5497,5436,367,318,765,721,722,724,738,792,1561,1660,2297,1034,252,67,True
4104501,Capanema,PR,Paraná,4103,Cascavel,410009,Francisco Beltrão,20481,10164,10317,534,470,1440,1345,1428,1483,1321,1409,3307,3620,2481,2532,812,245,True
4104600,Capitão Leônidas Marques,PR,Paraná,4103,Cascavel,410006,Cascavel,14648,7253,7395,377,350,963,994,989,1065,1069,1056,2244,2432,2040,1883,590,204,True
4104659,Carambeí,PR,Paraná,4106,Ponta Grossa,410027,Ponta Grossa,23278,11628,11650,729,728,1871,1887,1793,1768,1665,1667,2468,2677,1959,2503,763,249,True
4104709,Carlópolis,PR,Paraná,4105,Londrina,410022,Santo Antônio da Platina,16905,8523,8382,491,464,1226,1131,1177,1263,1143,1073,2659,2686,2198,1606,399,142,True
4104808,Cascavel,PR,Paraná,4103,Cascavel,410006,Cascavel,346435,166963,179472,9310,9246,28870,29857,28068,29061,23638,25759,40087,49808,24551,37993,18275,8539,True
4104907,Castro,PR,Paraná,4106,Ponta Grossa,410027,Ponta Grossa,73075,36016,37059,2314,2263,5818,5725,5201,5542,5069,5245,8556,9475,9070,7084,2164,894,True
4105003,Catanduvas,PR,Paraná,4103,Cascavel,410006,Cascavel,10326,5198,5128,325,285,809,828,763,681,666,728,1502,1500,1617,880,297,87,True
4105102,Centenário do Sul,PR,Paraná,4105,Londrina,410021,Londrina,10830,5324,5506,257,233,635,651,754,803,764,771,1805,1996,1633,1501,302,78,True
4105201,Cerro Azul,PR,Paraná,4101,Curitiba,410001,Curitiba,16133,8371,7762,533,524,1237,1136,1089,1076,1180,1096,2382,2179,3592,1044,186,66,True
4105300,Céu Azul,PR,Paraná,4103,Cascavel,410006,Cascavel,11087,5453,5634,330,296,767,736,719,776,826,856,1699,1935,1340,1555,493,142,True
4105409,Chopinzinho,PR,Paraná,4103,Cascavel,410010,Pato Branco,21072,10347,10725,614,599,1508,1497,1504,1563,1328,1444,3032,3362,2496,2382,882,346,True
4105508,Cianorte,PR,Paraná,4104,Maringá,410018,Cianorte,79511,38313,41198,2015,1973,5605,5644,6011,6290,5417,6039,11053,13227,5599,10483,4609,1531,True
4105607,Cidade Gaúcha,PR,Paraná,4104,Maringá,410016,Umuarama,11467,5737,5730,335,295,867,850,851,794,813,858,1563,1718,1142,1573,481,157,True
4105706,Clevelândia,PR,Paraná,4103,Cascavel,410010,Pato Branco,15059,7321,7738,414,383,1145,1111,966,990,846,984,2148,2536,2571,1877,567,223,True
4105805,Colombo,PR,Paraná,4101,Curitiba,410001,Curitiba,232206,112778,119428,6948,6745,18747,19104,18485,19560,16879,18033,25310,30486,18162,30466,11246,2217,True
4105904,Colorado,PR,Paraná,4104,Maringá,410019,Paranacity - Colorado,22773,11028,11745,518,544,1492,1471,1657,1655,1617,1680,3703,4316,2144,3485,1251,407,True
4106001,Congonhinhas,PR,Paraná,4105,Londrina,410024,Cornélio Procópio ¿ Bandeirantes,8320,4151,4169,247,208,513,517,520,562,539,547,1424,1416,1603,716,142,44,True
4106100,Conselheiro Mairinck,PR,Paraná,4105,Londrina,410026,Ibaiti,3461,1723,1738,93,96,222,210,243,249,252,243,547,601,653,378,109,31,True
4106209,Contenda,PR,Paraná,4101,Curitiba,410001,Curitiba,19128,9493,9635,521,534,1412,1448,1383,1429,1435,1392,2588,2764,1936,1907,586,171,True
4106308,Corbélia,PR,Paraná,4103,Cascavel,410006,Cascavel,17470,8473,8997,443,425,1250,1229,1324,1312,1131,1190,2504,3016,2036,2110,742,249,True
4106407,Cornélio Procópio,PR,Paraná,4105,Londrina,410024,Cornélio Procópio ¿ Bandeirantes,45008,21453,23555,1101,1093,2910,2967,3133,3242,3024,3423,7268,9010,4954,6148,2612,1152,True
4106456,Coronel Domingos Soares,PR,Paraná,4103,Cascavel,410010,Pato Branco,5649,2983,2666,185,152,415,406,409,411,393,357,820,645,1270,558,88,23,True
4106506,Coronel Vivida,PR,Paraná,4103,Cascavel,410010,Pato Branco,23331,11299,12032,603,602,1640,1674,1665,1700,1487,1624,3448,3966,2880,2707,944,288,True
4106555,Corumbataí do Sul,PR,Paraná,4104,Maringá,410015,Campo Mourão,3760,1886,1874,102,90,212,188,243,254,266,252,695,714,821,387,67,12,True
4106803,Cruz Machado,PR,Paraná,4101,Curitiba,410003,União da Vitória,15978,8289,7689,500,479,1206,1022,1181,1069,1266,1101,2519,2508,2971,1375,318,90,True
4106571,Cruzeiro do Iguaçu,PR,Paraná,4103,Cascavel,410012,Dois Vizinhos,4094,2049,2045,107,103,278,239,276,288,281,260,668,720,613,543,141,32,True
4106605,Cruzeiro do Oeste,PR,Paraná,4104,Maringá,410016,Umuarama,22560,11086,11474,564,561,1493,1522,1606,1600,1662,1670,3431,3915,3129,2593,670,215,True
4106704,Cruzeiro do Sul,PR,Paraná,4104,Maringá,410019,Paranacity - Colorado,4494,2220,2274,117,116,232,255,325,352,319,310,766,803,595,607,140,31,True
4106852,Cruzmaltina,PR,Paraná,4105,Londrina,410025,Ivaiporã,2892,1478,1414,65,50,172,157,168,183,230,206,525,536,643,314,66,13,True
4106902,Curitiba,PR,Paraná,4101,Curitiba,410001,Curitiba,1773316,836836,936480,43384,42679,134798,135568,136011,144386,129057,145600,236926,316716,97807,203977,146524,112369,True
4107009,Curiúva,PR,Paraná,4106,Ponta Grossa,410028,Telêmaco Borba,13647,6859,6788,404,357,966,915,935,1011,982,963,2122,2072,2542,1349,295,74,True
4107108,Diamante do Norte,PR,Paraná,4104,Maringá,410017,Paranavaí,5142,2529,2613,130,120,339,309,316,309,358,388,950,1030,745,687,221,43,True
4107124,Diamante do Sul,PR,Paraná,4103,Cascavel,410006,Cascavel,3171,1627,1544,100,93,205,168,163,231,265,222,538,481,714,236,48,8,True
4107157,Diamante D'Oeste,PR,Paraná,4103,Cascavel,410006,Cascavel,4557,2311,2246,145,126,307,292,284,305,290,290,738,722,865,457,133,25,True
4107207,Dois Vizinhos,PR,Paraná,4103,Cascavel,410012,Dois Vizinhos,44867,22167,22700,1217,1232,3919,3882,3559,3515,2964,3160,5674,6360,3637,5255,1922,650,True
4107256,Douradina,PR,Paraná,4104,Maringá,410016,Umuarama,9161,4513,4648,236,229,586,617,717,727,651,669,1341,1455,875,1014,336,140,True
4107306,Doutor Camargo,PR,Paraná,4104,Maringá,410014,Maringá,6312,3091,3221,138,140,405,375,413,397,400,433,1162,1305,771,888,250,64,True
4128633,Doutor Ulysses,PR,Paraná,4101,Curitiba,410001,Curitiba,5697,2965,2732,190,184,411,379,393,413,432,389,857,727,1163,296,53,8,True
4107405,Enéas Marques,PR,Paraná,4103,Cascavel,410009,Francisco Beltrão,5999,3080,2919,175,133,352,340,399,416,406,373,1098,1092,789,740,241,125,True
4107504,Engenheiro Beltrão,PR,Paraná,4104,Maringá,410015,Campo Mourão,12454,6048,6406,318,333,752,724,809,806,851,912,2165,2458,1895,1944,500,173,True
4107538,Entre Rios do Oeste,PR,Paraná,4103,Cascavel,410013,Marechal Cândido Rondon,4575,2229,2346,128,123,313,297,336,356,304,321,681,760,306,618,237,112,True
4107520,Esperança Nova,PR,Paraná,4104,Maringá,410016,Umuarama,1849,914,935,36,42,94,88,100,93,116,135,362,382,288,284,60,16,True
4107546,Espigão Alto do Iguaçu,PR,Paraná,4103,Cascavel,410011,Laranjeiras do Sul - Quedas do Iguaçu,4797,2461,2336,142,122,312,305,304,315,295,279,786,724,802,364,99,36,True
4107553,Farol,PR,Paraná,4104,Maringá,410015,Campo Mourão,3039,1514,1525,92,76,182,180,191,182,203,217,538,556,601,368,81,25,True
4107603,Faxinal,PR,Paraná,4105,Londrina,410025,Ivaiporã,16389,8013,8376,459,463,1167,1124,1097,1110,1067,1123,2352,2697,2680,1806,490,177,True
4107652,Fazenda Rio Grande,PR,Paraná,4101,Curitiba,410001,Curitiba,148864,72881,75983,4535,4367,12035,12744,13438,14337,10710,11054,12676,14781,7509,11648,3216,479,True
4107702,Fênix,PR,Paraná,4104,Maringá,410015,Campo Mourão,4488,2211,2277,120,122,267,261,244,301,295,291,810,892,875,514,122,44,True
4107736,Fernandes Pinheiro,PR,Paraná,4106,Ponta Grossa,410029,Irati,6251,3200,3051,178,179,482,448,429,431,452,422,929,873,1011,495,105,27,True
4107751,Figueira,PR,Paraná,4105,Londrina,410026,Ibaiti,8062,4056,4006,233,210,526,536,523,533,601,610,1355,1385,1462,924,205,66,True
4107850,Flor da Serra do Sul,PR,Paraná,4103,Cascavel,410009,Francisco Beltrão,4364,2207,2157,111,102,295,285,248,262,292,311,804,729,750,493,147,32,True
4107801,Floraí,PR,Paraná,4104,Maringá,410014,Maringá,4792,2343,2449,97,93,266,228,300,319,345,318,894,1068,592,816,242,64,True
4107900,Floresta,PR,Paraná,4104,Maringá,410014,Maringá,10458,5116,5342,294,245,694,759,863,960,726,744,1303,1455,637,922,262,87,True
4108007,Florestópolis,PR,Paraná,4105,Londrina,410021,Londrina,11446,5619,5827,310,293,801,728,790,850,805,851,1754,1868,1199,1702,392,81,True
4108106,Flórida,PR,Paraná,4104,Maringá,410014,Maringá,2652,1309,1343,75,59,152,162,180,197,182,167,435,473,274,349,124,33,True
4108205,Formosa do Oeste,PR,Paraná,4103,Cascavel,410008,Toledo,7626,3753,3873,157,148,436,404,491,481,420,511,1498,1624,1280,913,252,74,True
4108304,Foz do Iguaçu,PR,Paraná,4103,Cascavel,410007,Foz do Iguaçu,284713,137822,146891,8302,7960,23819,23466,21952,23752,19594,21956,32659,39240,27340,30009,12860,6133,True
4108452,Foz do Jordão,PR,Paraná,4102,Guarapuava,410004,Guarapuava,4926,2432,2494,149,167,334,352,304,343,331,360,720,705,875,475,134,33,True
4108320,Francisco Alves,PR,Paraná,4104,Maringá,410016,Umuarama,8116,4055,4061,239,237,669,623,532,509,459,497,1175,1310,1057,778,165,44,True
4108403,Francisco Beltrão,PR,Paraná,4103,Cascavel,410009,Francisco Beltrão,95511,46535,48976,2523,2628,7749,7977,7623,7814,6236,6680,12027,14375,7470,11119,4865,1882,True
4108502,General Carneiro,PR,Paraná,4101,Curitiba,410003,União da Vitória,11053,5511,5542,365,346,883,840,719,719,724,761,1485,1513,2135,1240,291,60,True
4108551,Godoy Moreira,PR,Paraná,4105,Londrina,410025,Ivaiporã,2977,1483,1494,87,74,119,112,136,179,214,202,646,627,689,316,53,19,True
4108601,Goioerê,PR,Paraná,4104,Maringá,410015,Campo Mourão,28437,13661,14776,755,750,1820,1872,1960,2154,1940,2070,4298,5179,4006,3669,1127,442,True
4108650,Goioxim,PR,Paraná,4102,Guarapuava,410004,Guarapuava,6566,3412,3154,251,214,471,475,465,413,469,418,960,899,1430,472,75,19,True
4108700,Grandes Rios,PR,Paraná,4105,Londrina,410025,Ivaiporã,5641,2823,2818,120,129,332,337,369,350,390,385,1030,1009,1331,546,135,32,True
4108809,Guaíra,PR,Paraná,4103,Cascavel,410008,Toledo,32090,15661,16429,936,928,2234,2267,2180,2423,2155,2258,4347,4936,4103,3476,1260,528,True
4108908,Guairaçá,PR,Paraná,4104,Maringá,410017,Paranavaí,6587,3263,3324,188,173,468,467,482,500,421,434,975,1013,834,825,201,50,True
4108957,Guamiranga,PR,Paraná,4102,Guarapuava,410004,Guarapuava,7856,3977,3879,214,215,550,563,585,545,532,494,1254,1202,1410,678,171,45,True
4109005,Guapirama,PR,Paraná,4105,Londrina,410022,Santo Antônio da Platina,4626,2277,2349,101,116,301,334,342,345,303,297,700,743,729,403,83,32,True
4109104,Guaporema,PR,Paraná,4104,Maringá,410018,Cianorte,2191,1087,1104,56,51,151,137,156,150,161,139,346,400,254,306,78,19,True
4109203,Guaraci,PR,Paraná,4105,Londrina,410021,Londrina,4748,2331,2417,108,125,302,277,337,309,323,355,787,905,645,792,204,35,True
4109302,Guaraniaçu,PR,Paraná,4103,Cascavel,410006,Cascavel,13735,6891,6844,393,359,877,868,835,929,934,889,2343,2385,2632,1421,442,185,True
4109401,Guarapuava,PR,Paraná,4102,Guarapuava,410004,Guarapuava,181018,88004,93014,5585,5256,14765,14970,12899,13669,12133,12836,21861,26274,20208,19219,6784,3268,True
4109500,Guaraqueçaba,PR,Paraná,4101,Curitiba,410002,Paranaguá,7417,3868,3549,252,195,475,418,505,481,572,501,1159,1032,1565,511,101,22,True
4109609,Guaratuba,PR,Paraná,4101,Curitiba,410002,Paranaguá,42058,20736,21322,1135,1084,2565,2557,2658,2896,2901,2967,6534,7289,3648,4019,1453,496,True
4109658,Honório Serpa,PR,Paraná,4103,Cascavel,410010,Pato Branco,4941,2513,2428,133,119,327,295,323,337,352,356,797,761,964,536,161,41,True
4109708,Ibaiti,PR,Paraná,4105,Londrina,410026,Ibaiti,28824,14277,14547,841,749,2022,2001,2007,2080,2031,2018,4279,4715,4713,3148,857,317,True
4109757,Ibema,PR,Paraná,4103,Cascavel,410006,Cascavel,6218,3026,3192,165,190,418,448,384,415,419,446,910,980,916,701,152,44,True
4109807,Ibiporã,PR,Paraná,4105,Londrina,410021,Londrina,51589,24821,26768,1373,1293,3607,3677,3626,3971,3542,3890,7311,8765,5341,6658,2179,625,True
4109906,Icaraíma,PR,Paraná,4104,Maringá,410016,Umuarama,8991,4494,4497,243,231,636,536,581,554,626,611,1482,1666,1484,1065,250,53,True
4110003,Iguaraçu,PR,Paraná,4104,Maringá,410014,Maringá,5338,2643,2695,117,119,367,372,419,418,392,386,742,806,436,584,178,46,True
4110052,Iguatu,PR,Paraná,4103,Cascavel,410006,Cascavel,2144,1093,1051,64,58,133,117,142,138,156,159,384,403,377,254,63,15,True
4110078,Imbaú,PR,Paraná,4106,Ponta Grossa,410028,Telêmaco Borba,14249,7155,7094,424,427,1155,1222,932,1010,1028,988,1859,1714,1947,1130,200,48,True
4110102,Imbituva,PR,Paraná,4106,Ponta Grossa,410029,Irati,29924,14983,14941,959,903,2462,2456,2252,2218,2085,2112,3717,3844,4564,2846,651,227,True
4110201,Inácio Martins,PR,Paraná,4102,Guarapuava,410004,Guarapuava,9670,4919,4751,355,280,772,725,624,612,678,692,1322,1279,2042,831,135,38,True
4110300,Inajá,PR,Paraná,4104,Maringá,410019,Paranacity - Colorado,2532,1205,1327,57,58,129,135,153,169,177,184,426,506,445,379,80,21,True
4110409,Indianópolis,PR,Paraná,4104,Maringá,410018,Cianorte,4443,2228,2215,118,124,289,251,302,285,295,322,732,771,499,618,212,53,True
4110508,Ipiranga,PR,Paraná,4106,Ponta Grossa,410027,Ponta Grossa,14142,7334,6808,450,405,1124,1071,1093,1022,1065,964,1926,1774,2246,1376,356,99,True
4110607,Iporã,PR,Paraná,4104,Maringá,410016,Umuarama,15733,7746,7987,401,410,1039,1037,1052,1012,1014,1099,2522,2839,2274,1906,492,146,True
4110656,Iracema do Oeste,PR,Paraná,4103,Cascavel,410008,Toledo,2343,1174,1169,66,49,153,130,143,150,164,166,413,452,445,302,76,13,True
4110706,Irati,PR,Paraná,4106,Ponta Grossa,410029,Irati,59181,29021,30160,1660,1556,4325,4235,4309,4568,4287,4410,8346,9484,7255,6941,2279,811,True
4110805,Iretama,PR,Paraná,4104,Maringá,410015,Campo Mourão,10684,5412,5272,305,283,759,723,659,645,698,769,1808,1787,2160,913,231,69,True
4110904,Itaguajé,PR,Paraná,4104,Maringá,410019,Paranacity - Colorado,4478,2222,2256,120,111,292,259,296,296,279,279,716,806,708,573,122,40,True
4110953,Itaipulândia,PR,Paraná,4103,Cascavel,410007,Foz do Iguaçu,11485,5724,5761,336,339,923,883,794,878,807,778,1511,1605,1161,1179,339,84,True
4111001,Itambaracá,PR,Paraná,4105,Londrina,410024,Cornélio Procópio ¿ Bandeirantes,5908,2908,3000,164,159,355,323,338,375,432,432,1036,1153,1077,826,163,54,True
4111100,Itambé,PR,Paraná,4104,Maringá,410014,Maringá,6104,2992,3112,150,145,401,386,425,406,391,493,1036,1120,638,911,254,52,True
4111209,Itapejara d'Oeste,PR,Paraná,4103,Cascavel,410010,Pato Branco,12344,6095,6249,350,333,905,889,894,927,785,824,1839,1988,1439,1434,388,109,True
4111258,Itaperuçu,PR,Paraná,4101,Curitiba,410001,Curitiba,31204,15665,15539,1047,1038,2633,2678,2428,2543,2361,2310,3188,3130,3348,2656,569,90,True
4111308,Itaúna do Sul,PR,Paraná,4104,Maringá,410017,Paranavaí,3572,1742,1830,108,100,216,202,242,231,241,246,561,654,613,390,81,15,True
4111407,Ivaí,PR,Paraná,4106,Ponta Grossa,410027,Ponta Grossa,13229,6824,6405,413,411,998,976,1006,909,985,889,1833,1777,2168,1139,297,93,True
4111506,Ivaiporã,PR,Paraná,4105,Londrina,410025,Ivaiporã,32602,15808,16794,804,833,2050,2180,2241,2341,2215,2375,5293,6028,5297,3584,1192,459,True
4111555,Ivaté,PR,Paraná,4104,Maringá,410016,Umuarama,6828,3363,3465,186,148,384,385,459,474,496,502,1134,1234,1015,1082,260,53,True
4111605,Ivatuba,PR,Paraná,4104,Maringá,410014,Maringá,2708,1322,1386,79,53,166,159,176,192,174,187,477,536,298,364,133,27,True
4111704,Jaboti,PR,Paraná,4105,Londrina,410026,Ibaiti,5427,2752,2675,164,143,353,338,308,352,424,397,930,927,856,545,127,44,True
4111803,Jacarezinho,PR,Paraná,4105,Londrina,410022,Santo Antônio da Platina,40375,19604,20771,1167,1035,2834,2882,2886,2984,2640,2890,5683,6699,4608,4762,1694,682,True
4111902,Jaguapitã,PR,Paraná,4105,Londrina,410021,Londrina,15122,7484,7638,447,402,1174,1177,1167,1148,1062,1047,1947,2264,1267,1812,548,137,True
4112009,Jaguariaíva,PR,Paraná,4106,Ponta Grossa,410027,Ponta Grossa,34979,17203,17776,1024,998,2540,2656,2623,2825,2543,2557,4204,4602,4732,3584,1184,426,True
4112108,Jandaia do Sul,PR,Paraná,4105,Londrina,410023,Apucarana,21364,10345,11019,520,502,1529,1484,1465,1530,1483,1542,3330,4053,2169,2909,1070,369,True
4112207,Janiópolis,PR,Paraná,4104,Maringá,410015,Campo Mourão,5870,2918,2952,168,130,376,345,347,360,380,397,1111,1180,1178,728,166,66,True
4112306,Japira,PR,Paraná,4105,Londrina,410026,Ibaiti,4972,2539,2433,158,119,302,281,332,336,350,362,827,834,814,566,115,44,True
4112405,Japurá,PR,Paraná,4104,Maringá,410018,Cianorte,9144,4494,4650,219,227,628,558,606,617,626,632,1585,1792,794,1395,411,88,True
4112504,Jardim Alegre,PR,Paraná,4105,Londrina,410025,Ivaiporã,12004,6015,5989,340,272,733,711,784,796,810,839,2135,2217,2482,1053,255,80,True
4112603,Jardim Olinda,PR,Paraná,4104,Maringá,410019,Paranacity - Colorado,1334,672,662,35,33,83,75,96,104,78,91,218,226,213,171,38,12,True
4112702,Jataizinho,PR,Paraná,4105,Londrina,410021,Londrina,11813,5754,6059,340,312,883,874,793,831,781,874,1690,1898,1630,1305,339,83,True
4112751,Jesuítas,PR,Paraná,4103,Cascavel,410008,Toledo,10495,5200,5295,253,256,649,583,716,757,681,764,1858,1942,1574,1038,255,73,True
4112801,Joaquim Távora,PR,Paraná,4105,Londrina,410022,Santo Antônio da Platina,11945,5898,6047,326,325,929,858,859,929,793,840,1629,1872,1585,1384,374,140,True
4112900,Jundiaí do Sul,PR,Paraná,4105,Londrina,410022,Santo Antônio da Platina,3333,1705,1628,96,69,202,226,177,208,216,219,637,597,641,309,66,30,True
4112959,Juranda,PR,Paraná,4104,Maringá,410015,Campo Mourão,7771,3827,3944,206,218,580,506,495,529,563,565,1162,1359,1219,904,221,71,True
4113007,Jussara,PR,Paraná,4104,Maringá,410018,Cianorte,6690,3320,3370,179,167,433,437,475,468,444,461,1059,1171,687,1037,265,61,True
4113106,Kaloré,PR,Paraná,4105,Londrina,410023,Apucarana,4577,2288,2289,107,105,264,258,285,286,300,294,871,945,815,553,116,26,True
4113205,Lapa,PR,Paraná,4101,Curitiba,410001,Curitiba,44986,22350,22636,1250,1211,3285,3154,3218,3369,3316,3392,6612,7005,6507,5117,1592,542,True
4113254,Laranjal,PR,Paraná,4102,Guarapuava,410005,Pitanga,5600,2858,2742,186,181,422,373,363,418,415,393,772,685,1215,345,74,18,True
4113304,Laranjeiras do Sul,PR,Paraná,4103,Cascavel,410011,Laranjeiras do Sul - Quedas do Iguaçu,32207,15855,16352,994,903,2469,2592,2324,2403,2063,2174,4299,4835,4447,3198,1219,445,True
4113403,Leópolis,PR,Paraná,4105,Londrina,410024,Cornélio Procópio ¿ Bandeirantes,3752,1857,1895,73,88,181,223,276,246,239,265,713,733,628,490,113,42,True
4113429,Lidianópolis,PR,Paraná,4105,Londrina,410025,Ivaiporã,3938,1928,2010,88,93,199,207,228,239,242,285,752,804,806,401,93,26,True
4113452,Lindoeste,PR,Paraná,4103,Cascavel,410006,Cascavel,5175,2615,2560,155,126,323,302,324,350,329,353,900,877,978,502,88,29,True
4113502,Loanda,PR,Paraná,4104,Maringá,410020,Loanda,23225,11366,11859,613,610,1683,1661,1688,1767,1594,1655,3219,3771,2447,3013,918,335,True
4113601,Lobato,PR,Paraná,4104,Maringá,410019,Paranacity - Colorado,4601,2280,2321,136,106,302,286,306,316,347,360,735,837,498,663,194,54,True
4113700,Londrina,PR,Paraná,4105,Londrina,410021,Londrina,553775,262072,291703,14426,14231,41583,43532,40230,43300,37512,42098,75126,97556,41442,65735,34562,18834,True
4113734,Luiziana,PR,Paraná,4104,Maringá,410015,Campo Mourão,6690,3298,3392,186,166,458,402,445,489,454,436,974,1055,1324,720,143,48,True
4113759,Lunardelli,PR,Paraná,4105,Londrina,410025,Ivaiporã,4872,2444,2428,125,116,255,271,287,302,335,299,952,1010,1029,520,119,30,True
4113809,Lupionópolis,PR,Paraná,4105,Londrina,410021,Londrina,4811,2357,2454,130,129,307,324,319,320,298,315,789,871,675,652,146,36,True
4113908,Mallet,PR,Paraná,4106,Ponta Grossa,410029,Irati,13428,6949,6479,365,372,1026,961,1093,963,1040,878,2051,2054,2031,1381,406,104,True
4114005,Mamborê,PR,Paraná,4104,Maringá,410015,Campo Mourão,13452,6548,6904,372,334,868,894,901,934,891,998,2176,2414,2329,1515,432,167,True
4114104,Mandaguaçu,PR,Paraná,4104,Maringá,410014,Maringá,31432,15483,15949,864,795,2421,2553,2603,2611,2137,2218,3841,4302,1845,2910,934,297,True
4114203,Mandaguari,PR,Paraná,4104,Maringá,410014,Maringá,36614,17621,18993,875,889,2617,2680,2619,2741,2444,2658,5450,6405,3728,4574,1621,507,True
4114302,Mandirituba,PR,Paraná,4101,Curitiba,410001,Curitiba,27425,13826,13599,795,784,2030,1956,1798,1896,1866,1856,4181,4093,3017,2590,727,179,True
4114351,Manfrinópolis,PR,Paraná,4103,Cascavel,410009,Francisco Beltrão,2770,1450,1320,85,81,171,145,181,174,198,195,496,461,564,289,67,20,True
4114401,Mangueirinha,PR,Paraná,4103,Cascavel,410010,Pato Branco,16603,8252,8351,481,510,1214,1262,1137,1256,1132,1131,2264,2355,2550,1676,469,167,True
4114500,Manoel Ribas,PR,Paraná,4105,Londrina,410025,Ivaiporã,14232,6996,7236,391,413,1032,1085,1008,1028,908,983,1977,2044,2101,1231,425,133,True
4114609,Marechal Cândido Rondon,PR,Paraná,4103,Cascavel,410013,Marechal Cândido Rondon,55816,27185,28631,1423,1429,4312,4296,4339,4284,3886,4054,7569,8960,4453,7320,2814,990,True
4114708,Maria Helena,PR,Paraná,4104,Maringá,410016,Umuarama,5865,2916,2949,138,143,363,355,408,397,396,404,1036,1098,976,761,142,43,True
4114807,Marialva,PR,Paraná,4104,Maringá,410014,Maringá,41832,20492,21340,1077,1037,2949,2813,3269,3364,2955,3024,5841,6842,3276,4389,1632,503,True
4114906,Marilândia do Sul,PR,Paraná,4105,Londrina,410023,Apucarana,8677,4357,4320,253,230,608,560,578,598,575,572,1392,1422,1474,933,247,74,True
4115002,Marilena,PR,Paraná,4104,Maringá,410017,Paranavaí,7251,3658,3593,197,173,496,471,484,477,493,506,1155,1220,977,922,190,29,True
4115101,Mariluz,PR,Paraná,4104,Maringá,410016,Umuarama,9847,5039,4808,284,234,674,670,740,674,665,640,1500,1561,1731,977,188,71,True
4115200,Maringá,PR,Paraná,4104,Maringá,410014,Maringá,407836,193665,214171,10114,9827,32024,32598,30883,33212,27549,30853,56195,72707,21727,47567,29879,15473,True
4115309,Mariópolis,PR,Paraná,4103,Cascavel,410010,Pato Branco,6371,3179,3192,160,162,400,398,440,445,396,432,1074,1116,840,789,270,115,True
4115358,Maripá,PR,Paraná,4103,Cascavel,410008,Toledo,6546,3271,3275,175,155,394,386,478,489,528,483,977,1078,623,868,278,95,True
4115408,Marmeleiro,PR,Paraná,4103,Cascavel,410009,Francisco Beltrão,15901,7842,8059,430,417,1133,1217,1196,1136,993,1067,2406,2559,1896,1586,628,215,True
4115457,Marquinho,PR,Paraná,4103,Cascavel,410011,Laranjeiras do Sul - Quedas do Iguaçu,4504,2321,2183,123,108,269,287,290,309,346,295,742,691,874,356,92,25,True
4115507,Marumbi,PR,Paraná,4105,Londrina,410023,Apucarana,4699,2312,2387,106,106,306,314,349,351,321,316,752,799,669,669,124,29,True
4115606,Matelândia,PR,Paraná,4103,Cascavel,410006,Cascavel,18450,9096,9354,530,535,1547,1447,1341,1306,1212,1277,2430,2709,1879,2070,657,207,True
4115705,Matinhos,PR,Paraná,4101,Curitiba,410002,Paranaguá,39259,19096,20163,1067,961,2382,2415,2568,2807,2635,2835,6227,7085,3520,3864,1556,545,True
4115739,Mato Rico,PR,Paraná,4102,Guarapuava,410005,Pitanga,3267,1706,1561,94,88,209,185,232,216,244,206,576,533,803,261,46,7,True
4115754,Mauá da Serra,PR,Paraná,4105,Londrina,410023,Apucarana,9383,4703,4680,280,256,732,712,703,720,648,660,1145,1154,1361,905,179,48,True
4115804,Medianeira,PR,Paraná,4103,Cascavel,410007,Foz do Iguaçu,54369,26926,27443,1555,1393,5066,4610,4476,4411,3476,3833,6607,7743,3884,6131,2361,809,True
4115853,Mercedes,PR,Paraná,4103,Cascavel,410013,Marechal Cândido Rondon,5931,2926,3005,151,140,416,402,394,433,419,420,914,990,568,707,223,80,True
4115903,Mirador,PR,Paraná,4104,Maringá,410017,Paranavaí,2238,1127,1111,70,70,132,145,162,146,142,154,354,346,356,305,51,15,True
4116000,Miraselva,PR,Paraná,4105,Londrina,410021,Londrina,1966,985,981,65,46,112,98,117,135,139,147,345,370,215,281,76,19,True
4116059,Missal,PR,Paraná,4103,Cascavel,410007,Foz do Iguaçu,11064,5495,5569,306,260,697,674,727,723,721,759,1958,2085,1387,1427,478,125,True
4116109,Moreira Sales,PR,Paraná,4104,Maringá,410015,Campo Mourão,11175,5556,5619,286,261,670,623,681,696,723,761,2082,2236,2208,1484,287,84,True
4116208,Morretes,PR,Paraná,4101,Curitiba,410002,Paranaguá,18309,9125,9184,481,518,1229,1289,1260,1238,1246,1280,2856,2949,1973,1762,579,196,True
4116307,Munhoz de Melo,PR,Paraná,4104,Maringá,410014,Maringá,3949,1951,1998,96,94,250,245,286,256,209,247,699,762,469,534,126,46,True
4116406,Nossa Senhora das Graças,PR,Paraná,4104,Maringá,410019,Paranacity - Colorado,3666,1806,1860,92,83,218,215,245,254,259,258,605,645,464,596,151,15,True
4116505,Nova Aliança do Ivaí,PR,Paraná,4104,Maringá,410017,Paranavaí,1323,664,659,39,43,89,77,87,76,96,107,217,218,162,212,55,9,True
4116604,Nova América da Colina,PR,Paraná,4105,Londrina,410024,Cornélio Procópio ¿ Bandeirantes,3280,1656,1624,101,91,201,192,210,234,252,208,553,592,509,426,91,21,True
4116703,Nova Aurora,PR,Paraná,4103,Cascavel,410006,Cascavel,13755,6775,6980,326,315,897,881,1026,1021,878,931,2180,2397,1714,1483,430,114,True
4116802,Nova Cantu,PR,Paraná,4104,Maringá,410015,Campo Mourão,6790,3404,3386,178,187,499,465,441,419,445,458,1133,1147,1480,647,131,44,True
4116901,Nova Esperança,PR,Paraná,4104,Maringá,410014,Maringá,26575,12858,13717,705,692,1733,1777,1817,1869,1757,1982,4254,4928,3120,3849,1170,355,True
4116950,Nova Esperança do Sudoeste,PR,Paraná,4103,Cascavel,410009,Francisco Beltrão,5597,2866,2731,175,148,425,394,353,354,381,398,911,861,642,618,188,71,True
4117008,Nova Fátima,PR,Paraná,4105,Londrina,410024,Cornélio Procópio ¿ Bandeirantes,7225,3533,3692,178,183,476,414,470,499,506,535,1219,1342,1321,943,240,62,True
4117057,Nova Laranjeiras,PR,Paraná,4103,Cascavel,410011,Laranjeiras do Sul - Quedas do Iguaçu,12074,6143,5931,419,378,899,905,746,788,765,709,1635,1551,1972,708,203,59,True
4117107,Nova Londrina,PR,Paraná,4104,Maringá,410017,Paranavaí,12917,6339,6578,328,321,911,932,955,890,862,938,1884,2170,1605,1781,510,198,True
4117206,Nova Olímpia,PR,Paraná,4104,Maringá,410016,Umuarama,5833,2881,2952,138,128,382,370,375,401,430,411,963,1093,767,803,184,53,True
4117255,Nova Prata do Iguaçu,PR,Paraná,4103,Cascavel,410012,Dois Vizinhos,12692,6314,6378,371,359,887,886,866,887,874,912,1845,1935,1325,1250,418,107,True
4117214,Nova Santa Bárbara,PR,Paraná,4105,Londrina,410024,Cornélio Procópio ¿ Bandeirantes,4184,2066,2118,124,106,281,301,268,269,247,277,679,754,802,352,81,28,True
4117222,Nova Santa Rosa,PR,Paraná,4103,Cascavel,410013,Marechal Cândido Rondon,8322,4122,4200,204,212,542,516,629,649,629,602,1266,1384,833,1192,400,124,True
4117271,Nova Tebas,PR,Paraná,4102,Guarapuava,410005,Pitanga,6848,3515,3333,199,170,441,388,413,416,479,483,1252,1184,1582,560,118,29,True
4117297,Novo Itacolomi,PR,Paraná,4105,Londrina,410023,Apucarana,3125,1584,1541,87,73,216,210,217,213,196,206,579,558,454,345,75,14,True
4117305,Ortigueira,PR,Paraná,4106,Ponta Grossa,410028,Telêmaco Borba,24192,12288,11904,747,713,1621,1640,1663,1732,1828,1648,3505,3305,4858,1667,370,93,True
4117404,Ourizona,PR,Paraná,4104,Maringá,410014,Maringá,3187,1604,1583,75,69,195,169,226,221,212,204,563,631,380,517,151,28,True
4117453,Ouro Verde do Oeste,PR,Paraná,4103,Cascavel,410008,Toledo,6776,3370,3406,185,185,468,464,510,515,522,502,949,1002,730,746,180,65,True
4117503,Paiçandu,PR,Paraná,4104,Maringá,410014,Maringá,45945,22628,23317,1231,1127,3566,3575,3660,3732,3270,3343,5653,6530,3605,5760,1460,202,True
4117602,Palmas,PR,Paraná,4103,Cascavel,410010,Pato Branco,48213,23559,24654,1628,1543,3985,4006,3398,3704,3015,3319,5288,6004,5440,4308,1416,540,True
4117701,Palmeira,PR,Paraná,4106,Ponta Grossa,410027,Ponta Grossa,33850,16828,17022,941,878,2618,2510,2521,2550,2391,2411,4678,5131,4069,3664,1299,418,True
4117800,Palmital,PR,Paraná,4102,Guarapuava,410005,Pitanga,13033,6615,6418,416,391,854,840,861,901,912,934,1962,1925,2878,1127,268,97,True
4117909,Palotina,PR,Paraná,4103,Cascavel,410008,Toledo,35002,17148,17854,926,887,2656,2662,2735,2730,2401,2551,4557,5275,2604,4055,1733,701,True
4118006,Paraíso do Norte,PR,Paraná,4104,Maringá,410017,Paranavaí,13245,6471,6774,348,377,963,997,1054,993,888,939,1796,2058,1059,1884,597,174,True
4118105,Paranacity,PR,Paraná,4104,Maringá,410019,Paranacity - Colorado,9494,4711,4783,265,250,650,665,600,677,701,677,1415,1550,1331,1429,342,88,True
4118204,Paranaguá,PR,Paraná,4101,Curitiba,410002,Paranaguá,145810,71723,74087,4583,4453,11260,11236,10806,11238,10197,10685,17613,20088,13308,16033,7399,2672,True
4118303,Paranapoema,PR,Paraná,4104,Maringá,410019,Paranacity - Colorado,2398,1172,1226,58,64,157,130,178,183,164,180,348,389,432,369,71,16,True
4118402,Paranavaí,PR,Paraná,4104,Maringá,410017,Paranavaí,91825,43890,47935,2401,2399,6411,6624,6505,6964,5994,6728,12898,15959,8458,11074,4507,1893,True
4118451,Pato Bragado,PR,Paraná,4103,Cascavel,410013,Marechal Cândido Rondon,5733,2776,2957,147,164,406,414,426,411,360,413,830,938,437,779,238,85,True
4118501,Pato Branco,PR,Paraná,4103,Cascavel,410010,Pato Branco,91825,44235,47590,2526,2561,7826,7848,7314,7665,6062,6592,10715,13585,5644,9803,5047,2240,True
4118600,Paula Freitas,PR,Paraná,4101,Curitiba,410003,União da Vitória,5666,2900,2766,168,148,381,333,392,418,430,396,935,897,850,554,158,36,True
4118709,Paulo Frontin,PR,Paraná,4101,Curitiba,410003,União da Vitória,6339,3304,3035,189,152,473,406,469,458,517,442,1037,1026,1118,758,186,54,True
4118808,Peabiru,PR,Paraná,4104,Maringá,410015,Campo Mourão,13346,6539,6807,371,362,922,918,895,964,878,888,1944,2302,2033,1611,455,139,True
4118857,Perobal,PR,Paraná,4104,Maringá,410016,Umuarama,7189,3555,3634,189,193,514,473,486,526,475,506,1088,1210,782,781,192,32,True
4118907,Pérola,PR,Paraná,4104,Maringá,410016,Umuarama,11878,5816,6062,270,283,727,754,870,870,838,853,1894,2143,1305,1615,385,111,True
4119004,Pérola d'Oeste,PR,Paraná,4103,Cascavel,410009,Francisco Beltrão,6221,3113,3108,137,159,392,361,405,390,355,417,1219,1227,1092,755,229,68,True
4119103,Piên,PR,Paraná,4101,Curitiba,410001,Curitiba,13655,6910,6745,381,366,1058,1052,1098,1049,1057,955,1741,1732,1354,1472,363,79,True
4119152,Pinhais,PR,Paraná,4101,Curitiba,410001,Curitiba,126557,60639,65918,3594,3531,10115,10235,9520,10379,9410,10502,15006,18851,8813,15465,7607,2733,True
4119251,Pinhal de São Bento,PR,Paraná,4103,Cascavel,410009,Francisco Beltrão,2761,1416,1345,98,80,196,193,191,164,168,180,471,465,450,288,67,14,True
4119202,Pinhalão,PR,Paraná,4105,Londrina,410026,Ibaiti,6566,3277,3289,164,195,413,401,433,450,469,458,1148,1142,1030,680,142,62,True
4119301,Pinhão,PR,Paraná,4102,Guarapuava,410004,Guarapuava,29886,14929,14957,994,949,2365,2395,1931,2075,1986,2018,3808,3783,5059,2290,615,160,True
4119400,Piraí do Sul,PR,Paraná,4106,Ponta Grossa,410027,Ponta Grossa,23639,11731,11908,769,693,1713,1737,1647,1738,1639,1629,3157,3457,3835,2296,671,228,True
4119509,Piraquara,PR,Paraná,4101,Curitiba,410001,Curitiba,112272,54956,57316,3679,3585,9111,9268,8605,9228,7905,8495,11233,13035,8955,12027,3466,775,True
4119608,Pitanga,PR,Paraná,4102,Guarapuava,410005,Pitanga,33567,16731,16836,971,968,2445,2335,2362,2442,2418,2426,4779,5057,5483,3065,939,333,True
4119657,Pitangueiras,PR,Paraná,4105,Londrina,410021,Londrina,3046,1523,1523,82,70,198,210,223,222,209,205,479,515,302,440,88,17,True
4119707,Planaltina do Paraná,PR,Paraná,4104,Maringá,410017,Paranavaí,4070,2048,2022,104,107,273,285,277,288,258,254,687,684,556,538,129,38,True
4119806,Planalto,PR,Paraná,4103,Cascavel,410009,Francisco Beltrão,14362,7167,7195,379,356,1027,962,1008,974,916,894,2457,2671,2050,1594,453,158,True
4119905,Ponta Grossa,PR,Paraná,4106,Ponta Grossa,410027,Ponta Grossa,357167,172466,184701,10627,10390,28883,29169,26971,28054,24399,26385,41292,52070,29727,38638,16700,7731,True
4119954,Pontal do Paraná,PR,Paraná,4101,Curitiba,410002,Paranaguá,30425,15005,15420,792,740,1792,1811,2020,2068,2093,2092,5104,5786,2614,2829,1106,359,True
4120002,Porecatu,PR,Paraná,4105,Londrina,410021,Londrina,11521,5543,5978,265,280,707,683,709,757,804,883,2023,2344,1322,2034,675,240,True
4120101,Porto Amazonas,PR,Paraná,4106,Ponta Grossa,410027,Ponta Grossa,4098,2039,2059,125,107,300,292,293,291,277,295,592,667,577,566,161,46,True
4120150,Porto Barreiro,PR,Paraná,4103,Cascavel,410011,Laranjeiras do Sul - Quedas do Iguaçu,3110,1607,1503,84,68,189,185,215,200,238,211,522,496,636,309,97,32,True
4120200,Porto Rico,PR,Paraná,4104,Maringá,410020,Loanda,3160,1591,1569,86,70,208,236,266,243,228,231,457,456,342,336,80,17,True
4120309,Porto Vitória,PR,Paraná,4101,Curitiba,410003,União da Vitória,3562,1810,1752,114,95,248,248,236,233,275,248,550,568,586,444,112,33,True
4120333,Prado Ferreira,PR,Paraná,4105,Londrina,410021,Londrina,3709,1855,1854,104,83,226,282,255,263,264,255,572,605,408,443,108,26,True
4120358,Pranchita,PR,Paraná,4103,Cascavel,410009,Francisco Beltrão,5737,2796,2941,128,165,365,373,414,389,379,387,921,1046,814,668,212,109,True
4120408,Presidente Castelo Branco,PR,Paraná,4104,Maringá,410014,Maringá,4336,2155,2181,122,112,322,305,287,281,309,336,688,681,503,745,177,36,True
4120507,Primeiro de Maio,PR,Paraná,4105,Londrina,410021,Londrina,10082,4978,5104,240,263,655,564,681,640,651,713,1870,2056,1574,1315,399,132,True
4120606,Prudentópolis,PR,Paraná,4102,Guarapuava,410004,Guarapuava,49393,25002,24391,1494,1399,3672,3393,3587,3438,3840,3424,7260,7587,7934,4896,1165,376,True
4120655,Quarto Centenário,PR,Paraná,4104,Maringá,410015,Campo Mourão,4201,2051,2150,105,121,263,271,277,298,253,275,714,752,794,581,108,34,True
4120705,Quatiguá,PR,Paraná,4105,Londrina,410022,Santo Antônio da Platina,8099,3900,4199,169,175,533,532,597,642,514,583,1306,1476,1038,984,244,75,True
4120804,Quatro Barras,PR,Paraná,4101,Curitiba,410001,Curitiba,24186,12030,12156,717,641,1808,1789,1856,1962,1870,1882,3004,3293,1645,2686,1070,386,True
4120853,Quatro Pontes,PR,Paraná,4103,Cascavel,410013,Marechal Cândido Rondon,4480,2195,2285,105,110,269,273,336,348,295,295,740,830,326,526,269,108,True
4120903,Quedas do Iguaçu,PR,Paraná,4103,Cascavel,410011,Laranjeiras do Sul - Quedas do Iguaçu,30726,15346,15380,894,898,2315,2220,2048,2128,2180,2150,4241,4504,4671,3039,824,265,True
4121000,Querência do Norte,PR,Paraná,4104,Maringá,410020,Loanda,10685,5335,5350,305,272,632,674,681,720,758,780,1687,1703,2155,1117,234,63,True
4121109,Quinta do Sol,PR,Paraná,4104,Maringá,410015,Campo Mourão,5001,2517,2484,149,115,314,277,317,340,333,346,803,865,743,656,158,57,True
4121208,Quitandinha,PR,Paraná,4101,Curitiba,410001,Curitiba,18398,9459,8939,501,472,1262,1211,1360,1307,1333,1282,2992,2830,2984,1458,361,104,True
4121257,Ramilândia,PR,Paraná,4103,Cascavel,410006,Cascavel,4221,2160,2061,142,126,340,315,286,270,285,273,605,601,710,391,77,14,True
4121307,Rancho Alegre,PR,Paraná,4105,Londrina,410024,Cornélio Procópio ¿ Bandeirantes,3512,1691,1821,70,97,226,215,194,199,227,246,676,775,681,482,134,35,True
4121356,Rancho Alegre D'Oeste,PR,Paraná,4104,Maringá,410015,Campo Mourão,2618,1283,1335,74,66,164,178,166,176,177,190,420,459,450,315,83,25,True
4121406,Realeza,PR,Paraná,4103,Cascavel,410009,Francisco Beltrão,19235,9372,9863,487,486,1424,1572,1409,1476,1315,1307,2733,3143,2001,2198,734,258,True
4121505,Rebouças,PR,Paraná,4106,Ponta Grossa,410029,Irati,14514,7308,7206,436,416,1069,1020,1056,1066,983,955,2168,2249,2656,1257,319,81,True
4121604,Renascença,PR,Paraná,4103,Cascavel,410009,Francisco Beltrão,6835,3370,3465,166,209,491,440,448,476,419,459,1108,1164,947,717,296,150,True
4121703,Reserva,PR,Paraná,4106,Ponta Grossa,410028,Telêmaco Borba,24573,12444,12129,784,806,1825,1804,1728,1719,1735,1765,3426,3322,4568,1909,440,166,True
4121752,Reserva do Iguaçu,PR,Paraná,4102,Guarapuava,410004,Guarapuava,6553,3307,3246,221,196,497,518,426,412,416,471,882,773,1118,571,143,47,True
4121802,Ribeirão Claro,PR,Paraná,4105,Londrina,410022,Santo Antônio da Platina,12364,6102,6262,299,321,854,824,842,874,832,886,2039,2161,1559,1271,354,119,True
4121901,Ribeirão do Pinhal,PR,Paraná,4105,Londrina,410022,Santo Antônio da Platina,13060,6358,6702,365,321,896,937,803,857,846,948,2090,2282,2384,1422,309,143,True
4122008,Rio Azul,PR,Paraná,4106,Ponta Grossa,410029,Irati,14025,7121,6904,406,407,1077,1012,1113,1038,1040,920,2029,2031,2155,1403,389,95,True
4122107,Rio Bom,PR,Paraná,4105,Londrina,410023,Apucarana,3197,1610,1587,85,75,201,168,196,206,190,194,645,629,590,371,93,22,True
4122156,Rio Bonito do Iguaçu,PR,Paraná,4103,Cascavel,410011,Laranjeiras do Sul - Quedas do Iguaçu,13929,7200,6729,459,389,935,954,950,982,1088,978,2025,1809,2344,1057,216,61,True
4122172,Rio Branco do Ivaí,PR,Paraná,4105,Londrina,410025,Ivaiporã,3799,1931,1868,123,96,229,237,290,280,263,233,559,557,773,290,51,17,True
4122206,Rio Branco do Sul,PR,Paraná,4101,Curitiba,410001,Curitiba,37550,19172,18378,1190,972,2660,2768,3047,3180,2994,2764,4695,4469,4116,3392,867,241,True
4122305,Rio Negro,PR,Paraná,4101,Curitiba,410001,Curitiba,31279,15573,15706,941,830,2365,2229,2307,2275,2357,2335,4288,4833,3251,4107,1574,530,True
4122404,Rolândia,PR,Paraná,4105,Londrina,410021,Londrina,71571,34782,36789,1901,1790,5651,5673,5390,5596,4770,5098,9293,10987,5323,8355,3193,1057,True
4122503,Roncador,PR,Paraná,4104,Maringá,410015,Campo Mourão,11251,5522,5729,334,334,702,742,761,791,810,852,1755,1797,2267,982,243,73,True
4122602,Rondon,PR,Paraná,4104,Maringá,410018,Cianorte,9097,4542,4555,278,263,620,639,672,602,606,638,1392,1497,866,1398,417,106,True
4122651,Rosário do Ivaí,PR,Paraná,4105,Londrina,410025,Ivaiporã,5435,2725,2710,146,127,307,336,337,344,377,396,1016,967,1108,460,79,27,True
4122701,Sabáudia,PR,Paraná,4105,Londrina,410021,Londrina,8822,4343,4479,244,254,669,653,652,663,599,646,1241,1294,619,919,289,71,True
4122800,Salgado Filho,PR,Paraná,4103,Cascavel,410009,Francisco Beltrão,4075,2020,2055,119,91,304,300,262,259,287,292,652,695,718,479,144,40,True
4122909,Salto do Itararé,PR,Paraná,4105,Londrina,410022,Santo Antônio da Platina,5192,2607,2585,137,127,303,331,349,325,344,350,941,945,1023,570,119,29,True
4123006,Salto do Lontra,PR,Paraná,4103,Cascavel,410012,Dois Vizinhos,15223,7579,7644,431,402,1084,1060,1097,1121,1003,1052,2320,2444,1731,1586,515,179,True
4123105,Santa Amélia,PR,Paraná,4105,Londrina,410024,Cornélio Procópio ¿ Bandeirantes,3394,1674,1720,97,79,194,211,211,201,197,218,602,650,629,428,97,18,True
4123204,Santa Cecília do Pavão,PR,Paraná,4105,Londrina,410024,Cornélio Procópio ¿ Bandeirantes,3365,1665,1700,78,85,188,204,232,236,202,203,618,639,691,383,84,30,True
4123303,Santa Cruz de Monte Castelo,PR,Paraná,4104,Maringá,410020,Loanda,8613,4266,4347,239,216,551,543,640,641,580,601,1349,1502,1194,1030,265,78,True
4123402,Santa Fé,PR,Paraná,4104,Maringá,410014,Maringá,11371,5480,5891,268,272,729,720,810,853,761,831,1820,2121,1031,1607,495,136,True
4123501,Santa Helena,PR,Paraná,4103,Cascavel,410008,Toledo,25492,12515,12977,677,647,1833,1808,1737,1853,1684,1799,3829,4257,3229,3050,976,303,True
4123600,Santa Inês,PR,Paraná,4104,Maringá,410019,Paranacity - Colorado,1748,858,890,48,51,102,104,109,107,92,106,323,335,246,268,43,17,True
4123709,Santa Isabel do Ivaí,PR,Paraná,4104,Maringá,410020,Loanda,8912,4356,4556,240,223,536,551,621,619,563,620,1491,1688,1258,1251,297,86,True
4123808,Santa Izabel do Oeste,PR,Paraná,4103,Cascavel,410009,Francisco Beltrão,14070,7057,7013,373,335,1099,1007,1035,1026,935,921,2154,2315,1862,1414,387,117,True
4123824,Santa Lúcia,PR,Paraná,4103,Cascavel,410006,Cascavel,3644,1837,1807,103,96,212,223,239,231,241,243,630,664,677,445,121,39,True
4123857,Santa Maria do Oeste,PR,Paraná,4102,Guarapuava,410005,Pitanga,9934,5119,4815,311,295,674,585,659,686,755,687,1576,1458,2212,808,165,36,True
4123907,Santa Mariana,PR,Paraná,4105,Londrina,410024,Cornélio Procópio ¿ Bandeirantes,11066,5376,5690,249,245,669,660,686,710,732,814,1961,2252,2105,1433,380,142,True
4123956,Santa Mônica,PR,Paraná,4104,Maringá,410020,Loanda,3349,1705,1644,87,81,223,192,234,236,245,231,508,534,528,455,81,20,True
4124020,Santa Tereza do Oeste,PR,Paraná,4103,Cascavel,410006,Cascavel,13174,6500,6674,364,350,966,1015,1037,1020,850,938,1649,1799,1321,1359,386,84,True
4124053,Santa Terezinha de Itaipu,PR,Paraná,4103,Cascavel,410007,Foz do Iguaçu,24262,11655,12607,649,653,1663,1765,1706,1899,1668,1825,3332,3940,2442,2538,981,279,True
4124004,Santana do Itararé,PR,Paraná,4105,Londrina,410022,Santo Antônio da Platina,5514,2780,2734,150,151,375,368,355,353,402,369,941,916,1081,435,84,33,True
4124103,Santo Antônio da Platina,PR,Paraná,4105,Londrina,410022,Santo Antônio da Platina,44369,21536,22833,1230,1247,3207,3172,3195,3316,2903,3181,6333,7291,5301,5499,1722,665,True
4124202,Santo Antônio do Caiuá,PR,Paraná,4104,Maringá,410017,Paranavaí,2493,1214,1279,61,54,159,165,154,147,181,190,426,487,478,327,63,17,True
4124301,Santo Antônio do Paraíso,PR,Paraná,4105,Londrina,410024,Cornélio Procópio ¿ Bandeirantes,2125,1031,1094,65,60,139,114,134,144,134,150,376,422,417,279,67,17,True
4124400,Santo Antônio do Sudoeste,PR,Paraná,4103,Cascavel,410009,Francisco Beltrão,23673,11732,11941,711,675,1740,1823,1713,1696,1537,1587,3353,3647,2913,1895,544,205,True
4124509,Santo Inácio,PR,Paraná,4104,Maringá,410019,Paranacity - Colorado,6181,3074,3107,155,153,414,396,453,445,427,418,896,1002,614,744,253,81,True
4124608,São Carlos do Ivaí,PR,Paraná,4104,Maringá,410017,Paranavaí,6587,3305,3282,178,145,481,479,488,472,475,446,953,1056,647,921,309,61,True
4124707,São Jerônimo da Serra,PR,Paraná,4105,Londrina,410024,Cornélio Procópio ¿ Bandeirantes,10830,5576,5254,331,319,747,704,713,724,727,692,1771,1649,2127,691,169,71,True
4124806,São João,PR,Paraná,4103,Cascavel,410010,Pato Branco,11879,5847,6032,295,283,855,828,829,865,735,787,1881,2097,1584,1303,389,127,True
4124905,São João do Caiuá,PR,Paraná,4104,Maringá,410017,Paranavaí,5586,2753,2833,159,143,372,363,348,364,404,389,870,990,959,698,134,46,True
4125001,São João do Ivaí,PR,Paraná,4105,Londrina,410025,Ivaiporã,10662,5208,5454,252,238,601,618,670,702,714,730,1944,2197,2043,1384,301,93,True
4125100,São João do Triunfo,PR,Paraná,4106,Ponta Grossa,410027,Ponta Grossa,13726,7074,6652,438,428,1106,975,1057,1017,1069,913,1911,1803,2528,1107,266,77,True
4125308,São Jorge do Ivaí,PR,Paraná,4104,Maringá,410014,Maringá,5160,2543,2617,142,112,296,284,321,337,326,353,983,1087,623,872,276,73,True
4125357,São Jorge do Patrocínio,PR,Paraná,4104,Maringá,410016,Umuarama,6504,3255,3249,161,144,414,374,451,448,403,441,1210,1203,779,947,206,49,True
4125209,São Jorge d'Oeste,PR,Paraná,4103,Cascavel,410012,Dois Vizinhos,9376,4641,4735,233,221,619,587,651,675,606,625,1605,1676,1438,1025,313,91,True
4125407,São José da Boa Vista,PR,Paraná,4105,Londrina,410022,Santo Antônio da Platina,6040,3093,2947,159,144,428,379,345,398,418,389,1107,1034,1221,714,139,45,True
4125456,São José das Palmeiras,PR,Paraná,4103,Cascavel,410008,Toledo,3957,1974,1983,103,92,225,246,245,278,275,286,651,660,604,460,106,18,True
4125506,São José dos Pinhais,PR,Paraná,4101,Curitiba,410001,Curitiba,328407,159740,168667,9121,9004,26431,27236,27643,29407,24732,25887,34681,41382,19398,36971,17375,5480,True
4125555,São Manoel do Paraná,PR,Paraná,4104,Maringá,410018,Cianorte,2138,1050,1088,56,54,119,117,129,155,137,138,400,410,209,344,99,16,True
4125605,São Mateus do Sul,PR,Paraná,4101,Curitiba,410003,União da Vitória,42366,21207,21159,1169,1161,3095,3082,3092,3187,3237,3160,5882,6179,5455,4708,1656,643,True
4125704,São Miguel do Iguaçu,PR,Paraná,4103,Cascavel,410007,Foz do Iguaçu,29122,14386,14736,842,725,2120,2119,2061,2103,1877,2036,4171,4560,3451,3029,1020,336,True
4125753,São Pedro do Iguaçu,PR,Paraná,4103,Cascavel,410008,Toledo,5784,2909,2875,134,142,383,348,349,356,429,396,985,1081,1080,755,165,45,True
4125803,São Pedro do Ivaí,PR,Paraná,4105,Londrina,410023,Apucarana,8690,4276,4414,228,219,513,533,628,599,619,623,1389,1585,1121,1542,369,107,True
4125902,São Pedro do Paraná,PR,Paraná,4104,Maringá,410020,Loanda,2655,1338,1317,66,61,192,172,157,155,208,182,443,472,396,329,73,19,True
4126009,São Sebastião da Amoreira,PR,Paraná,4105,Londrina,410024,Cornélio Procópio ¿ Bandeirantes,8063,3904,4159,222,236,532,522,526,594,489,591,1283,1436,1248,1016,260,91,True
4126108,São Tomé,PR,Paraná,4104,Maringá,410018,Cianorte,5232,2609,2623,132,143,336,344,353,375,364,334,840,913,497,885,239,52,True
4126207,Sapopema,PR,Paraná,4105,Londrina,410024,Cornélio Procópio ¿ Bandeirantes,6695,3410,3285,208,177,506,483,443,413,502,471,1092,1047,1158,647,168,51,True
4126256,Sarandi,PR,Paraná,4104,Maringá,410014,Maringá,118445,57971,60474,3034,3055,9718,9930,10390,10311,8185,8515,12886,15365,8955,12761,3070,369,True
4126272,Saudade do Iguaçu,PR,Paraná,4103,Cascavel,410010,Pato Branco,6108,3045,3063,179,182,448,431,442,480,371,412,830,829,659,513,218,66,True
4126306,Sengés,PR,Paraná,4106,Ponta Grossa,410027,Ponta Grossa,17270,8767,8503,591,569,1302,1282,1170,1224,1221,1210,2344,2223,3026,1818,407,128,True
4126355,Serranópolis do Iguaçu,PR,Paraná,4103,Cascavel,410007,Foz do Iguaçu,5007,2465,2542,117,121,322,319,308,327,342,330,878,984,521,649,220,78,True
4126405,Sertaneja,PR,Paraná,4105,Londrina,410024,Cornélio Procópio ¿ Bandeirantes,5614,2785,2829,156,109,336,339,351,378,393,404,1010,1127,903,756,201,66,True
4126504,Sertanópolis,PR,Paraná,4105,Londrina,410021,Londrina,15927,7749,8178,402,338,1058,1072,1132,1164,1040,1143,2548,2920,1778,2180,755,225,True
4126603,Siqueira Campos,PR,Paraná,4105,Londrina,410022,Santo Antônio da Platina,22811,11357,11454,604,555,1776,1791,1706,1736,1620,1682,3243,3463,2810,2404,586,200,True
4126652,Sulina,PR,Paraná,4103,Cascavel,410010,Pato Branco,3440,1765,1675,92,91,211,201,232,215,220,219,642,644,533,382,135,45,True
4126678,Tamarana,PR,Paraná,4105,Londrina,410021,Londrina,10707,5369,5338,371,337,758,789,692,755,717,684,1504,1512,2138,1037,230,47,True
4126702,Tamboara,PR,Paraná,4104,Maringá,410017,Paranavaí,4880,2380,2500,124,108,307,299,342,330,326,329,796,906,619,710,179,27,True
4126801,Tapejara,PR,Paraná,4104,Maringá,410018,Cianorte,15869,7797,8072,428,414,1142,1070,1148,1191,1098,1176,2309,2501,1715,2145,482,144,True
4126900,Tapira,PR,Paraná,4104,Maringá,410016,Umuarama,5745,2845,2900,146,145,308,353,365,365,372,347,1072,1150,983,757,153,41,True
4127007,Teixeira Soares,PR,Paraná,4106,Ponta Grossa,410029,Irati,9547,4850,4697,317,295,711,705,674,684,673,640,1404,1341,1621,934,233,95,True
4127106,Telêmaco Borba,PR,Paraná,4106,Ponta Grossa,410028,Telêmaco Borba,74747,36785,37962,2104,2021,5500,5791,5843,5957,5354,5552,9034,10271,7774,8955,3377,1120,True
4127205,Terra Boa,PR,Paraná,4104,Maringá,410018,Cianorte,17541,8613,8928,396,407,1267,1210,1268,1315,1196,1273,2629,2993,1640,2562,621,160,True
4127304,Terra Rica,PR,Paraná,4104,Maringá,410017,Paranavaí,14842,7289,7553,409,386,898,918,971,1032,1046,1075,2353,2627,1837,2277,521,129,True
4127403,Terra Roxa,PR,Paraná,4103,Cascavel,410008,Toledo,18119,8774,9345,503,456,1202,1189,1198,1314,1166,1221,2743,3164,2298,2367,609,145,True
4127502,Tibagi,PR,Paraná,4106,Ponta Grossa,410028,Telêmaco Borba,19961,10025,9936,636,570,1399,1456,1377,1435,1398,1390,2775,2731,3031,1848,518,189,True
4127601,Tijucas do Sul,PR,Paraná,4101,Curitiba,410001,Curitiba,17621,9063,8558,526,491,1285,1225,1194,1174,1269,1173,2673,2567,2267,1544,425,103,True
4127700,Toledo,PR,Paraná,4103,Cascavel,410008,Toledo,150460,73439,77021,3799,3773,12171,12020,12301,12732,10468,11146,19009,22312,10623,17922,7118,2675,True
4127809,Tomazina,PR,Paraná,4105,Londrina,410022,Santo Antônio da Platina,8426,4302,4124,210,180,492,515,604,581,564,555,1560,1546,1593,889,240,84,True
4127858,Três Barras do Paraná,PR,Paraná,4103,Cascavel,410006,Cascavel,11135,5567,5568,333,321,768,712,740,771,726,769,1771,1787,2141,1050,343,98,True
4127882,Tunas do Paraná,PR,Paraná,4101,Curitiba,410001,Curitiba,6219,3165,3054,236,209,487,520,483,459,414,387,664,609,939,607,104,30,True
4127908,Tuneiras do Oeste,PR,Paraná,4104,Maringá,410018,Cianorte,8058,4009,4049,219,214,516,514,545,507,547,620,1317,1359,1498,1007,212,49,True
4127957,Tupãssi,PR,Paraná,4103,Cascavel,410008,Toledo,8077,4010,4067,230,200,500,464,512,512,542,588,1436,1514,1211,964,287,101,True
4127965,Turvo,PR,Paraná,4102,Guarapuava,410004,Guarapuava,14231,7205,7026,437,418,1083,1098,1075,1050,954,942,1948,1915,2340,1191,328,86,True
4128005,Ubiratã,PR,Paraná,4104,Maringá,410015,Campo Mourão,24749,11993,12756,652,647,1727,1716,1735,1830,1696,1744,3612,4353,3292,2621,740,285,True
4128104,Umuarama,PR,Paraná,4104,Maringá,410016,Umuarama,117026,56118,60908,2949,2958,8295,8751,8794,9188,7988,8722,16023,19494,10336,14079,5722,2504,True
4128203,União da Vitória,PR,Paraná,4101,Curitiba,410003,União da Vitória,54985,26823,28162,1755,1530,4512,4485,3845,4065,3633,3847,7118,8675,6098,6854,2371,819,True
4128302,Uniflor,PR,Paraná,4104,Maringá,410014,Maringá,2136,1081,1055,55,41,113,99,139,148,161,155,384,394,254,400,94,17,True
4128401,Uraí,PR,Paraná,4105,Londrina,410024,Cornélio Procópio ¿ Bandeirantes,10406,5093,5313,244,253,637,633,643,645,657,748,1962,2124,1857,1338,383,125,True
4128534,Ventania,PR,Paraná,4106,Ponta Grossa,410028,Telêmaco Borba,9677,4955,4722,329,297,779,761,715,684,727,724,1256,1167,1761,931,181,54,True
4128559,Vera Cruz do Oeste,PR,Paraná,4103,Cascavel,410006,Cascavel,8215,3989,4226,190,219,552,557,536,506,503,565,1378,1564,1358,995,280,106,True
4128609,Verê,PR,Paraná,4103,Cascavel,410009,Francisco Beltrão,7925,3958,3967,193,194,471,478,564,553,524,529,1381,1451,1076,909,331,105,True
4128658,Virmond,PR,Paraná,4103,Cascavel,410011,Laranjeiras do Sul - Quedas do Iguaçu,3811,1916,1895,101,105,255,254,239,255,279,255,633,616,641,381,139,38,True
4128708,Vitorino,PR,Paraná,4103,Cascavel,410010,Pato Branco,9706,4882,4824,248,202,678,709,805,811,636,592,1262,1355,751,848,290,79,True
4128500,Wenceslau Braz,PR,Paraná,4105,Londrina,410022,Santo Antônio da Platina,19188,9477,9711,524,500,1369,1345,1317,1371,1332,1313,2802,3111,3372,1931,599,211,True
4128807,Xambrê,PR,Paraná,4104,Maringá,410016,Umuarama,5794,2803,2991,149,145,317,304,347,371,387,385,999,1168,945,822,152,45,True
4200051,Abdon Batista,SC,Santa Catarina,4204,Chapecó,420008,Joaçaba - Herval d'Oeste,2598,1317,1281,68,65,142,128,136,167,184,178,522,483,445,308,74,13,True
4200101,Abelardo Luz,SC,Santa Catarina,4204,Chapecó,420011,Xanxerê,17340,8694,8646,534,452,1336,1325,1217,1236,1115,1188,2326,2314,2315,1759,572,171,True
4200200,Agrolândia,SC,Santa Catarina,4207,Blumenau,420022,Rio do Sul,10990,5489,5501,294,307,846,782,881,921,765,777,1493,1570,730,1436,624,126,True
4200309,Agronômica,SC,Santa Catarina,4207,Blumenau,420022,Rio do Sul,6055,3052,3003,180,141,450,451,491,496,427,402,845,877,395,642,347,106,True
4200408,Água Doce,SC,Santa Catarina,4204,Chapecó,420008,Joaçaba - Herval d'Oeste,6504,3325,3179,196,162,480,432,442,418,451,441,1062,1086,873,798,312,108,True
4200507,Águas de Chapecó,SC,Santa Catarina,4204,Chapecó,420007,Chapecó,6036,3036,3000,152,130,389,401,422,427,388,406,1036,1034,803,757,247,66,True
4200556,Águas Frias,SC,Santa Catarina,4204,Chapecó,420007,Chapecó,2839,1450,1389,90,60,170,167,196,223,199,170,496,482,256,270,150,38,True
4200606,Águas Mornas,SC,Santa Catarina,4201,Florianópolis,420001,Florianópolis,6743,3383,3360,145,157,481,481,530,506,456,471,1178,1120,499,746,351,73,True
4200705,Alfredo Wagner,SC,Santa Catarina,4201,Florianópolis,420001,Florianópolis,10481,5325,5156,283,290,771,725,810,783,702,666,1685,1661,1079,1110,387,133,True
4200754,Alto Bela Vista,SC,Santa Catarina,4204,Chapecó,420010,Concórdia,1856,939,917,39,35,83,69,110,118,122,124,426,419,229,304,96,31,True
4200804,Anchieta,SC,Santa Catarina,4204,Chapecó,420009,São Miguel do Oeste,5943,2984,2959,157,148,357,346,409,413,403,408,1121,1106,743,832,311,81,True
4200903,Angelina,SC,Santa Catarina,4201,Florianópolis,420001,Florianópolis,5358,2737,2621,139,134,317,317,403,364,392,318,1024,1002,638,656,202,54,True
4201000,Anita Garibaldi,SC,Santa Catarina,4203,Lages,420005,Lages,8285,4098,4187,223,225,557,567,548,542,552,514,1382,1457,1529,791,189,63,True
4201109,Anitápolis,SC,Santa Catarina,4201,Florianópolis,420001,Florianópolis,3593,1862,1731,91,62,216,228,238,235,240,219,697,669,502,416,119,22,True
4201208,Antônio Carlos,SC,Santa Catarina,4201,Florianópolis,420001,Florianópolis,11224,5633,5591,282,284,815,795,847,897,864,855,1606,1616,481,1093,534,144,True
4201257,Apiúna,SC,Santa Catarina,4207,Blumenau,420019,Blumenau,9811,4911,4900,296,232,711,710,742,734,680,737,1433,1466,738,1508,596,132,True
4201273,Arabutã,SC,Santa Catarina,4204,Chapecó,420010,Concórdia,4378,2235,2143,105,92,239,219,320,299,305,302,821,834,393,583,246,85,True
4201307,Araquari,SC,Santa Catarina,4206,Joinville,420016,Joinville,45267,22947,22320,1389,1330,3815,3799,4101,4035,3232,3083,4001,4179,2161,3621,1133,162,True
4201406,Araranguá,SC,Santa Catarina,4202,Criciúma,420004,Araranguá,71633,34936,36697,1982,1945,5375,5262,5510,5748,4863,5277,9466,11189,5672,9066,3582,1127,True
4201505,Armazém,SC,Santa Catarina,4202,Criciúma,420003,Tubarão,8834,4391,4443,222,222,652,646,710,677,573,575,1300,1420,729,1196,402,109,True
4201604,Arroio Trinta,SC,Santa Catarina,4205,Caçador,420015,Videira,3556,1735,1821,68,82,237,228,243,243,224,255,692,708,286,524,248,68,True
4201653,Arvoredo,SC,Santa Catarina,4204,Chapecó,420007,Chapecó,2505,1324,1181,64,55,188,144,180,172,170,157,461,428,182,249,148,41,True
4201703,Ascurra,SC,Santa Catarina,4207,Blumenau,420019,Blumenau,8319,4123,4196,223,229,595,594,667,643,559,563,1236,1386,471,1213,549,99,True
4201802,Atalanta,SC,Santa Catarina,4207,Blumenau,420022,Rio do Sul,3227,1647,1580,84,80,188,189,228,249,212,177,552,555,365,458,181,43,True
4201901,Aurora,SC,Santa Catarina,4207,Blumenau,420022,Rio do Sul,6780,3476,3304,196,160,505,467,533,534,458,443,1036,1019,460,742,393,115,True
4201950,Balneário Arroio do Silva,SC,Santa Catarina,4202,Criciúma,420004,Araranguá,15820,7758,8062,432,378,844,802,1008,1089,956,1003,2768,3145,1184,1405,490,122,True
4202057,Balneário Barra do Sul,SC,Santa Catarina,4206,Joinville,420016,Joinville,14895,7420,7475,381,331,737,704,892,897,960,933,2962,3204,992,1317,443,101,True
4202008,Balneário Camboriú,SC,Santa Catarina,4207,Blumenau,420020,Itajaí,139046,65682,73364,3083,3033,11112,11552,12168,12616,10109,11168,17954,24230,5221,14181,11258,7634,True
4202073,Balneário Gaivota,SC,Santa Catarina,4202,Criciúma,420004,Araranguá,15669,7652,8017,396,350,882,891,1011,1068,938,1018,2722,3048,1065,1266,421,89,True
4212809,Balneário Piçarras,SC,Santa Catarina,4207,Blumenau,420020,Itajaí,27116,13375,13741,754,646,1822,1789,2189,2134,1987,2085,3661,4203,1359,2414,1139,398,True
4220000,Balneário Rincão,SC,Santa Catarina,4202,Criciúma,420002,Criciúma,15958,7983,7975,361,385,969,923,1117,1045,972,942,2654,2908,0,0,0,0,True
4202081,Bandeirante,SC,Santa Catarina,4204,Chapecó,420009,São Miguel do Oeste,3144,1657,1487,79,63,210,181,193,207,221,180,599,571,416,368,93,15,True
4202099,Barra Bonita,SC,Santa Catarina,4204,Chapecó,420009,São Miguel do Oeste,1668,869,799,40,33,85,74,106,99,118,104,359,324,265,220,69,19,True
4202107,Barra Velha,SC,Santa Catarina,4207,Blumenau,420020,Itajaí,45308,22318,22990,1179,1099,3164,3173,3583,3639,3218,3244,6072,6892,1885,3312,1349,418,True
4202131,Bela Vista do Toldo,SC,Santa Catarina,4206,Joinville,420017,Mafra,5872,3018,2854,176,170,409,387,426,422,460,417,922,818,1004,540,127,15,True
4202156,Belmonte,SC,Santa Catarina,4204,Chapecó,420009,São Miguel do Oeste,2658,1335,1323,66,70,168,155,195,196,186,172,449,452,343,291,107,34,True
4202206,Benedito Novo,SC,Santa Catarina,4207,Blumenau,420019,Blumenau,10508,5350,5158,277,253,763,715,795,807,816,755,1671,1684,699,1628,678,107,True
4202305,Biguaçu,SC,Santa Catarina,4201,Florianópolis,420001,Florianópolis,76669,37472,39197,2077,2042,6158,6270,6449,6759,5871,5864,8931,10481,4269,8701,3793,925,True
4202404,Blumenau,SC,Santa Catarina,4207,Blumenau,420019,Blumenau,359188,174499,184689,8690,8448,30052,29398,31706,31836,26175,27912,44617,54878,13265,42666,30503,12853,True
4202438,Bocaina do Sul,SC,Santa Catarina,4203,Lages,420005,Lages,3515,1834,1681,104,81,241,223,246,233,230,235,634,568,556,336,74,15,True
4202503,Bom Jardim da Serra,SC,Santa Catarina,4203,Lages,420005,Lages,4026,2055,1971,110,98,309,265,289,275,265,289,647,649,630,468,129,66,True
4202537,Bom Jesus,SC,Santa Catarina,4204,Chapecó,420011,Xanxerê,2777,1425,1352,77,74,210,218,214,203,176,158,421,398,297,294,119,38,True
4202578,Bom Jesus do Oeste,SC,Santa Catarina,4204,Chapecó,420012,Maravilha,2187,1105,1082,57,48,130,127,149,142,139,146,418,411,215,273,136,43,True
4202602,Bom Retiro,SC,Santa Catarina,4203,Lages,420005,Lages,8418,4232,4186,260,235,649,648,618,602,522,520,1208,1249,1096,1137,330,109,True
4202453,Bombinhas,SC,Santa Catarina,4207,Blumenau,420020,Itajaí,25053,12342,12711,679,691,1915,1862,2076,2194,1879,1900,3184,3467,1140,2206,908,245,True
4202701,Botuverá,SC,Santa Catarina,4207,Blumenau,420021,Brusque,5355,2711,2644,112,123,347,368,445,441,347,336,891,844,254,745,390,71,True
4202800,Braço do Norte,SC,Santa Catarina,4202,Criciúma,420003,Tubarão,33773,16741,17032,1026,931,3085,2867,2843,2872,2236,2341,4073,4618,2173,4361,1705,542,True
4202859,Braço do Trombudo,SC,Santa Catarina,4207,Blumenau,420022,Rio do Sul,3978,1950,2028,101,113,249,227,296,334,314,300,570,645,215,503,307,61,True
4202875,Brunópolis,SC,Santa Catarina,4203,Lages,420006,Curitibanos,2489,1249,1240,66,56,156,154,161,166,185,184,456,425,540,234,57,14,True
4202909,Brusque,SC,Santa Catarina,4207,Blumenau,420021,Brusque,141005,69044,71961,3676,3557,11766,11744,12901,13088,10155,10690,15929,18817,4130,14466,10639,3408,True
4203006,Caçador,SC,Santa Catarina,4205,Caçador,420014,Caçador,73649,36458,37191,2120,2086,6156,6075,5572,5682,5132,5183,9096,10197,6898,9701,3659,1317,True
4203105,Caibi,SC,Santa Catarina,4204,Chapecó,420007,Chapecó,6304,3157,3147,168,153,432,391,454,421,405,433,1090,1153,608,765,348,148,True
4203154,Calmon,SC,Santa Catarina,4205,Caçador,420014,Caçador,3443,1806,1637,113,86,296,270,234,219,204,198,449,388,498,301,61,20,True
4203204,Camboriú,SC,Santa Catarina,4207,Blumenau,420020,Itajaí,103074,50862,52212,2752,2692,9022,9079,9935,10175,7958,8047,9408,11073,3968,8836,4246,834,True
4203303,Campo Alegre,SC,Santa Catarina,4206,Joinville,420018,São Bento do Sul - Rio Negrinho,12498,6234,6264,302,341,878,806,844,900,988,897,1855,1965,1504,1568,396,69,True
4203402,Campo Belo do Sul,SC,Santa Catarina,4203,Lages,420005,Lages,7257,3752,3505,201,206,512,487,479,434,549,497,1234,1161,1346,730,153,45,True
4203501,Campo Erê,SC,Santa Catarina,4204,Chapecó,420013,São Lourenço do Oeste,9611,4837,4774,300,290,771,700,652,647,609,661,1326,1411,1346,1010,327,108,True
4203600,Campos Novos,SC,Santa Catarina,4204,Chapecó,420008,Joaçaba - Herval d'Oeste,36843,18285,18558,1015,998,2861,2866,2891,2883,2704,2643,4877,5325,3797,4396,1616,569,True
4203709,Canelinha,SC,Santa Catarina,4207,Blumenau,420021,Brusque,12821,6501,6320,377,353,1032,994,982,936,913,926,1766,1778,751,1541,668,155,True
4203808,Canoinhas,SC,Santa Catarina,4206,Joinville,420017,Mafra,54868,27010,27858,1506,1493,4055,4055,4111,4169,3996,4084,7361,8372,6274,6340,2399,786,True
4203253,Capão Alto,SC,Santa Catarina,4203,Lages,420005,Lages,2625,1383,1242,71,56,147,135,169,173,169,159,541,457,469,300,76,24,True
4203907,Capinzal,SC,Santa Catarina,4204,Chapecó,420008,Joaçaba - Herval d'Oeste,23306,11648,11658,650,613,1966,1824,1902,1864,1743,1757,2984,3316,2017,3473,1153,295,True
4203956,Capivari de Baixo,SC,Santa Catarina,4202,Criciúma,420003,Tubarão,23975,11545,12430,642,623,1773,1764,1847,1919,1626,1729,3098,3914,1800,3343,1379,245,True
4204004,Catanduvas,SC,Santa Catarina,4204,Chapecó,420008,Joaçaba - Herval d'Oeste,10539,5232,5307,310,264,848,810,755,837,729,760,1397,1479,1027,1305,490,141,True
4204103,Caxambu do Sul,SC,Santa Catarina,4204,Chapecó,420007,Chapecó,4614,2341,2273,118,106,293,281,301,268,252,269,885,901,627,497,180,78,True
4204152,Celso Ramos,SC,Santa Catarina,4204,Chapecó,420008,Joaçaba - Herval d'Oeste,2805,1426,1379,67,55,174,178,186,202,197,178,533,492,450,272,81,13,True
4204178,Cerro Negro,SC,Santa Catarina,4203,Lages,420005,Lages,3317,1758,1559,93,82,204,202,235,193,250,236,609,532,745,229,42,13,True
4204194,Chapadão do Lageado,SC,Santa Catarina,4207,Blumenau,420024,Ituporanga,2950,1529,1421,77,91,218,168,206,218,187,192,526,452,405,258,86,22,True
4204202,Chapecó,SC,Santa Catarina,4204,Chapecó,420007,Chapecó,252058,124181,127877,6594,6590,23136,23084,22851,22877,17688,17952,26180,30824,12584,25832,13562,5553,True
4204251,Cocal do Sul,SC,Santa Catarina,4202,Criciúma,420002,Criciúma,17234,8447,8787,421,416,1209,1179,1415,1489,1328,1336,2454,2800,899,2343,1204,291,True
4204301,Concórdia,SC,Santa Catarina,4204,Chapecó,420010,Concórdia,81544,40174,41370,1964,1811,6099,6089,6540,6400,5863,5939,11304,13094,5352,10631,5052,1764,True
4204350,Cordilheira Alta,SC,Santa Catarina,4204,Chapecó,420007,Chapecó,4781,2440,2341,106,111,298,319,381,358,360,320,744,768,256,491,274,79,True
4204400,Coronel Freitas,SC,Santa Catarina,4204,Chapecó,420007,Chapecó,10388,5212,5176,228,244,715,647,737,763,716,721,1782,1835,887,1437,564,171,True
4204459,Coronel Martins,SC,Santa Catarina,4204,Chapecó,420011,Xanxerê,2065,1044,1021,42,61,147,142,139,117,126,138,404,385,340,269,88,15,True
4204558,Correia Pinto,SC,Santa Catarina,4203,Lages,420005,Lages,15727,7838,7889,460,444,1126,1181,1151,1144,1097,1103,2221,2308,1882,1800,574,125,True
4204509,Corupá,SC,Santa Catarina,4206,Joinville,420016,Joinville,15267,7634,7633,395,390,1150,1043,1227,1171,1163,1147,2103,2305,869,2028,1093,221,True
4204608,Criciúma,SC,Santa Catarina,4202,Criciúma,420002,Criciúma,212421,102832,109589,5334,5407,16591,16726,17902,18300,14517,15299,26717,33266,12392,27347,14794,6296,True
4204707,Cunha Porã,SC,Santa Catarina,4204,Chapecó,420012,Maravilha,10953,5406,5547,272,247,683,685,846,807,711,705,1821,2093,1194,1598,573,198,True
4204756,Cunhataí,SC,Santa Catarina,4204,Chapecó,420007,Chapecó,1968,1011,957,51,46,132,119,131,110,135,130,374,367,125,222,132,69,True
4204806,Curitibanos,SC,Santa Catarina,4203,Lages,420006,Curitibanos,40002,19542,20460,1172,1126,3113,3169,2886,2998,2731,2842,5059,5884,4816,4389,1731,594,True
4204905,Descanso,SC,Santa Catarina,4204,Chapecó,420009,São Miguel do Oeste,8530,4300,4230,182,166,532,490,611,589,570,530,1653,1742,866,1113,484,156,True
4205001,Dionísio Cerqueira,SC,Santa Catarina,4204,Chapecó,420009,São Miguel do Oeste,15008,7428,7580,380,397,1059,1078,1115,1161,1009,1037,2114,2258,2285,1497,543,199,True
4205100,Dona Emma,SC,Santa Catarina,4207,Blumenau,420023,Ibirama - Presidente Getúlio,4221,2178,2043,137,99,317,299,345,294,292,297,630,604,295,521,233,58,True
4205159,Doutor Pedrinho,SC,Santa Catarina,4207,Blumenau,420019,Blumenau,3637,1833,1804,95,91,250,224,280,249,237,227,627,704,320,581,212,31,True
4205175,Entre Rios,SC,Santa Catarina,4204,Chapecó,420011,Xanxerê,3402,1713,1689,108,113,290,280,220,227,227,212,425,402,531,289,55,8,True
4205191,Ermo,SC,Santa Catarina,4202,Criciúma,420004,Araranguá,2263,1144,1119,72,53,151,147,176,162,151,165,348,369,258,234,121,31,True
4205209,Erval Velho,SC,Santa Catarina,4204,Chapecó,420008,Joaçaba - Herval d'Oeste,4881,2413,2468,112,105,314,299,358,348,311,297,853,947,516,639,222,57,True
4205308,Faxinal dos Guedes,SC,Santa Catarina,4204,Chapecó,420011,Xanxerê,11192,5631,5561,291,295,786,738,823,861,822,764,1581,1695,937,1519,558,166,True
4205357,Flor do Sertão,SC,Santa Catarina,4204,Chapecó,420009,São Miguel do Oeste,1783,905,878,47,44,117,110,115,124,118,108,330,331,221,182,60,22,True
4205407,Florianópolis,SC,Santa Catarina,4201,Florianópolis,420001,Florianópolis,534689,254997,279692,11943,11628,42884,44340,47264,49428,39793,43292,67686,87634,21112,48047,38164,36618,True
4205431,Formosa do Sul,SC,Santa Catarina,4204,Chapecó,420007,Chapecó,2675,1348,1327,70,60,178,178,192,170,157,163,495,486,270,318,122,33,True
4205456,Forquilhinha,SC,Santa Catarina,4202,Criciúma,420002,Criciúma,31337,15695,15642,885,896,2909,2798,2731,2697,2097,2078,3310,3595,1573,3668,1344,239,True
4205506,Fraiburgo,SC,Santa Catarina,4205,Caçador,420015,Videira,33463,16552,16911,1017,941,2645,2597,2362,2442,2205,2328,4505,4979,3694,4573,1490,440,True
4205555,Frei Rogério,SC,Santa Catarina,4203,Lages,420006,Curitibanos,2411,1267,1144,73,72,152,148,153,159,160,150,471,404,390,244,78,14,True
4205605,Galvão,SC,Santa Catarina,4204,Chapecó,420013,São Lourenço do Oeste,3210,1590,1620,90,74,197,159,214,224,195,213,563,596,459,378,139,39,True
4205704,Garopaba,SC,Santa Catarina,4201,Florianópolis,420001,Florianópolis,29959,14605,15354,747,696,2037,2024,2370,2581,2347,2445,4078,4710,1933,2709,991,333,True
4205803,Garuva,SC,Santa Catarina,4206,Joinville,420016,Joinville,18545,9450,9095,563,501,1497,1406,1481,1448,1310,1267,2197,2244,1251,1967,752,185,True
4205902,Gaspar,SC,Santa Catarina,4207,Blumenau,420019,Blumenau,72553,35867,36686,1959,1960,6155,5871,6098,6188,5135,5289,8788,10190,2527,8166,5631,1395,True
4206009,Governador Celso Ramos,SC,Santa Catarina,4201,Florianópolis,420001,Florianópolis,16898,8508,8390,409,395,1179,1109,1271,1250,1229,1292,2795,2774,1161,1951,748,175,True
4206108,Grão-Pará,SC,Santa Catarina,4202,Criciúma,420003,Tubarão,6264,3158,3106,132,147,442,436,507,500,435,383,961,998,526,904,377,90,True
4206207,Gravatal,SC,Santa Catarina,4202,Criciúma,420003,Tubarão,12435,6180,6255,299,305,914,838,983,935,814,874,1895,2111,1117,1669,598,148,True
4206306,Guabiruba,SC,Santa Catarina,4207,Blumenau,420021,Brusque,24543,12315,12228,584,574,1944,1815,2204,2136,1770,1859,3153,3260,824,2615,1710,333,True
4206405,Guaraciaba,SC,Santa Catarina,4204,Chapecó,420009,São Miguel do Oeste,10796,5437,5359,232,237,689,666,815,781,714,699,1998,2072,1055,1417,588,182,True
4206504,Guaramirim,SC,Santa Catarina,4206,Joinville,420016,Joinville,46691,23394,23297,1333,1303,4094,3972,4230,4068,3389,3433,4886,5271,1737,5357,2724,529,True
4206603,Guarujá do Sul,SC,Santa Catarina,4204,Chapecó,420009,São Miguel do Oeste,4829,2360,2469,96,88,305,287,355,363,302,322,863,959,594,739,225,66,True
4206652,Guatambú,SC,Santa Catarina,4204,Chapecó,420007,Chapecó,8425,4341,4084,215,225,624,590,749,725,591,536,1091,999,495,636,215,65,True
4206702,Herval d'Oeste,SC,Santa Catarina,4204,Chapecó,420008,Joaçaba - Herval d'Oeste,21724,10714,11010,579,527,1665,1579,1683,1677,1538,1577,3160,3611,1780,3163,1461,387,True
4206751,Ibiam,SC,Santa Catarina,4205,Caçador,420015,Videira,2008,1040,968,58,36,123,108,145,146,138,133,356,362,225,251,106,32,True
4206801,Ibicaré,SC,Santa Catarina,4204,Chapecó,420008,Joaçaba - Herval d'Oeste,3269,1654,1615,89,86,199,156,204,203,223,215,649,656,397,441,214,48,True
4206900,Ibirama,SC,Santa Catarina,4207,Blumenau,420023,Ibirama - Presidente Getúlio,19862,9931,9931,560,495,1524,1477,1697,1636,1382,1421,2665,2855,995,2776,1376,313,True
4207007,Içara,SC,Santa Catarina,4202,Criciúma,420002,Criciúma,58964,29214,29750,1544,1502,4440,4377,4996,4971,4153,4133,7477,8394,5161,8805,3382,728,True
4207106,Ilhota,SC,Santa Catarina,4207,Blumenau,420019,Blumenau,17046,8648,8398,500,440,1291,1320,1434,1364,1228,1228,2110,2171,676,1875,957,182,True
4207205,Imaruí,SC,Santa Catarina,4202,Criciúma,420003,Tubarão,11872,5942,5930,279,272,644,644,717,702,768,782,2411,2407,2024,1364,311,78,True
4207304,Imbituba,SC,Santa Catarina,4201,Florianópolis,420001,Florianópolis,52452,25679,26773,1274,1176,3410,3497,4128,4240,3826,3904,7706,8961,4528,5723,2042,611,True
4207403,Imbuia,SC,Santa Catarina,4207,Blumenau,420024,Ituporanga,5982,3007,2975,176,180,443,449,452,444,440,392,876,922,716,622,224,61,True
4207502,Indaial,SC,Santa Catarina,4207,Blumenau,420019,Blumenau,71458,35422,36036,1979,1906,5940,5914,6430,6296,5302,5274,8161,9412,2780,8528,4790,1116,True
4207577,Iomerê,SC,Santa Catarina,4205,Caçador,420015,Videira,2877,1461,1416,77,54,172,179,194,192,194,207,565,567,176,408,233,68,True
4207601,Ipira,SC,Santa Catarina,4204,Chapecó,420010,Concórdia,4578,2254,2324,102,94,272,253,295,320,312,320,851,929,617,690,205,49,True
4207650,Iporã do Oeste,SC,Santa Catarina,4204,Chapecó,420009,São Miguel do Oeste,9273,4666,4607,221,231,602,577,691,683,664,627,1590,1653,906,1147,439,110,True
4207684,Ipuaçu,SC,Santa Catarina,4204,Chapecó,420011,Xanxerê,7730,3944,3786,284,242,706,688,495,488,453,459,912,873,964,539,192,68,True
4207700,Ipumirim,SC,Santa Catarina,4204,Chapecó,420010,Concórdia,7816,3999,3817,203,168,613,537,569,571,502,519,1296,1286,646,1017,450,116,True
4207759,Iraceminha,SC,Santa Catarina,4204,Chapecó,420012,Maravilha,3986,2039,1947,112,117,260,214,226,220,270,265,810,785,528,522,172,49,True
4207809,Irani,SC,Santa Catarina,4204,Chapecó,420010,Concórdia,10195,5200,4995,267,261,815,756,795,785,748,667,1484,1494,1038,1258,449,119,True
4207858,Irati,SC,Santa Catarina,4204,Chapecó,420007,Chapecó,2069,1045,1024,42,54,140,117,140,133,142,139,356,384,323,216,77,16,True
4207908,Irineópolis,SC,Santa Catarina,4206,Joinville,420017,Mafra,10285,5244,5041,297,313,781,746,739,723,789,714,1475,1432,1492,1095,404,100,True
4208005,Itá,SC,Santa Catarina,4204,Chapecó,420010,Concórdia,7041,3528,3513,171,153,458,439,518,515,451,487,1190,1230,607,912,431,117,True
4208104,Itaiópolis,SC,Santa Catarina,4206,Joinville,420017,Mafra,22033,11346,10687,735,627,1707,1604,1719,1631,1670,1447,2936,2990,2562,2401,750,193,True
4208203,Itajaí,SC,Santa Catarina,4207,Blumenau,420020,Itajaí,262972,128765,134207,6945,6716,22528,22666,24086,24437,19518,20056,26600,32766,11356,24994,14575,5850,True
4208302,Itapema,SC,Santa Catarina,4207,Blumenau,420020,Itajaí,75809,37149,38660,1916,1989,6286,6065,6541,6573,5514,5883,8932,10658,2931,6471,3747,1542,True
4208401,Itapiranga,SC,Santa Catarina,4204,Chapecó,420009,São Miguel do Oeste,16638,8430,8208,415,409,1254,1234,1338,1237,1162,1165,2505,2540,1249,2304,935,370,True
4208450,Itapoá,SC,Santa Catarina,4206,Joinville,420016,Joinville,30750,15321,15429,778,753,1895,1850,2327,2233,2167,2108,4823,5268,1609,2221,847,267,True
4208500,Ituporanga,SC,Santa Catarina,4207,Blumenau,420024,Ituporanga,26464,13205,13259,728,724,2134,2110,2149,2128,1816,1794,3440,3776,1934,2887,1462,474,True
4208609,Jaborá,SC,Santa Catarina,4204,Chapecó,420008,Joaçaba - Herval d'Oeste,4310,2164,2146,85,89,283,274,294,275,257,253,806,837,433,519,240,71,True
4208708,Jacinto Machado,SC,Santa Catarina,4202,Criciúma,420004,Araranguá,10624,5340,5284,304,284,744,727,790,721,713,707,1738,1837,1510,1335,427,94,True
4208807,Jaguaruna,SC,Santa Catarina,4202,Criciúma,420003,Tubarão,20369,10036,10333,482,482,1225,1212,1454,1423,1318,1368,3456,3760,1795,2727,906,199,True
4208906,Jaraguá do Sul,SC,Santa Catarina,4206,Joinville,420016,Joinville,182167,89866,92301,4761,4633,14761,14360,16317,16182,14349,14892,20743,24114,5658,19670,14326,4955,True
4208955,Jardinópolis,SC,Santa Catarina,4204,Chapecó,420007,Chapecó,1776,899,877,45,28,117,115,124,128,104,102,321,330,189,228,94,19,True
4209003,Joaçaba,SC,Santa Catarina,4204,Chapecó,420008,Joaçaba - Herval d'Oeste,30013,14530,15483,717,703,2216,2377,2391,2428,2138,2187,4253,5089,1744,3692,2318,1262,True
4209102,Joinville,SC,Santa Catarina,4206,Joinville,420016,Joinville,614054,300991,313063,16168,15559,51304,50498,51866,52167,45756,47523,72881,87114,27155,68770,43310,18411,True
4209151,José Boiteux,SC,Santa Catarina,4207,Blumenau,420023,Ibirama - Presidente Getúlio,5972,3051,2921,184,170,457,411,403,419,395,333,758,738,453,564,221,49,True
4209177,Jupiá,SC,Santa Catarina,4204,Chapecó,420013,São Lourenço do Oeste,2555,1317,1238,85,63,196,183,171,172,154,163,448,427,278,268,67,24,True
4209201,Lacerdópolis,SC,Santa Catarina,4204,Chapecó,420008,Joaçaba - Herval d'Oeste,2244,1112,1132,71,56,123,130,142,134,157,161,425,469,165,303,156,63,True
4209300,Lages,SC,Santa Catarina,4203,Lages,420005,Lages,164367,79294,85073,4629,4392,12955,12944,12430,12962,10991,11821,21178,26396,16311,19581,8653,3693,True
4209409,Laguna,SC,Santa Catarina,4202,Criciúma,420003,Tubarão,42607,20682,21925,1041,1055,2723,2705,2860,2962,2944,3210,7177,8321,6659,7028,2357,729,True
4209458,Lajeado Grande,SC,Santa Catarina,4204,Chapecó,420007,Chapecó,1702,867,835,48,37,112,105,136,134,104,93,293,315,115,172,98,49,True
4209508,Laurentino,SC,Santa Catarina,4207,Blumenau,420022,Rio do Sul,7932,3990,3942,189,164,550,539,702,723,580,540,1117,1212,439,942,414,92,True
4209607,Lauro Müller,SC,Santa Catarina,4202,Criciúma,420002,Criciúma,14381,7142,7239,392,356,975,941,1135,1131,966,977,2140,2412,1398,2230,765,163,True
4209706,Lebon Régis,SC,Santa Catarina,4205,Caçador,420014,Caçador,11470,5834,5636,402,333,890,893,782,775,737,757,1498,1487,1988,1056,253,67,True
4209805,Leoberto Leal,SC,Santa Catarina,4207,Blumenau,420024,Ituporanga,3330,1712,1618,98,100,218,195,238,231,234,221,600,560,367,372,169,54,True
4209854,Lindóia do Sul,SC,Santa Catarina,4204,Chapecó,420010,Concórdia,4549,2299,2250,111,105,313,288,288,281,291,303,872,856,338,647,308,91,True
4209904,Lontras,SC,Santa Catarina,4207,Blumenau,420022,Rio do Sul,12873,6416,6457,352,346,968,965,1016,1037,968,887,1647,1807,801,1559,681,125,True
4210001,Luiz Alves,SC,Santa Catarina,4207,Blumenau,420020,Itajaí,11684,5920,5764,325,317,976,953,989,1003,823,768,1503,1473,522,1452,782,187,True
4210035,Luzerna,SC,Santa Catarina,4204,Chapecó,420008,Joaçaba - Herval d'Oeste,5787,2830,2957,109,103,398,373,439,425,380,404,990,1145,391,915,454,151,True
4210050,Macieira,SC,Santa Catarina,4205,Caçador,420014,Caçador,1778,910,868,42,43,111,100,120,128,131,114,314,301,278,193,64,10,True
4210100,Mafra,SC,Santa Catarina,4206,Joinville,420017,Mafra,55086,27244,27842,1562,1520,4029,3884,4212,4193,4078,4203,7687,8724,5475,7000,2863,940,True
4210209,Major Gercino,SC,Santa Catarina,4207,Blumenau,420021,Brusque,3207,1613,1594,82,71,171,177,198,204,226,216,567,562,417,445,149,33,True
4210308,Major Vieira,SC,Santa Catarina,4206,Joinville,420017,Mafra,7412,3792,3620,209,190,554,521,576,504,559,523,1113,1118,1307,681,188,35,True
4210407,Maracajá,SC,Santa Catarina,4202,Criciúma,420004,Araranguá,7815,3916,3899,238,220,577,560,636,629,519,529,1033,1117,575,956,345,85,True
4210506,Maravilha,SC,Santa Catarina,4204,Chapecó,420012,Maravilha,28151,13936,14215,710,725,2295,2142,2334,2292,1928,2031,3693,4275,1969,3471,1339,459,True
4210555,Marema,SC,Santa Catarina,4204,Chapecó,420007,Chapecó,2184,1115,1069,58,44,158,132,143,136,133,133,441,437,147,249,160,59,True
4210605,Massaranduba,SC,Santa Catarina,4206,Joinville,420016,Joinville,17162,8725,8437,447,382,1173,1145,1380,1350,1251,1297,2717,2657,785,2068,1279,308,True
4210704,Matos Costa,SC,Santa Catarina,4205,Caçador,420014,Caçador,2761,1437,1324,95,79,185,175,185,196,194,189,431,403,456,297,61,9,True
4210803,Meleiro,SC,Santa Catarina,4202,Criciúma,420004,Araranguá,6994,3474,3520,171,189,447,444,542,524,448,460,1206,1291,703,967,382,110,True
4210852,Mirim Doce,SC,Santa Catarina,4207,Blumenau,420022,Rio do Sul,2511,1272,1239,59,66,161,172,179,166,168,165,461,410,301,359,103,7,True
4210902,Modelo,SC,Santa Catarina,4204,Chapecó,420007,Chapecó,4080,2050,2030,123,98,312,263,285,283,277,273,660,710,330,596,258,82,True
4211009,Mondaí,SC,Santa Catarina,4204,Chapecó,420007,Chapecó,10056,5051,5005,240,233,704,716,808,750,684,653,1579,1681,1017,1372,511,170,True
4211058,Monte Carlo,SC,Santa Catarina,4205,Caçador,420015,Videira,9117,4585,4532,330,322,826,796,609,599,597,592,1144,1139,1458,1020,205,38,True
4211108,Monte Castelo,SC,Santa Catarina,4206,Joinville,420017,Mafra,7736,3951,3785,229,226,601,543,539,553,622,518,1051,1098,1367,756,198,34,True
4211207,Morro da Fumaça,SC,Santa Catarina,4202,Criciúma,420002,Criciúma,18510,9158,9352,504,465,1414,1345,1577,1576,1260,1278,2302,2533,1041,2396,1154,240,True
4211256,Morro Grande,SC,Santa Catarina,4202,Criciúma,420002,Criciúma,3010,1525,1485,76,61,197,186,219,220,192,190,522,516,331,343,116,35,True
4211306,Navegantes,SC,Santa Catarina,4207,Blumenau,420020,Itajaí,86336,42515,43821,2433,2299,6953,6943,7335,7673,6285,6252,9555,11114,4645,8651,3814,1013,True
4211405,Nova Erechim,SC,Santa Catarina,4204,Chapecó,420007,Chapecó,5155,2619,2536,140,113,389,356,396,397,352,367,798,800,344,562,290,133,True
4211454,Nova Itaberaba,SC,Santa Catarina,4204,Chapecó,420007,Chapecó,4536,2373,2163,110,97,323,320,331,278,288,295,837,774,471,487,226,101,True
4211504,Nova Trento,SC,Santa Catarina,4207,Blumenau,420021,Brusque,13694,6830,6864,312,346,972,909,1148,1092,982,946,2078,2295,770,1683,1080,250,True
4211603,Nova Veneza,SC,Santa Catarina,4202,Criciúma,420002,Criciúma,13664,6761,6903,335,330,997,936,1078,1049,918,1025,2111,2291,890,1967,886,262,True
4211652,Novo Horizonte,SC,Santa Catarina,4204,Chapecó,420013,São Lourenço do Oeste,2643,1353,1290,86,74,164,154,165,156,167,159,520,493,324,333,123,31,True
4211702,Orleans,SC,Santa Catarina,4202,Criciúma,420002,Criciúma,23615,11693,11922,654,627,1764,1723,1887,1868,1734,1798,3347,3693,1857,2972,1317,432,True
4211751,Otacílio Costa,SC,Santa Catarina,4203,Lages,420005,Lages,17312,8586,8726,529,462,1317,1375,1268,1258,1225,1272,2274,2421,1565,2396,871,202,True
4211801,Ouro,SC,Santa Catarina,4204,Chapecó,420008,Joaçaba - Herval d'Oeste,7024,3523,3501,165,154,472,453,500,484,457,476,1267,1342,604,1069,476,172,True
4211850,Ouro Verde,SC,Santa Catarina,4204,Chapecó,420011,Xanxerê,2168,1102,1066,49,57,158,150,153,141,137,160,367,339,314,211,80,27,True
4211876,Paial,SC,Santa Catarina,4204,Chapecó,420007,Chapecó,1927,993,934,43,49,104,112,139,128,133,111,358,337,215,219,76,24,True
4211892,Painel,SC,Santa Catarina,4203,Lages,420005,Lages,2215,1182,1033,66,53,152,109,126,132,172,149,448,378,395,245,62,16,True
4211900,Palhoça,SC,Santa Catarina,4201,Florianópolis,420001,Florianópolis,221861,108380,113481,5975,5572,18005,18947,20183,21230,17171,17030,23008,27580,8788,19731,10808,2864,True
4212007,Palma Sola,SC,Santa Catarina,4204,Chapecó,420009,São Miguel do Oeste,7600,3885,3715,210,178,572,506,547,543,502,490,1116,1167,916,960,304,79,True
4212056,Palmeira,SC,Santa Catarina,4203,Lages,420005,Lages,2561,1354,1207,70,70,152,127,158,147,205,187,481,426,386,271,69,12,True
4212106,Palmitos,SC,Santa Catarina,4204,Chapecó,420007,Chapecó,15626,7772,7854,335,321,986,976,1128,1075,1090,1069,2691,2946,1816,2147,918,323,True
4212205,Papanduva,SC,Santa Catarina,4206,Joinville,420017,Mafra,19150,9713,9437,585,527,1493,1470,1569,1403,1406,1323,2596,2678,2546,1996,540,155,True
4212239,Paraíso,SC,Santa Catarina,4204,Chapecó,420009,São Miguel do Oeste,4267,2208,2059,121,84,273,249,293,299,307,260,781,768,548,485,167,57,True
4212254,Passo de Torres,SC,Santa Catarina,4202,Criciúma,420004,Araranguá,12897,6383,6514,348,318,806,860,1001,1024,892,935,1929,1995,880,879,268,72,True
4212270,Passos Maia,SC,Santa Catarina,4204,Chapecó,420011,Xanxerê,4031,2054,1977,117,94,266,281,252,295,281,242,617,582,606,452,116,38,True
4212304,Paulo Lopes,SC,Santa Catarina,4201,Florianópolis,420001,Florianópolis,9051,4512,4539,230,233,643,590,643,668,630,624,1396,1462,653,961,361,71,True
4212403,Pedras Grandes,SC,Santa Catarina,4202,Criciúma,420003,Tubarão,4245,2145,2100,103,105,245,218,339,334,276,289,796,822,401,651,214,42,True
4212502,Penha,SC,Santa Catarina,4207,Blumenau,420020,Itajaí,33663,16390,17273,889,856,2297,2483,2659,2649,2471,2510,4569,5356,2109,3682,1722,406,True
4212601,Peritiba,SC,Santa Catarina,4204,Chapecó,420010,Concórdia,2992,1488,1504,62,58,153,154,203,196,179,174,623,658,312,459,176,51,True
4212650,Pescaria Brava,SC,Santa Catarina,4202,Criciúma,420003,Tubarão,10187,5060,5127,267,244,686,710,782,725,646,693,1675,1750,0,0,0,0,True
4212700,Petrolândia,SC,Santa Catarina,4207,Blumenau,420024,Ituporanga,6716,3340,3376,169,157,455,418,482,487,430,410,1165,1195,670,785,331,97,True
4212908,Pinhalzinho,SC,Santa Catarina,4204,Chapecó,420007,Chapecó,21972,10882,11090,539,584,1868,1889,1977,1938,1486,1505,2674,2931,1132,2379,1159,392,True
4213005,Pinheiro Preto,SC,Santa Catarina,4205,Caçador,420015,Videira,3473,1742,1731,111,99,281,267,270,280,217,198,479,505,206,457,205,61,True
4213104,Piratuba,SC,Santa Catarina,4204,Chapecó,420010,Concórdia,5769,2861,2908,151,135,390,366,405,437,364,414,955,983,635,740,257,71,True
4213153,Planalto Alegre,SC,Santa Catarina,4204,Chapecó,420007,Chapecó,2946,1502,1444,70,52,196,193,214,215,189,174,542,531,295,310,143,51,True
4213203,Pomerode,SC,Santa Catarina,4207,Blumenau,420019,Blumenau,34289,16993,17296,891,803,2489,2365,2785,2921,2959,2917,4642,5163,1077,3809,2730,756,True
4213302,Ponte Alta,SC,Santa Catarina,4203,Lages,420005,Lages,4437,2218,2219,150,124,314,308,299,283,308,320,680,721,751,560,159,24,True
4213351,Ponte Alta do Norte,SC,Santa Catarina,4203,Lages,420006,Curitibanos,3210,1623,1585,102,89,259,256,233,227,201,219,383,410,494,358,98,15,True
4213401,Ponte Serrada,SC,Santa Catarina,4204,Chapecó,420011,Xanxerê,10647,5274,5373,317,313,837,813,749,716,693,688,1428,1608,1384,1447,371,95,True
4213500,Porto Belo,SC,Santa Catarina,4207,Blumenau,420020,Itajaí,27688,13767,13921,761,734,2183,2095,2371,2452,2240,2233,3282,3694,1201,2351,1181,327,True
4213609,Porto União,SC,Santa Catarina,4206,Joinville,420017,Mafra,32802,16119,16683,970,920,2392,2305,2230,2291,2278,2430,4889,5617,3528,4372,1723,681,True
4213708,Pouso Redondo,SC,Santa Catarina,4207,Blumenau,420022,Rio do Sul,17107,8597,8510,503,449,1283,1303,1404,1335,1195,1186,2192,2322,1468,2157,711,178,True
4213807,Praia Grande,SC,Santa Catarina,4202,Criciúma,420004,Araranguá,8268,4141,4127,206,215,597,532,587,607,599,606,1303,1325,1165,974,245,60,True
4213906,Presidente Castello Branco,SC,Santa Catarina,4204,Chapecó,420010,Concórdia,1689,857,832,35,27,116,111,97,97,119,100,327,349,140,232,116,40,True
4214003,Presidente Getúlio,SC,Santa Catarina,4207,Blumenau,420023,Ibirama - Presidente Getúlio,20010,9935,10075,583,561,1783,1782,1712,1607,1361,1378,2408,2720,860,2254,1163,268,True
4214102,Presidente Nereu,SC,Santa Catarina,4207,Blumenau,420022,Rio do Sul,2272,1151,1121,66,57,136,130,153,144,137,140,421,418,249,315,126,34,True
4214151,Princesa,SC,Santa Catarina,4204,Chapecó,420009,São Miguel do Oeste,2964,1544,1420,91,77,199,191,229,244,228,182,479,456,332,336,131,32,True
4214201,Quilombo,SC,Santa Catarina,4204,Chapecó,420007,Chapecó,11018,5522,5496,272,246,816,903,846,798,696,655,1770,1845,1077,1357,487,121,True
4214300,Rancho Queimado,SC,Santa Catarina,4201,Florianópolis,420001,Florianópolis,3274,1686,1588,81,55,195,175,249,253,235,246,592,558,339,393,140,48,True
4214409,Rio das Antas,SC,Santa Catarina,4205,Caçador,420015,Videira,6253,3222,3031,176,159,417,389,440,433,425,413,1040,989,695,829,312,61,True
4214508,Rio do Campo,SC,Santa Catarina,4207,Blumenau,420022,Rio do Sul,6452,3296,3156,198,183,423,399,472,456,475,449,1025,1004,704,813,292,85,True
4214607,Rio do Oeste,SC,Santa Catarina,4207,Blumenau,420022,Rio do Sul,7618,3826,3792,204,206,550,514,610,542,530,504,1214,1256,540,895,525,166,True
4214805,Rio do Sul,SC,Santa Catarina,4207,Blumenau,420022,Rio do Sul,72276,35185,37091,1884,1805,6025,5992,6153,6211,5167,5527,8852,10814,3423,8627,5505,2154,True
4214706,Rio dos Cedros,SC,Santa Catarina,4207,Blumenau,420019,Blumenau,10865,5461,5404,255,262,782,734,829,790,794,788,1754,1831,767,1584,722,138,True
4214904,Rio Fortuna,SC,Santa Catarina,4202,Criciúma,420003,Tubarão,4847,2509,2338,111,99,338,339,374,356,336,301,831,836,232,579,361,130,True
4215000,Rio Negrinho,SC,Santa Catarina,4206,Joinville,420018,São Bento do Sul - Rio Negrinho,39261,19493,19768,1172,1173,3035,2877,2913,2882,3013,3005,5158,5750,3859,5723,1733,434,True
4215059,Rio Rufino,SC,Santa Catarina,4203,Lages,420005,Lages,2397,1232,1165,68,68,180,168,165,143,171,173,402,363,397,241,52,7,True
4215075,Riqueza,SC,Santa Catarina,4204,Chapecó,420007,Chapecó,4761,2451,2310,115,96,322,304,339,319,327,326,876,836,630,633,193,36,True
4215109,Rodeio,SC,Santa Catarina,4207,Blumenau,420019,Blumenau,12757,6357,6400,277,288,841,822,1047,997,941,895,2082,2257,598,1800,859,215,True
4215208,Romelândia,SC,Santa Catarina,4204,Chapecó,420009,São Miguel do Oeste,4823,2445,2378,129,114,276,229,309,285,284,322,1003,1036,845,680,200,71,True
4215307,Salete,SC,Santa Catarina,4207,Blumenau,420022,Rio do Sul,7489,3805,3684,209,185,564,540,547,550,484,509,1165,1151,592,1104,459,113,True
4215356,Saltinho,SC,Santa Catarina,4204,Chapecó,420012,Maravilha,3632,1837,1795,101,107,243,216,231,258,256,212,635,620,615,372,123,22,True
4215406,Salto Veloso,SC,Santa Catarina,4205,Caçador,420015,Videira,4390,2194,2196,110,102,330,299,329,343,296,287,676,719,416,616,255,73,True
4215455,Sangão,SC,Santa Catarina,4202,Criciúma,420003,Tubarão,12882,6504,6378,408,389,1104,1032,1096,1052,902,862,1393,1436,756,1640,548,81,True
4215505,Santa Cecília,SC,Santa Catarina,4203,Lages,420006,Curitibanos,15537,7696,7841,456,433,1224,1210,1129,1183,1169,1100,1854,1938,2011,1814,523,177,True
4215554,Santa Helena,SC,Santa Catarina,4204,Chapecó,420009,São Miguel do Oeste,2425,1243,1182,58,53,153,143,165,159,163,157,453,479,217,339,110,53,True
4215604,Santa Rosa de Lima,SC,Santa Catarina,4202,Criciúma,420003,Tubarão,2088,1073,1015,39,37,166,126,169,152,130,141,385,375,143,293,136,29,True
4215653,Santa Rosa do Sul,SC,Santa Catarina,4202,Criciúma,420004,Araranguá,9792,4845,4947,251,241,684,688,729,724,628,657,1534,1567,1123,1120,283,55,True
4215679,Santa Terezinha,SC,Santa Catarina,4207,Blumenau,420022,Rio do Sul,8066,4263,3803,222,206,583,547,666,560,660,509,1320,1198,1334,761,159,33,True
4215687,Santa Terezinha do Progresso,SC,Santa Catarina,4204,Chapecó,420012,Maravilha,2576,1326,1250,64,60,165,154,181,155,167,154,477,504,434,256,83,34,True
4215695,Santiago do Sul,SC,Santa Catarina,4204,Chapecó,420007,Chapecó,1651,813,838,27,41,125,117,115,97,88,106,300,297,164,180,59,26,True
4215703,Santo Amaro da Imperatriz,SC,Santa Catarina,4201,Florianópolis,420001,Florianópolis,27204,13448,13756,672,625,1951,1971,2170,2236,2115,2100,3869,4182,1279,2732,1613,465,True
4215802,São Bento do Sul,SC,Santa Catarina,4206,Joinville,420018,São Bento do Sul - Rio Negrinho,83275,41115,42160,2335,2199,6197,6120,6605,6774,6800,6852,10428,11867,5579,11861,4663,1417,True
4215752,São Bernardino,SC,Santa Catarina,4204,Chapecó,420013,São Lourenço do Oeste,2672,1386,1286,77,70,171,157,155,156,173,162,498,443,373,267,97,21,True
4215901,São Bonifácio,SC,Santa Catarina,4201,Florianópolis,420001,Florianópolis,2941,1499,1442,73,76,173,156,209,184,213,207,616,600,367,418,127,41,True
4216008,São Carlos,SC,Santa Catarina,4204,Chapecó,420007,Chapecó,10282,5105,5177,247,217,645,657,769,745,693,702,1733,1866,886,1402,626,268,True
4216057,São Cristóvão do Sul,SC,Santa Catarina,4203,Lages,420006,Curitibanos,4289,2151,2138,137,123,343,353,304,305,308,288,509,541,663,506,106,27,True
4216107,São Domingos,SC,Santa Catarina,4204,Chapecó,420011,Xanxerê,9226,4577,4649,232,243,661,620,626,621,598,659,1574,1640,1186,1110,446,182,True
4216206,São Francisco do Sul,SC,Santa Catarina,4206,Joinville,420016,Joinville,52494,25933,26561,1415,1361,3293,3126,3730,3783,3711,3924,8168,9063,4032,5538,2716,950,True
4216305,São João Batista,SC,Santa Catarina,4207,Blumenau,420021,Brusque,32648,16147,16501,941,887,2681,2667,2834,2891,2283,2381,3694,4077,1552,4026,2034,393,True
4216354,São João do Itaperiú,SC,Santa Catarina,4206,Joinville,420016,Joinville,4463,2289,2174,138,115,337,320,345,337,308,277,630,613,263,478,227,46,True
4216255,São João do Oeste,SC,Santa Catarina,4204,Chapecó,420009,São Miguel do Oeste,6295,3173,3122,140,137,368,384,485,429,420,414,1218,1244,518,892,384,119,True
4216404,São João do Sul,SC,Santa Catarina,4202,Criciúma,420004,Araranguá,8668,4366,4302,249,208,576,598,632,642,576,547,1412,1376,1219,795,191,52,True
4216503,São Joaquim,SC,Santa Catarina,4203,Lages,420005,Lages,25939,13136,12803,732,672,2032,1797,1991,1978,1712,1641,3816,3952,3766,2956,821,308,True
4216602,São José,SC,Santa Catarina,4201,Florianópolis,420001,Florianópolis,270140,128789,141351,6541,6431,21499,22440,24268,25466,20754,22490,30816,40339,11176,28677,20106,8726,True
4216701,São José do Cedro,SC,Santa Catarina,4204,Chapecó,420009,São Miguel do Oeste,14056,7005,7051,356,304,924,928,1080,1055,934,951,2365,2545,1510,1870,696,237,True
4216800,São José do Cerrito,SC,Santa Catarina,4203,Lages,420005,Lages,8708,4463,4245,242,231,517,513,493,494,613,599,1757,1596,1837,800,135,43,True
4216909,São Lourenço do Oeste,SC,Santa Catarina,4204,Chapecó,420013,São Lourenço do Oeste,24768,12271,12497,668,676,1925,1833,1890,1904,1701,1771,3533,3860,2018,3152,1214,364,True
4217006,São Ludgero,SC,Santa Catarina,4202,Criciúma,420003,Tubarão,13509,6863,6646,391,362,1219,1121,1258,1175,873,934,1557,1621,710,1718,737,175,True
4217105,São Martinho,SC,Santa Catarina,4202,Criciúma,420003,Tubarão,3404,1749,1655,84,71,213,195,247,249,226,221,626,621,292,445,185,51,True
4217154,São Miguel da Boa Vista,SC,Santa Catarina,4204,Chapecó,420012,Maravilha,1781,919,862,56,42,89,82,108,106,111,101,397,372,268,221,73,25,True
4217204,São Miguel do Oeste,SC,Santa Catarina,4204,Chapecó,420009,São Miguel do Oeste,44214,21566,22648,1001,970,3478,3512,3735,3868,3068,3109,5982,7080,3133,5405,2545,1017,True
4217253,São Pedro de Alcântara,SC,Santa Catarina,4201,Florianópolis,420001,Florianópolis,4630,2314,2316,88,97,244,243,308,333,377,362,867,875,258,504,277,66,True
4217303,Saudades,SC,Santa Catarina,4204,Chapecó,420007,Chapecó,10258,5180,5078,269,262,761,706,830,782,650,632,1614,1617,667,1345,546,126,True
4217402,Schroeder,SC,Santa Catarina,4206,Joinville,420016,Joinville,20061,10044,10017,540,510,1457,1389,1788,1864,1620,1571,2327,2427,675,2360,1374,238,True
4217501,Seara,SC,Santa Catarina,4204,Chapecó,420010,Concórdia,18618,9409,9209,454,449,1533,1416,1443,1436,1265,1304,2741,2842,1283,2597,1074,465,True
4217550,Serra Alta,SC,Santa Catarina,4204,Chapecó,420007,Chapecó,3303,1647,1656,73,65,218,238,247,201,197,208,596,636,237,433,223,86,True
4217600,Siderópolis,SC,Santa Catarina,4202,Criciúma,420002,Criciúma,13714,6775,6939,336,352,963,893,1071,1073,959,963,2089,2399,894,1909,907,242,True
4217709,Sombrio,SC,Santa Catarina,4202,Criciúma,420004,Araranguá,29991,14596,15395,881,896,2231,2287,2250,2308,1943,2199,3849,4405,2594,4032,1417,316,True
4217758,Sul Brasil,SC,Santa Catarina,4204,Chapecó,420007,Chapecó,2832,1441,1391,81,67,188,176,189,189,187,176,532,488,344,349,112,32,True
4217808,Taió,SC,Santa Catarina,4207,Blumenau,420022,Rio do Sul,18277,9142,9135,489,477,1277,1244,1430,1412,1272,1274,2685,2863,1486,2657,1051,275,True
4217907,Tangará,SC,Santa Catarina,4205,Caçador,420015,Videira,8143,4147,3996,203,201,606,535,572,576,578,534,1370,1378,858,1285,505,154,True
4217956,Tigrinhos,SC,Santa Catarina,4204,Chapecó,420012,Maravilha,2329,1176,1153,61,45,141,147,178,185,153,147,397,369,296,197,61,15,True
4218004,Tijucas,SC,Santa Catarina,4207,Blumenau,420020,Itajaí,51337,25451,25886,1492,1328,4377,4414,4687,4636,3716,3646,5437,6249,2302,4369,2265,626,True
4218103,Timbé do Sul,SC,Santa Catarina,4202,Criciúma,420004,Araranguá,5363,2753,2610,148,147,374,316,406,390,384,349,901,881,733,682,204,55,True
4218202,Timbó,SC,Santa Catarina,4207,Blumenau,420019,Blumenau,46091,22544,23547,1170,1108,3663,3582,3899,3977,3436,3670,6092,7109,1527,5406,3573,1051,True
4218251,Timbó Grande,SC,Santa Catarina,4205,Caçador,420014,Caçador,7342,3783,3559,245,237,666,629,534,534,518,477,840,751,1073,664,143,29,True
4218301,Três Barras,SC,Santa Catarina,4206,Joinville,420017,Mafra,19743,9904,9839,620,593,1563,1496,1429,1459,1440,1363,2317,2474,2445,2028,558,128,True
4218350,Treviso,SC,Santa Catarina,4202,Criciúma,420002,Criciúma,3776,1849,1927,71,82,232,208,283,319,285,258,632,678,237,560,239,50,True
4218400,Treze de Maio,SC,Santa Catarina,4202,Criciúma,420003,Tubarão,7362,3712,3650,189,184,480,421,564,568,505,483,1138,1182,515,1091,386,95,True
4218509,Treze Tílias,SC,Santa Catarina,4204,Chapecó,420008,Joaçaba - Herval d'Oeste,8770,4349,4421,236,208,666,731,798,779,616,609,983,1079,539,876,436,197,True
4218608,Trombudo Central,SC,Santa Catarina,4207,Blumenau,420022,Rio do Sul,7274,3615,3659,191,191,525,458,537,577,537,535,1086,1194,506,970,482,130,True
4218707,Tubarão,SC,Santa Catarina,4202,Criciúma,420003,Tubarão,109562,52775,56787,2566,2464,7787,7986,8798,9423,7913,8077,15355,19016,7201,14291,7502,3045,True
4218756,Tunápolis,SC,Santa Catarina,4204,Chapecó,420009,São Miguel do Oeste,4916,2516,2400,131,102,317,291,337,336,339,348,917,866,413,669,236,72,True
4218806,Turvo,SC,Santa Catarina,4202,Criciúma,420004,Araranguá,13029,6377,6652,338,331,894,962,1052,1073,905,925,1884,2140,1011,1666,711,220,True
4218855,União do Oeste,SC,Santa Catarina,4204,Chapecó,420007,Chapecó,2774,1420,1354,63,57,175,161,192,182,183,164,530,535,352,359,131,31,True
4218905,Urubici,SC,Santa Catarina,4203,Lages,420005,Lages,10834,5435,5399,277,273,771,718,768,789,713,747,1656,1715,1424,1192,415,113,True
4218954,Urupema,SC,Santa Catarina,4203,Lages,420005,Lages,2656,1381,1275,69,72,171,160,166,178,203,198,481,431,416,273,75,23,True
4219002,Urussanga,SC,Santa Catarina,4202,Criciúma,420002,Criciúma,20913,10141,10772,465,466,1456,1367,1676,1699,1418,1451,3304,3966,1400,2992,1508,496,True
4219101,Vargeão,SC,Santa Catarina,4204,Chapecó,420011,Xanxerê,3634,1851,1783,94,100,278,264,274,242,239,246,553,561,374,466,171,34,True
4219150,Vargem,SC,Santa Catarina,4204,Chapecó,420008,Joaçaba - Herval d'Oeste,2627,1351,1276,64,72,171,136,177,195,200,180,472,417,511,264,72,18,True
4219176,Vargem Bonita,SC,Santa Catarina,4204,Chapecó,420008,Joaçaba - Herval d'Oeste,4575,2312,2263,128,128,361,350,321,326,321,289,648,685,491,596,210,66,True
4219200,Vidal Ramos,SC,Santa Catarina,4207,Blumenau,420024,Ituporanga,6189,3186,3003,156,173,443,412,503,484,467,419,966,924,727,717,342,120,True
4219309,Videira,SC,Santa Catarina,4205,Caçador,420015,Videira,55354,27319,28035,1459,1409,4816,4597,4542,4674,3765,4004,6838,7870,3462,7327,3329,1107,True
4219358,Vitor Meireles,SC,Santa Catarina,4207,Blumenau,420023,Ibirama - Presidente Getúlio,5370,2808,2562,182,145,376,361,424,327,345,333,843,821,610,517,176,44,True
4219408,Witmarsum,SC,Santa Catarina,4207,Blumenau,420023,Ibirama - Presidente Getúlio,4255,2174,2081,120,111,306,331,333,316,309,286,628,596,307,492,231,40,True
4219507,Xanxerê,SC,Santa Catarina,4204,Chapecó,420011,Xanxerê,51470,25134,26336,1337,1323,4092,4224,4091,4220,3501,3745,6498,7641,3574,5892,2938,1014,True
4219606,Xavantina,SC,Santa Catarina,4204,Chapecó,420011,Xanxerê,3653,1891,1762,88,64,217,178,250,251,274,243,769,734,287,461,235,169,True
4219705,Xaxim,SC,Santa Catarina,4204,Chapecó,420007,Chapecó,31906,15891,16015,762,740,2443,2471,2777,2718,2187,2126,4195,4719,2334,3870,1404,374,True
4219853,Zortéa,SC,Santa Catarina,4204,Chapecó,420008,Joaçaba - Herval d'Oeste,3930,2005,1925,113,93,314,311,308,295,278,275,463,515,327,472,163,45,True
4300034,Aceguá,RS,Rio Grande do Sul,4302,Pelotas,430010,Bagé,4154,2134,2020,95,111,268,269,300,270,293,292,701,620,706,426,143,86,True
4300059,Água Santa,RS,Rio Grande do Sul,4306,Passo Fundo,430032,Tapejara - Sananduva,3902,1923,1979,102,112,253,238,267,261,229,227,641,681,415,445,199,81,True
4300109,Agudo,RS,Rio Grande do Sul,4303,Santa Maria,430011,Santa Maria,16005,7839,8166,387,349,999,1007,1097,1173,1165,1173,2863,3096,1925,2144,974,326,True
4300208,Ajuricaba,RS,Rio Grande do Sul,4305,Ijuí,430018,Ijuí,6720,3316,3404,161,149,385,379,427,425,429,455,1329,1452,857,950,439,200,True
4300307,Alecrim,RS,Rio Grande do Sul,4305,Ijuí,430019,Santa Rosa,6123,3095,3028,122,105,270,251,290,297,420,390,1476,1528,1333,825,187,51,True
4300406,Alegrete,RS,Rio Grande do Sul,4304,Uruguaiana,430015,Uruguaiana,72260,35057,37203,1778,1703,5067,4896,4685,5188,4650,4961,12031,13774,11594,9135,3275,1416,True
4300455,Alegria,RS,Rio Grande do Sul,4305,Ijuí,430023,Três de Maio,3651,1866,1785,85,63,147,148,196,185,239,226,848,874,783,487,117,77,True
4300471,Almirante Tamandaré do Sul,RS,Rio Grande do Sul,4306,Passo Fundo,430028,Carazinho,1969,1010,959,34,42,112,91,128,118,122,121,416,402,300,298,99,30,True
4300505,Alpestre,RS,Rio Grande do Sul,4306,Passo Fundo,430035,Nonoai,7117,3617,3500,168,153,344,330,440,400,496,451,1514,1569,1498,809,222,62,True
4300554,Alto Alegre,RS,Rio Grande do Sul,4306,Passo Fundo,430025,Passo Fundo,1787,899,888,42,29,99,98,109,108,98,97,398,407,245,224,109,36,True
4300570,Alto Feliz,RS,Rio Grande do Sul,4307,Caxias do Sul,430036,Caxias do Sul,3072,1565,1507,62,53,195,187,207,210,238,216,602,614,250,498,204,34,True
4300604,Alvorada,RS,Rio Grande do Sul,4301,Porto Alegre,430001,Porto Alegre,187315,89362,97953,5531,5437,14264,15016,13410,14836,12793,14109,22241,28193,22314,26754,7961,1395,True
4300638,Amaral Ferrador,RS,Rio Grande do Sul,4301,Porto Alegre,430005,Camaquã,5299,2718,2581,177,158,363,293,339,340,378,362,962,898,1269,625,140,26,True
4300646,Ametista do Sul,RS,Rio Grande do Sul,4306,Passo Fundo,430029,Frederico Westphalen,7646,3833,3813,229,238,609,538,555,581,541,523,1135,1164,1370,768,173,39,True
4300661,André da Rocha,RS,Rio Grande do Sul,4307,Caxias do Sul,430038,Nova Prata - Guaporé,1135,593,542,22,21,87,67,88,67,68,68,217,224,147,189,62,24,True
4300703,Anta Gorda,RS,Rio Grande do Sul,4308,Santa Cruz do Sul - Lajeado,430043,Encantado,5957,2982,2975,126,113,340,343,433,409,379,359,1238,1306,499,904,419,92,True
4300802,Antônio Prado,RS,Rio Grande do Sul,4307,Caxias do Sul,430036,Caxias do Sul,13025,6424,6601,281,232,858,810,888,854,792,867,2527,2735,924,1937,1040,313,True
4300851,Arambaré,RS,Rio Grande do Sul,4301,Porto Alegre,430005,Camaquã,4112,2028,2084,81,91,237,217,216,221,271,260,880,954,688,454,110,38,True
4300877,Araricá,RS,Rio Grande do Sul,4301,Porto Alegre,430002,Novo Hamburgo - São Leopoldo,8525,4246,4279,218,241,660,625,681,686,589,543,1165,1202,548,822,179,30,True
4300901,Aratiba,RS,Rio Grande do Sul,4306,Passo Fundo,430026,Erechim,6483,3257,3226,142,104,332,307,417,375,401,429,1433,1522,678,902,398,143,True
4301008,Arroio do Meio,RS,Rio Grande do Sul,4308,Santa Cruz do Sul - Lajeado,430041,Lajeado,21958,10868,11090,440,441,1463,1474,1809,1750,1541,1528,3521,3967,1273,3139,1406,394,True
4301073,Arroio do Padre,RS,Rio Grande do Sul,4302,Pelotas,430009,Pelotas,2590,1320,1270,67,55,158,180,207,166,215,190,448,462,257,215,122,52,True
4301057,Arroio do Sal,RS,Rio Grande do Sul,4301,Porto Alegre,430008,Torres,11055,5376,5679,258,243,577,545,646,671,631,667,2198,2521,988,1197,388,134,True
4301206,Arroio do Tigre,RS,Rio Grande do Sul,4308,Santa Cruz do Sul - Lajeado,430042,Sobradinho,12056,5982,6074,359,316,774,770,864,897,891,829,1977,2179,1740,1506,516,119,True
4301107,Arroio dos Ratos,RS,Rio Grande do Sul,4301,Porto Alegre,430001,Porto Alegre,14018,6852,7166,399,366,907,910,917,994,885,951,2266,2547,2157,1712,490,138,True
4301305,Arroio Grande,RS,Rio Grande do Sul,4302,Pelotas,430009,Pelotas,17558,8647,8911,442,428,1218,1187,1141,1183,1137,1223,3039,3256,3814,1855,471,164,True
4301404,Arvorezinha,RS,Rio Grande do Sul,4306,Passo Fundo,430031,Soledade,10317,5155,5162,265,233,715,740,754,691,712,687,1783,1928,1290,1232,496,119,True
4301503,Augusto Pestana,RS,Rio Grande do Sul,4305,Ijuí,430018,Ijuí,7149,3511,3638,146,137,409,377,431,428,457,488,1437,1628,817,974,456,266,True
4301552,Áurea,RS,Rio Grande do Sul,4306,Passo Fundo,430026,Erechim,3396,1694,1702,66,81,205,185,223,216,256,232,700,732,527,487,153,36,True
4301602,Bagé,RS,Rio Grande do Sul,4302,Pelotas,430010,Bagé,117464,55469,61995,3423,3204,8195,8726,7829,8759,7195,8332,16895,21487,16416,13716,4979,2411,True
4301636,Balneário Pinhal,RS,Rio Grande do Sul,4301,Porto Alegre,430003,Tramandaí - Osório,14949,7179,7770,407,355,746,756,718,848,815,949,3041,3439,1607,1454,438,143,True
4301651,Barão,RS,Rio Grande do Sul,4307,Caxias do Sul,430037,Bento Gonçalves,6443,3248,3195,137,149,421,395,531,494,494,448,1056,1124,389,877,456,120,True
4301701,Barão de Cotegipe,RS,Rio Grande do Sul,4306,Passo Fundo,430026,Erechim,7144,3606,3538,162,136,498,452,511,504,449,421,1330,1435,705,899,383,96,True
4301750,Barão do Triunfo,RS,Rio Grande do Sul,4301,Porto Alegre,430001,Porto Alegre,5889,3102,2787,192,194,419,331,390,358,442,410,1156,981,1427,600,145,44,True
4301859,Barra do Guarita,RS,Rio Grande do Sul,4305,Ijuí,430021,Três Passos,3161,1578,1583,88,63,197,218,223,225,205,192,477,532,469,412,82,20,True
4301875,Barra do Quaraí,RS,Rio Grande do Sul,4304,Uruguaiana,430015,Uruguaiana,4241,2183,2058,137,119,297,304,306,320,273,262,584,512,720,321,76,24,True
4301909,Barra do Ribeiro,RS,Rio Grande do Sul,4301,Porto Alegre,430001,Porto Alegre,12222,5974,6248,328,299,766,787,801,801,765,824,2093,2385,1947,1597,433,141,True
4301925,Barra do Rio Azul,RS,Rio Grande do Sul,4306,Passo Fundo,430026,Erechim,1696,857,839,30,27,69,56,105,105,115,112,428,418,205,281,94,29,True
4301958,Barra Funda,RS,Rio Grande do Sul,4306,Passo Fundo,430028,Carazinho,2498,1217,1281,50,47,157,150,153,185,168,169,464,505,188,346,144,37,True
4301800,Barracão,RS,Rio Grande do Sul,4306,Passo Fundo,430033,Lagoa Vermelha,4816,2444,2372,116,112,262,261,334,303,308,302,967,957,911,621,145,74,True
4302006,Barros Cassal,RS,Rio Grande do Sul,4306,Passo Fundo,430031,Soledade,9296,4723,4573,269,264,582,548,604,593,684,632,1699,1644,1953,1122,258,88,True
4302055,Benjamin Constant do Sul,RS,Rio Grande do Sul,4306,Passo Fundo,430026,Erechim,2082,1087,995,59,49,173,150,128,116,122,113,333,335,367,200,42,5,True
4302105,Bento Gonçalves,RS,Rio Grande do Sul,4307,Caxias do Sul,430037,Bento Gonçalves,123140,59689,63451,2670,2664,8935,9114,10746,10979,9178,9286,16887,20546,5603,16139,10324,4056,True
4302154,Boa Vista das Missões,RS,Rio Grande do Sul,4306,Passo Fundo,430029,Frederico Westphalen,1918,945,973,56,41,122,124,114,122,114,131,338,350,359,242,56,21,True
4302204,Boa Vista do Buricá,RS,Rio Grande do Sul,4305,Ijuí,430023,Três de Maio,6966,3445,3521,136,136,412,420,525,489,444,445,1291,1449,601,1048,421,148,True
4302220,Boa Vista do Cadeado,RS,Rio Grande do Sul,4306,Passo Fundo,430027,Cruz Alta,2219,1139,1080,42,55,111,103,146,155,135,129,475,423,335,304,96,42,True
4302238,Boa Vista do Incra,RS,Rio Grande do Sul,4306,Passo Fundo,430027,Cruz Alta,2271,1146,1125,63,45,143,131,145,151,150,151,409,425,321,298,104,31,True
4302253,Boa Vista do Sul,RS,Rio Grande do Sul,4307,Caxias do Sul,430037,Bento Gonçalves,2779,1432,1347,68,50,148,121,160,170,203,176,675,628,254,396,197,64,True
4302303,Bom Jesus,RS,Rio Grande do Sul,4307,Caxias do Sul,430039,Vacaria,11180,5554,5626,288,306,793,770,738,751,727,717,1690,1770,1929,1254,350,113,True
4302352,Bom Princípio,RS,Rio Grande do Sul,4301,Porto Alegre,430002,Novo Hamburgo - São Leopoldo,13142,6582,6560,332,281,903,927,1083,1086,951,898,2060,2196,775,2005,854,202,True
4302378,Bom Progresso,RS,Rio Grande do Sul,4305,Ijuí,430021,Três Passos,2096,1019,1077,48,41,123,108,125,141,144,104,381,445,401,265,64,31,True
4302402,Bom Retiro do Sul,RS,Rio Grande do Sul,4308,Santa Cruz do Sul - Lajeado,430041,Lajeado,12292,6057,6235,326,298,872,822,925,894,777,857,1881,2210,1143,2164,582,114,True
4302451,Boqueirão do Leão,RS,Rio Grande do Sul,4308,Santa Cruz do Sul - Lajeado,430041,Lajeado,6247,3175,3072,163,171,376,353,489,465,445,423,1123,1073,1154,823,350,92,True
4302501,Bossoroca,RS,Rio Grande do Sul,4305,Ijuí,430022,São Luiz Gonzaga,5890,3011,2879,167,131,328,319,334,360,404,386,1212,1149,1403,652,141,64,True
4302584,Bozano,RS,Rio Grande do Sul,4305,Ijuí,430018,Ijuí,2151,1058,1093,60,37,91,118,116,114,123,145,476,459,208,279,142,68,True
4302600,Braga,RS,Rio Grande do Sul,4305,Ijuí,430021,Três Passos,3268,1638,1630,100,82,189,186,186,184,213,220,592,622,687,377,91,27,True
4302659,Brochier,RS,Rio Grande do Sul,4301,Porto Alegre,430007,Montenegro,4966,2479,2487,97,134,296,283,332,323,335,304,951,1011,592,783,194,51,True
4302709,Butiá,RS,Rio Grande do Sul,4301,Porto Alegre,430006,Charqueadas - Triunfo - São Jerônimo,19080,9254,9826,524,536,1229,1281,1310,1389,1244,1268,2965,3392,3139,2548,732,178,True
4302808,Caçapava do Sul,RS,Rio Grande do Sul,4303,Santa Maria,430012,São Gabriel - Caçapava do Sul,32509,15776,16733,792,798,1937,1939,2130,2254,2005,2148,5841,6725,6458,3904,1057,387,True
4302907,Cacequi,RS,Rio Grande do Sul,4303,Santa Maria,430011,Santa Maria,11154,5582,5572,297,249,671,648,687,702,710,682,2114,2206,2404,1468,407,136,True
4303004,Cachoeira do Sul,RS,Rio Grande do Sul,4303,Santa Maria,430013,Cachoeira do Sul,79873,38258,41615,2080,1990,5156,4983,5246,5633,5058,5340,13170,16438,13144,10383,3721,1628,True
4303103,Cachoeirinha,RS,Rio Grande do Sul,4301,Porto Alegre,430001,Porto Alegre,136258,64937,71321,3406,3364,10007,10590,11179,11798,9666,10547,16653,21504,10474,17053,7817,2464,True
4303202,Cacique Doble,RS,Rio Grande do Sul,4306,Passo Fundo,430033,Lagoa Vermelha,4603,2285,2318,112,121,298,286,291,267,237,285,906,923,734,502,142,50,True
4303301,Caibaté,RS,Rio Grande do Sul,4305,Ijuí,430022,São Luiz Gonzaga,4704,2369,2335,116,91,272,265,288,294,306,321,958,1005,833,613,193,62,True
4303400,Caiçara,RS,Rio Grande do Sul,4306,Passo Fundo,430029,Frederico Westphalen,4828,2442,2386,128,109,307,268,310,297,302,319,979,990,709,610,204,91,True
4303509,Camaquã,RS,Rio Grande do Sul,4301,Porto Alegre,430005,Camaquã,61793,30005,31788,1652,1621,4221,4257,4297,4453,4233,4439,9554,11206,9332,7606,2463,817,True
4303558,Camargo,RS,Rio Grande do Sul,4306,Passo Fundo,430030,Marau,2971,1484,1487,69,66,187,174,232,210,179,191,538,552,256,308,183,83,True
4303608,Cambará do Sul,RS,Rio Grande do Sul,4307,Caxias do Sul,430036,Caxias do Sul,6342,3246,3096,178,162,480,418,475,474,434,406,995,987,921,904,256,64,True
4303673,Campestre da Serra,RS,Rio Grande do Sul,4307,Caxias do Sul,430036,Caxias do Sul,3242,1667,1575,69,70,217,181,170,183,233,204,705,672,356,501,207,33,True
4303707,Campina das Missões,RS,Rio Grande do Sul,4305,Ijuí,430019,Santa Rosa,5882,2907,2975,104,127,335,299,356,353,400,376,1269,1380,885,821,268,67,True
4303806,Campinas do Sul,RS,Rio Grande do Sul,4306,Passo Fundo,430026,Erechim,5284,2543,2741,115,124,292,281,354,357,307,303,1042,1260,669,716,313,131,True
4303905,Campo Bom,RS,Rio Grande do Sul,4301,Porto Alegre,430002,Novo Hamburgo - São Leopoldo,62886,30414,32472,1545,1485,4332,4376,4916,5324,4801,4906,8643,10605,4784,9908,3871,1155,True
4304002,Campo Novo,RS,Rio Grande do Sul,4305,Ijuí,430021,Três Passos,4975,2457,2518,117,123,323,351,319,307,304,353,880,897,949,587,168,67,True
4304101,Campos Borges,RS,Rio Grande do Sul,4306,Passo Fundo,430025,Passo Fundo,3609,1800,1809,79,87,210,166,240,238,262,234,665,711,645,440,105,40,True
4304200,Candelária,RS,Rio Grande do Sul,4308,Santa Cruz do Sul - Lajeado,430040,Santa Cruz do Sul,28886,14151,14735,722,726,1951,1944,2002,1998,2020,2049,4861,5437,5372,3539,1073,289,True
4304309,Cândido Godói,RS,Rio Grande do Sul,4305,Ijuí,430019,Santa Rosa,6294,3169,3125,130,123,391,338,401,377,431,406,1294,1407,803,977,282,81,True
4304358,Candiota,RS,Rio Grande do Sul,4302,Pelotas,430010,Bagé,10710,5474,5236,374,316,796,809,802,827,781,711,1474,1348,1247,982,388,128,True
4304408,Canela,RS,Rio Grande do Sul,4307,Caxias do Sul,430036,Caxias do Sul,48895,23527,25368,1351,1310,3850,3897,3845,4053,3471,3685,5803,7176,3894,5808,2101,733,True
4304507,Canguçu,RS,Rio Grande do Sul,4302,Pelotas,430009,Pelotas,49676,24974,24702,1334,1281,3274,3184,3406,3296,3542,3381,9050,9467,9723,5253,1461,391,True
4304606,Canoas,RS,Rio Grande do Sul,4301,Porto Alegre,430001,Porto Alegre,347645,166304,181341,9207,8913,25636,26170,27479,28850,24856,26868,44578,57351,28367,42527,20543,9459,True
4304614,Canudos do Vale,RS,Rio Grande do Sul,4308,Santa Cruz do Sul - Lajeado,430041,Lajeado,1656,857,799,29,32,78,74,92,115,133,89,408,387,199,214,98,46,True
4304622,Capão Bonito do Sul,RS,Rio Grande do Sul,4306,Passo Fundo,430033,Lagoa Vermelha,1733,908,825,50,45,89,86,117,122,125,111,352,296,390,145,27,17,True
4304630,Capão da Canoa,RS,Rio Grande do Sul,4301,Porto Alegre,430003,Tramandaí - Osório,63587,30461,33126,1748,1693,4544,4679,4631,4936,4044,4538,8180,10361,4031,5902,2554,848,True
4304655,Capão do Cipó,RS,Rio Grande do Sul,4303,Santa Maria,430014,Santiago,3113,1638,1475,96,72,178,186,235,212,231,207,585,511,571,272,71,33,True
4304663,Capão do Leão,RS,Rio Grande do Sul,4302,Pelotas,430009,Pelotas,26487,12955,13532,753,705,1870,2081,1844,2009,1785,1767,3642,4081,3953,2890,581,115,True
4304689,Capela de Santana,RS,Rio Grande do Sul,4301,Porto Alegre,430002,Novo Hamburgo - São Leopoldo,11159,5639,5520,304,286,802,751,807,738,748,795,1753,1799,1702,1720,354,64,True
4304697,Capitão,RS,Rio Grande do Sul,4308,Santa Cruz do Sul - Lajeado,430041,Lajeado,2921,1478,1443,73,72,192,185,215,194,198,174,511,535,229,417,158,48,True
4304671,Capivari do Sul,RS,Rio Grande do Sul,4301,Porto Alegre,430001,Porto Alegre,3989,1983,2006,119,100,280,276,277,290,234,262,597,657,501,513,161,60,True
4304713,Caraá,RS,Rio Grande do Sul,4301,Porto Alegre,430001,Porto Alegre,7394,3794,3600,167,179,405,405,421,402,457,466,1707,1506,1346,884,120,39,True
4304705,Carazinho,RS,Rio Grande do Sul,4306,Passo Fundo,430028,Carazinho,61804,29490,32314,1533,1508,4327,4291,4510,4747,4068,4419,8842,11281,6738,8287,3450,1315,True
4304804,Carlos Barbosa,RS,Rio Grande do Sul,4307,Caxias do Sul,430037,Bento Gonçalves,30415,15106,15309,748,671,2134,2094,2625,2549,2221,2310,4616,5082,1108,3703,2803,797,True
4304853,Carlos Gomes,RS,Rio Grande do Sul,4306,Passo Fundo,430026,Erechim,1368,710,658,27,37,91,68,83,79,101,100,300,286,168,234,66,20,True
4304903,Casca,RS,Rio Grande do Sul,4306,Passo Fundo,430030,Marau,9455,4617,4838,173,208,632,677,727,691,629,602,1648,1902,609,1209,637,235,True
4304952,Caseiros,RS,Rio Grande do Sul,4306,Passo Fundo,430033,Lagoa Vermelha,3000,1524,1476,89,61,201,175,180,180,175,184,553,588,513,338,94,30,True
4305009,Catuípe,RS,Rio Grande do Sul,4305,Ijuí,430018,Ijuí,8674,4167,4507,199,197,477,468,514,494,520,566,1715,2011,1351,1200,427,180,True
4305108,Caxias do Sul,RS,Rio Grande do Sul,4307,Caxias do Sul,430036,Caxias do Sul,463026,223905,239121,11479,10978,33262,33277,37557,39020,34580,35905,63312,78179,25038,61268,40074,18017,True
4305116,Centenário,RS,Rio Grande do Sul,4306,Passo Fundo,430026,Erechim,2721,1404,1317,60,53,145,128,158,147,206,189,619,598,420,361,92,43,True
4305124,Cerrito,RS,Rio Grande do Sul,4302,Pelotas,430009,Pelotas,5808,2894,2914,135,155,323,344,297,335,385,339,1229,1262,1441,583,114,34,True
4305132,Cerro Branco,RS,Rio Grande do Sul,4303,Santa Maria,430013,Cachoeira do Sul,3802,1921,1881,87,88,197,172,247,221,278,276,848,884,944,508,111,13,True
4305157,Cerro Grande,RS,Rio Grande do Sul,4306,Passo Fundo,430034,Palmeira das Missões,2379,1190,1189,64,61,132,120,143,144,148,145,469,463,475,225,64,9,True
4305173,Cerro Grande do Sul,RS,Rio Grande do Sul,4301,Porto Alegre,430005,Camaquã,9178,4747,4431,301,302,633,623,662,652,700,614,1492,1315,1926,972,235,79,True
4305207,Cerro Largo,RS,Rio Grande do Sul,4305,Ijuí,430024,Cerro Largo,13705,6745,6960,358,292,968,966,974,965,925,888,2329,2701,1318,2054,760,263,True
4305306,Chapada,RS,Rio Grande do Sul,4306,Passo Fundo,430028,Carazinho,9540,4654,4886,212,197,572,557,664,665,552,616,1769,2066,1189,1482,469,169,True
4305355,Charqueadas,RS,Rio Grande do Sul,4301,Porto Alegre,430006,Charqueadas - Triunfo - São Jerônimo,31312,15080,16232,892,864,2189,2289,2208,2311,2139,2292,4498,5572,3284,4290,1824,494,True
4305371,Charrua,RS,Rio Grande do Sul,4306,Passo Fundo,430032,Tapejara - Sananduva,2768,1398,1370,100,99,213,179,162,171,183,166,478,504,307,375,172,70,True
4305405,Chiapetta,RS,Rio Grande do Sul,4305,Ijuí,430018,Ijuí,3913,1916,1997,91,102,230,236,253,238,235,274,745,750,602,449,189,74,True
4305439,Chuí,RS,Rio Grande do Sul,4302,Pelotas,430009,Pelotas,6262,3043,3219,181,172,442,500,385,421,435,492,903,988,1020,659,152,35,True
4305447,Chuvisca,RS,Rio Grande do Sul,4301,Porto Alegre,430005,Camaquã,4597,2359,2238,164,149,290,272,344,342,371,300,752,721,785,521,146,27,True
4305454,Cidreira,RS,Rio Grande do Sul,4301,Porto Alegre,430003,Tramandaí - Osório,17071,8176,8895,386,418,857,830,851,948,955,1077,3429,3938,1614,1817,619,231,True
4305504,Ciríaco,RS,Rio Grande do Sul,4306,Passo Fundo,430030,Marau,4143,2062,2081,116,88,247,251,261,252,250,246,831,888,774,650,165,63,True
4305587,Colinas,RS,Rio Grande do Sul,4308,Santa Cruz do Sul - Lajeado,430041,Lajeado,2416,1214,1202,50,50,115,101,172,170,159,156,497,561,219,379,181,62,True
4305603,Colorado,RS,Rio Grande do Sul,4306,Passo Fundo,430028,Carazinho,3258,1585,1673,63,58,185,154,233,213,202,196,643,814,483,443,203,106,True
4305702,Condor,RS,Rio Grande do Sul,4305,Ijuí,430018,Ijuí,6388,3156,3232,188,168,399,418,462,466,429,455,1031,1126,869,803,312,114,True
4305801,Constantina,RS,Rio Grande do Sul,4306,Passo Fundo,430028,Carazinho,10385,5090,5295,221,267,725,709,755,769,614,646,1742,1914,1157,1154,393,155,True
4305835,Coqueiro Baixo,RS,Rio Grande do Sul,4308,Santa Cruz do Sul - Lajeado,430041,Lajeado,1290,658,632,19,26,44,29,67,54,76,59,355,365,225,195,69,22,True
4305850,Coqueiros do Sul,RS,Rio Grande do Sul,4306,Passo Fundo,430028,Carazinho,2207,1095,1112,39,41,131,123,113,110,144,141,489,515,337,312,120,67,True
4305871,Coronel Barros,RS,Rio Grande do Sul,4305,Ijuí,430018,Ijuí,2822,1395,1427,62,75,170,151,146,184,206,188,575,594,261,366,157,85,True
4305900,Coronel Bicaco,RS,Rio Grande do Sul,4305,Ijuí,430018,Ijuí,6144,3050,3094,167,159,341,337,345,388,376,397,1084,1195,1512,715,210,62,True
4305934,Coronel Pilar,RS,Rio Grande do Sul,4307,Caxias do Sul,430037,Bento Gonçalves,1607,829,778,44,28,86,71,88,76,94,91,415,415,103,233,135,39,True
4305959,Cotiporã,RS,Rio Grande do Sul,4307,Caxias do Sul,430037,Bento Gonçalves,3846,1964,1882,63,62,219,198,304,229,246,237,864,902,287,568,276,81,True
4305975,Coxilha,RS,Rio Grande do Sul,4306,Passo Fundo,430025,Passo Fundo,2655,1331,1324,73,56,156,188,178,182,185,182,464,447,405,370,98,42,True
4306007,Crissiumal,RS,Rio Grande do Sul,4305,Ijuí,430021,Três Passos,12878,6321,6557,308,316,739,728,806,804,869,861,2482,2805,2181,2059,497,120,True
4306056,Cristal,RS,Rio Grande do Sul,4301,Porto Alegre,430005,Camaquã,7299,3648,3651,200,178,495,493,497,489,489,479,1226,1248,1168,822,247,59,True
4306072,Cristal do Sul,RS,Rio Grande do Sul,4306,Passo Fundo,430029,Frederico Westphalen,2692,1320,1372,61,64,160,153,144,175,196,180,514,512,606,292,37,7,True
4306106,Cruz Alta,RS,Rio Grande do Sul,4306,Passo Fundo,430027,Cruz Alta,58649,27695,30954,1424,1425,4036,4199,4004,4402,3641,4134,8381,10898,8009,7947,3317,1522,True
4306130,Cruzaltense,RS,Rio Grande do Sul,4306,Passo Fundo,430026,Erechim,1635,831,804,25,34,101,62,89,96,94,86,409,392,263,267,106,25,True
4306205,Cruzeiro do Sul,RS,Rio Grande do Sul,4308,Santa Cruz do Sul - Lajeado,430041,Lajeado,11600,5798,5802,289,251,752,662,786,786,773,814,2195,2318,1199,2055,724,138,True
4306304,David Canabarro,RS,Rio Grande do Sul,4306,Passo Fundo,430030,Marau,4321,2171,2150,104,104,279,239,254,277,309,290,876,894,543,668,224,50,True
4306320,Derrubadas,RS,Rio Grande do Sul,4305,Ijuí,430021,Três Passos,2751,1388,1363,67,67,156,143,157,164,180,184,562,538,604,277,73,30,True
4306353,Dezesseis de Novembro,RS,Rio Grande do Sul,4305,Ijuí,430022,São Luiz Gonzaga,2507,1288,1219,67,48,134,127,124,130,149,170,620,566,617,267,46,13,True
4306379,Dilermando de Aguiar,RS,Rio Grande do Sul,4303,Santa Maria,430011,Santa Maria,2806,1464,1342,68,54,116,132,136,172,198,178,679,578,726,259,63,20,True
4306403,Dois Irmãos,RS,Rio Grande do Sul,4301,Porto Alegre,430002,Novo Hamburgo - São Leopoldo,30709,14893,15816,706,736,2057,2183,2449,2609,2431,2553,4409,5035,1704,5011,2034,579,True
4306429,Dois Irmãos das Missões,RS,Rio Grande do Sul,4306,Passo Fundo,430034,Palmeira das Missões,2090,1047,1043,45,64,120,111,138,155,139,126,368,348,378,210,47,19,True
4306452,Dois Lajeados,RS,Rio Grande do Sul,4307,Caxias do Sul,430038,Nova Prata - Guaporé,3097,1535,1562,60,55,150,138,201,214,239,188,642,733,247,426,273,83,True
4306502,Dom Feliciano,RS,Rio Grande do Sul,4301,Porto Alegre,430005,Camaquã,13051,6753,6298,397,376,917,842,874,853,973,928,2313,2132,2796,1128,331,80,True
4306601,Dom Pedrito,RS,Rio Grande do Sul,4302,Pelotas,430010,Bagé,36827,18112,18715,979,905,2607,2554,2423,2440,2410,2470,6082,6912,6619,4424,1256,580,True
4306551,Dom Pedro de Alcântara,RS,Rio Grande do Sul,4301,Porto Alegre,430008,Torres,2562,1318,1244,63,50,145,148,187,167,183,164,522,499,506,345,75,11,True
4306700,Dona Francisca,RS,Rio Grande do Sul,4303,Santa Maria,430011,Santa Maria,3079,1533,1546,62,61,182,197,203,190,197,202,606,649,509,394,148,43,True
4306734,Doutor Maurício Cardoso,RS,Rio Grande do Sul,4305,Ijuí,430023,Três de Maio,4470,2212,2258,87,77,239,188,257,252,271,278,971,1082,912,643,225,64,True
4306759,Doutor Ricardo,RS,Rio Grande do Sul,4308,Santa Cruz do Sul - Lajeado,430043,Encantado,1888,970,918,42,30,112,103,123,109,106,117,438,439,189,277,129,44,True
4306767,Eldorado do Sul,RS,Rio Grande do Sul,4301,Porto Alegre,430001,Porto Alegre,39535,19366,20169,1165,1053,2800,2889,2826,3058,2737,2865,5121,5855,4257,4402,1486,509,True
4306809,Encantado,RS,Rio Grande do Sul,4308,Santa Cruz do Sul - Lajeado,430043,Encantado,22889,11030,11859,461,489,1481,1576,1726,1709,1568,1641,3711,4437,1656,3346,1419,433,True
4306908,Encruzilhada do Sul,RS,Rio Grande do Sul,4308,Santa Cruz do Sul - Lajeado,430040,Santa Cruz do Sul,23804,11834,11970,700,656,1679,1624,1487,1560,1500,1578,4112,4403,4675,2439,640,234,True
4306924,Engenho Velho,RS,Rio Grande do Sul,4306,Passo Fundo,430028,Carazinho,1296,642,654,38,22,78,78,79,88,80,80,191,237,173,135,87,32,True
4306957,Entre Rios do Sul,RS,Rio Grande do Sul,4306,Passo Fundo,430026,Erechim,2685,1307,1378,47,66,147,109,136,153,152,169,578,623,508,375,109,32,True
4306932,Entre-Ijuís,RS,Rio Grande do Sul,4305,Ijuí,430020,Santo Ângelo,9158,4507,4651,207,207,555,537,603,591,598,611,1711,1849,1538,1091,301,86,True
4306973,Erebango,RS,Rio Grande do Sul,4306,Passo Fundo,430026,Erechim,3054,1512,1542,72,74,246,224,213,216,203,189,440,506,375,367,131,44,True
4307005,Erechim,RS,Rio Grande do Sul,4306,Passo Fundo,430026,Erechim,105153,50245,54908,2458,2403,7577,7941,8370,8597,7426,8186,14693,18290,7449,15133,7127,2876,True
4307054,Ernestina,RS,Rio Grande do Sul,4306,Passo Fundo,430025,Passo Fundo,3034,1530,1504,73,69,191,180,174,192,206,194,607,605,447,443,149,36,True
4307203,Erval Grande,RS,Rio Grande do Sul,4306,Passo Fundo,430026,Erechim,4920,2509,2411,125,106,279,258,337,318,316,285,974,987,811,591,187,55,True
4307302,Erval Seco,RS,Rio Grande do Sul,4306,Passo Fundo,430029,Frederico Westphalen,6787,3435,3352,188,176,390,358,420,433,450,420,1222,1308,1478,795,182,56,True
4307401,Esmeralda,RS,Rio Grande do Sul,4307,Caxias do Sul,430039,Vacaria,3195,1568,1627,83,78,200,195,207,208,191,205,572,605,557,352,109,30,True
4307450,Esperança do Sul,RS,Rio Grande do Sul,4305,Ijuí,430021,Três Passos,3217,1604,1611,58,63,125,158,188,184,173,172,722,716,664,348,91,20,True
4307500,Espumoso,RS,Rio Grande do Sul,4306,Passo Fundo,430025,Passo Fundo,15166,7469,7697,399,362,1026,942,1058,1073,1006,1001,2518,2950,1998,1939,732,332,True
4307559,Estação,RS,Rio Grande do Sul,4306,Passo Fundo,430026,Erechim,5582,2705,2877,147,128,340,311,377,390,372,388,1020,1200,580,1007,318,103,True
4307609,Estância Velha,RS,Rio Grande do Sul,4301,Porto Alegre,430002,Novo Hamburgo - São Leopoldo,47921,23444,24477,1239,1139,3323,3248,3848,4162,3622,3732,6517,7654,3353,6834,2791,753,True
4307708,Esteio,RS,Rio Grande do Sul,4301,Porto Alegre,430001,Porto Alegre,76128,36183,39945,2030,1937,5353,5290,5442,5962,5250,5617,10700,14104,6832,11140,5800,2111,True
4307807,Estrela,RS,Rio Grande do Sul,4308,Santa Cruz do Sul - Lajeado,430041,Lajeado,32175,15573,16602,754,707,2093,2105,2376,2470,2212,2251,4973,5989,2117,4903,2503,907,True
4307815,Estrela Velha,RS,Rio Grande do Sul,4308,Santa Cruz do Sul - Lajeado,430042,Sobradinho,3064,1567,1497,84,76,150,175,206,230,252,199,564,528,547,384,123,34,True
4307831,Eugênio de Castro,RS,Rio Grande do Sul,4305,Ijuí,430020,Santo Ângelo,2633,1320,1313,62,55,157,137,153,140,159,168,553,599,575,290,90,31,True
4307864,Fagundes Varela,RS,Rio Grande do Sul,4307,Caxias do Sul,430037,Bento Gonçalves,2566,1301,1265,55,62,159,132,160,158,182,183,556,544,122,317,241,83,True
4307906,Farroupilha,RS,Rio Grande do Sul,4307,Caxias do Sul,430036,Caxias do Sul,70248,34086,36162,1631,1699,5102,5028,5612,5778,4958,5220,10254,12013,3404,9225,5754,1859,True
4308003,Faxinal do Soturno,RS,Rio Grande do Sul,4303,Santa Maria,430011,Santa Maria,6702,3294,3408,145,150,430,434,460,466,451,448,1229,1398,774,896,305,144,True
4308052,Faxinalzinho,RS,Rio Grande do Sul,4306,Passo Fundo,430026,Erechim,2520,1293,1227,61,52,150,150,151,165,151,144,516,495,455,288,62,13,True
4308078,Fazenda Vilanova,RS,Rio Grande do Sul,4308,Santa Cruz do Sul - Lajeado,430041,Lajeado,4291,2119,2172,125,122,295,284,276,316,302,313,663,648,511,563,140,35,True
4308102,Feliz,RS,Rio Grande do Sul,4307,Caxias do Sul,430036,Caxias do Sul,13764,6759,7005,305,270,882,923,1150,1115,960,988,2269,2589,860,2079,1002,211,True
4308201,Flores da Cunha,RS,Rio Grande do Sul,4307,Caxias do Sul,430036,Caxias do Sul,30887,15231,15656,681,698,2166,2039,2430,2425,2236,2241,4940,5515,1591,4040,2402,714,True
4308250,Floriano Peixoto,RS,Rio Grande do Sul,4306,Passo Fundo,430026,Erechim,1668,871,797,32,20,84,71,96,90,121,104,434,415,255,259,91,27,True
4308300,Fontoura Xavier,RS,Rio Grande do Sul,4306,Passo Fundo,430031,Soledade,9542,4851,4691,275,254,612,591,624,616,689,689,1714,1674,1871,1102,247,84,True
4308409,Formigueiro,RS,Rio Grande do Sul,4303,Santa Maria,430011,Santa Maria,6413,3211,3202,155,128,350,297,364,382,380,359,1387,1443,1353,715,170,58,True
4308433,Forquetinha,RS,Rio Grande do Sul,4308,Santa Cruz do Sul - Lajeado,430041,Lajeado,2393,1203,1190,44,37,114,115,144,134,161,154,573,581,278,434,132,37,True
4308458,Fortaleza dos Valos,RS,Rio Grande do Sul,4306,Passo Fundo,430027,Cruz Alta,4477,2201,2276,118,107,272,265,270,327,288,319,789,864,658,539,200,126,True
4308508,Frederico Westphalen,RS,Rio Grande do Sul,4306,Passo Fundo,430029,Frederico Westphalen,32492,15792,16700,789,765,2500,2671,2596,2591,2082,2250,4605,5383,2981,3921,1728,717,True
4308607,Garibaldi,RS,Rio Grande do Sul,4307,Caxias do Sul,430037,Bento Gonçalves,34317,16841,17476,737,722,2380,2372,2872,2853,2532,2545,5347,6225,1497,4583,2965,1020,True
4308656,Garruchos,RS,Rio Grande do Sul,4305,Ijuí,430022,São Luiz Gonzaga,2688,1408,1280,73,68,160,121,144,167,206,202,569,498,690,266,78,25,True
4308706,Gaurama,RS,Rio Grande do Sul,4306,Passo Fundo,430026,Erechim,5665,2763,2902,117,114,336,322,366,389,360,365,1147,1311,644,889,321,111,True
4308805,General Câmara,RS,Rio Grande do Sul,4301,Porto Alegre,430006,Charqueadas - Triunfo - São Jerônimo,7612,3809,3803,190,150,432,416,436,464,468,486,1548,1571,1609,884,324,119,True
4308854,Gentil,RS,Rio Grande do Sul,4306,Passo Fundo,430030,Marau,1744,885,859,37,38,123,110,114,121,118,119,292,291,204,216,86,22,True
4308904,Getúlio Vargas,RS,Rio Grande do Sul,4306,Passo Fundo,430026,Erechim,16485,8034,8451,374,339,1079,1059,1227,1214,1104,1108,2813,3323,1924,2391,946,297,True
4309001,Giruá,RS,Rio Grande do Sul,4305,Ijuí,430020,Santo Ângelo,16007,7831,8176,414,373,1020,988,1015,1046,1038,1047,2804,3222,2931,1926,560,215,True
4309050,Glorinha,RS,Rio Grande do Sul,4301,Porto Alegre,430001,Porto Alegre,7650,3855,3795,169,182,472,432,533,564,507,512,1366,1354,921,984,289,105,True
4309100,Gramado,RS,Rio Grande do Sul,4307,Caxias do Sul,430036,Caxias do Sul,40134,19336,20798,979,967,2989,3031,3213,3424,2922,3118,5350,6472,2782,5175,2128,915,True
4309126,Gramado dos Loureiros,RS,Rio Grande do Sul,4306,Passo Fundo,430035,Nonoai,2002,1034,968,71,50,117,86,136,144,128,116,401,396,383,248,53,20,True
4309159,Gramado Xavier,RS,Rio Grande do Sul,4308,Santa Cruz do Sul - Lajeado,430040,Santa Cruz do Sul,3304,1708,1596,110,102,224,205,213,217,275,239,524,516,619,363,100,21,True
4309209,Gravataí,RS,Rio Grande do Sul,4301,Porto Alegre,430001,Porto Alegre,265052,128461,136591,7067,6901,19199,19377,20161,21601,19512,20226,35584,42910,25828,35843,14282,4100,True
4309258,Guabiju,RS,Rio Grande do Sul,4307,Caxias do Sul,430038,Nova Prata - Guaporé,1417,731,686,21,18,76,68,93,77,72,80,362,356,146,190,118,74,True
4309308,Guaíba,RS,Rio Grande do Sul,4301,Porto Alegre,430001,Porto Alegre,92698,44425,48273,2645,2359,6525,6579,6681,7279,6359,7003,12855,16146,10910,13201,4835,1519,True
4309407,Guaporé,RS,Rio Grande do Sul,4307,Caxias do Sul,430038,Nova Prata - Guaporé,25210,12181,13029,590,534,1771,1781,1960,2027,1730,1901,3756,4499,1458,3653,1877,557,True
4309506,Guarani das Missões,RS,Rio Grande do Sul,4305,Ijuí,430020,Santo Ângelo,7415,3621,3794,162,177,435,381,444,457,506,493,1495,1710,1229,1012,335,105,True
4309555,Harmonia,RS,Rio Grande do Sul,4301,Porto Alegre,430002,Novo Hamburgo - São Leopoldo,5378,2685,2693,136,107,400,377,423,442,393,371,875,909,286,709,349,67,True
4307104,Herval,RS,Rio Grande do Sul,4302,Pelotas,430009,Pelotas,6191,3117,3074,172,156,368,349,399,417,397,369,1124,1160,1657,569,129,50,True
4309571,Herveiras,RS,Rio Grande do Sul,4308,Santa Cruz do Sul - Lajeado,430040,Santa Cruz do Sul,2565,1328,1237,69,61,160,169,201,183,188,174,431,402,467,332,94,12,True
4309605,Horizontina,RS,Rio Grande do Sul,4305,Ijuí,430023,Três de Maio,18851,9162,9689,415,420,1251,1189,1414,1402,1336,1356,3027,3623,1924,2908,1238,471,True
4309654,Hulha Negra,RS,Rio Grande do Sul,4302,Pelotas,430010,Bagé,5976,3052,2924,179,183,383,395,402,401,405,379,1001,885,1069,592,119,42,True
4309704,Humaitá,RS,Rio Grande do Sul,4305,Ijuí,430021,Três Passos,4681,2295,2386,96,96,259,240,275,289,291,309,958,1107,622,718,272,91,True
4309753,Ibarama,RS,Rio Grande do Sul,4308,Santa Cruz do Sul - Lajeado,430042,Sobradinho,3724,1902,1822,98,99,249,211,254,235,302,264,692,708,616,491,208,37,True
4309803,Ibiaçá,RS,Rio Grande do Sul,4306,Passo Fundo,430032,Tapejara - Sananduva,4527,2235,2292,95,105,257,259,280,267,252,307,957,1053,528,670,286,146,True
4309902,Ibiraiaras,RS,Rio Grande do Sul,4306,Passo Fundo,430033,Lagoa Vermelha,6776,3401,3375,177,178,482,421,467,442,433,409,1216,1351,748,928,355,133,True
4309951,Ibirapuitã,RS,Rio Grande do Sul,4306,Passo Fundo,430031,Soledade,3714,1913,1801,106,93,266,251,241,243,244,233,683,674,790,414,108,38,True
4310009,Ibirubá,RS,Rio Grande do Sul,4306,Passo Fundo,430027,Cruz Alta,21582,10615,10967,517,469,1544,1515,1774,1692,1464,1482,3287,3862,1757,2939,1377,631,True
4310108,Igrejinha,RS,Rio Grande do Sul,4301,Porto Alegre,430004,Taquara - Parobé - Igrejinha,32797,15822,16975,831,854,2253,2378,2507,2716,2390,2464,4436,5199,2766,5480,1838,417,True
4310207,Ijuí,RS,Rio Grande do Sul,4305,Ijuí,430018,Ijuí,84217,40378,43839,2040,2005,5820,6061,6172,6440,5657,6181,12507,15445,8608,10803,4896,2151,True
4310306,Ilópolis,RS,Rio Grande do Sul,4308,Santa Cruz do Sul - Lajeado,430043,Encantado,4141,2099,2042,98,88,260,265,284,273,291,270,790,846,399,532,222,93,True
4310330,Imbé,RS,Rio Grande do Sul,4301,Porto Alegre,430003,Tramandaí - Osório,26822,12874,13948,685,665,1520,1430,1657,1824,1621,1853,4615,5548,1984,2468,1013,359,True
4310363,Imigrante,RS,Rio Grande do Sul,4308,Santa Cruz do Sul - Lajeado,430041,Lajeado,3080,1515,1565,53,71,170,167,222,197,208,223,602,676,259,475,251,75,True
4310405,Independência,RS,Rio Grande do Sul,4305,Ijuí,430023,Três de Maio,6427,3245,3182,172,154,364,327,409,378,415,399,1248,1343,1042,834,264,96,True
4310413,Inhacorá,RS,Rio Grande do Sul,4305,Ijuí,430018,Ijuí,2014,1029,985,56,46,121,109,122,120,127,138,410,392,440,231,63,17,True
4310439,Ipê,RS,Rio Grande do Sul,4307,Caxias do Sul,430036,Caxias do Sul,5399,2738,2661,107,105,329,268,352,343,386,348,1114,1176,629,887,352,84,True
4310462,Ipiranga do Sul,RS,Rio Grande do Sul,4306,Passo Fundo,430026,Erechim,1720,877,843,39,30,82,64,91,95,109,105,409,432,166,208,160,112,True
4310504,Iraí,RS,Rio Grande do Sul,4306,Passo Fundo,430029,Frederico Westphalen,7430,3693,3737,198,158,421,414,452,490,451,470,1386,1467,1457,769,251,90,True
4310538,Itaara,RS,Rio Grande do Sul,4303,Santa Maria,430011,Santa Maria,5561,2790,2771,137,139,352,327,379,376,386,397,1019,1044,671,595,225,140,True
4310553,Itacurubi,RS,Rio Grande do Sul,4303,Santa Maria,430014,Santiago,2995,1533,1462,62,71,174,150,187,188,179,194,651,580,770,271,61,20,True
4310579,Itapuca,RS,Rio Grande do Sul,4306,Passo Fundo,430031,Soledade,1937,1018,919,49,42,136,112,129,119,133,124,408,354,354,244,98,17,True
4310603,Itaqui,RS,Rio Grande do Sul,4304,Uruguaiana,430017,São Borja,35759,17572,18187,1046,942,2631,2697,2379,2594,2362,2448,5141,5703,5578,4071,1243,460,True
4310652,Itati,RS,Rio Grande do Sul,4301,Porto Alegre,430003,Tramandaí - Osório,2636,1354,1282,72,70,136,133,171,183,158,144,549,500,537,258,62,18,True
4310702,Itatiba do Sul,RS,Rio Grande do Sul,4306,Passo Fundo,430026,Erechim,3208,1650,1558,67,53,136,124,210,183,197,177,767,747,681,444,133,34,True
4310751,Ivorá,RS,Rio Grande do Sul,4303,Santa Maria,430011,Santa Maria,1929,975,954,42,46,123,100,84,97,130,124,469,456,274,273,98,33,True
4310801,Ivoti,RS,Rio Grande do Sul,4301,Porto Alegre,430002,Novo Hamburgo - São Leopoldo,22983,11213,11770,558,563,1419,1322,1861,1964,1856,1994,3327,3924,1160,3262,1622,599,True
4310850,Jaboticaba,RS,Rio Grande do Sul,4306,Passo Fundo,430029,Frederico Westphalen,3779,1887,1892,106,93,215,207,232,243,241,238,754,763,784,376,83,25,True
4310876,Jacuizinho,RS,Rio Grande do Sul,4306,Passo Fundo,430027,Cruz Alta,2027,1075,952,68,52,98,102,137,136,153,118,386,353,497,207,41,23,True
4310900,Jacutinga,RS,Rio Grande do Sul,4306,Passo Fundo,430026,Erechim,3332,1622,1710,69,54,177,173,230,205,165,187,692,802,478,543,149,43,True
4311007,Jaguarão,RS,Rio Grande do Sul,4302,Pelotas,430009,Pelotas,26603,12800,13803,741,720,1731,1778,1754,1850,1748,1849,4353,5210,5374,3132,891,421,True
4311106,Jaguari,RS,Rio Grande do Sul,4303,Santa Maria,430011,Santa Maria,10579,5170,5409,207,182,614,579,709,715,672,719,2209,2412,1800,1456,493,164,True
4311122,Jaquirana,RS,Rio Grande do Sul,4307,Caxias do Sul,430039,Vacaria,3690,1876,1814,125,113,229,206,199,218,230,236,691,643,835,391,76,19,True
4311130,Jari,RS,Rio Grande do Sul,4303,Santa Maria,430011,Santa Maria,3349,1736,1613,75,71,159,166,217,220,257,227,694,618,760,266,74,17,True
4311155,Jóia,RS,Rio Grande do Sul,4305,Ijuí,430018,Ijuí,7176,3688,3488,189,169,412,408,421,412,495,495,1460,1347,1358,862,247,113,True
4311205,Júlio de Castilhos,RS,Rio Grande do Sul,4303,Santa Maria,430011,Santa Maria,18159,8796,9363,481,481,1224,1114,1169,1328,1176,1191,2987,3507,3131,2087,657,350,True
4311239,Lagoa Bonita do Sul,RS,Rio Grande do Sul,4308,Santa Cruz do Sul - Lajeado,430042,Sobradinho,2251,1164,1087,61,61,129,121,169,148,172,143,450,427,431,286,101,25,True
4311270,Lagoa dos Três Cantos,RS,Rio Grande do Sul,4306,Passo Fundo,430025,Passo Fundo,1738,865,873,28,28,80,78,133,128,105,107,329,369,173,221,104,50,True
4311304,Lagoa Vermelha,RS,Rio Grande do Sul,4306,Passo Fundo,430033,Lagoa Vermelha,27479,13410,14069,748,699,1992,1914,1835,1934,1744,1840,4218,5013,4009,3481,1257,542,True
4311254,Lagoão,RS,Rio Grande do Sul,4308,Santa Cruz do Sul - Lajeado,430042,Sobradinho,5335,2744,2591,155,130,321,320,331,355,403,364,948,898,1205,549,116,22,True
4311403,Lajeado,RS,Rio Grande do Sul,4308,Santa Cruz do Sul - Lajeado,430041,Lajeado,93424,44950,48474,2108,2174,7257,7653,8262,8526,6761,7131,11310,14174,4732,11586,5891,2564,True
4311429,Lajeado do Bugre,RS,Rio Grande do Sul,4306,Passo Fundo,430034,Palmeira das Missões,2601,1326,1275,75,91,182,163,185,155,180,179,409,375,471,164,25,9,True
4311502,Lavras do Sul,RS,Rio Grande do Sul,4303,Santa Maria,430012,São Gabriel - Caçapava do Sul,7128,3519,3609,173,172,424,426,430,470,492,507,1294,1346,1457,765,243,91,True
4311601,Liberato Salzano,RS,Rio Grande do Sul,4306,Passo Fundo,430029,Frederico Westphalen,4781,2408,2373,118,99,249,218,320,321,313,308,966,984,876,721,172,39,True
4311627,Lindolfo Collor,RS,Rio Grande do Sul,4301,Porto Alegre,430002,Novo Hamburgo - São Leopoldo,6248,3150,3098,183,180,482,468,512,498,492,481,756,825,443,1053,196,28,True
4311643,Linha Nova,RS,Rio Grande do Sul,4301,Porto Alegre,430002,Novo Hamburgo - São Leopoldo,1683,845,838,35,47,96,84,101,112,120,108,379,373,147,243,97,27,True
4311718,Maçambará,RS,Rio Grande do Sul,4304,Uruguaiana,430017,São Borja,4424,2261,2163,113,109,287,293,283,293,318,287,804,738,852,467,86,35,True
4311700,Machadinho,RS,Rio Grande do Sul,4306,Passo Fundo,430033,Lagoa Vermelha,5728,2871,2857,173,123,330,336,359,395,381,403,1036,1056,960,633,187,72,True
4311734,Mampituba,RS,Rio Grande do Sul,4301,Porto Alegre,430008,Torres,3125,1612,1513,79,60,171,165,250,223,222,185,547,529,665,285,36,14,True
4311759,Manoel Viana,RS,Rio Grande do Sul,4304,Uruguaiana,430015,Uruguaiana,6801,3390,3411,175,161,415,427,418,469,457,445,1282,1284,1480,722,194,72,True
4311775,Maquiné,RS,Rio Grande do Sul,4301,Porto Alegre,430003,Tramandaí - Osório,7418,3780,3638,194,171,449,466,499,459,435,468,1469,1405,1093,906,240,53,True
4311791,Maratá,RS,Rio Grande do Sul,4301,Porto Alegre,430007,Montenegro,2470,1256,1214,49,51,127,123,162,155,180,160,528,511,274,388,137,37,True
4311809,Marau,RS,Rio Grande do Sul,4306,Passo Fundo,430030,Marau,45116,22021,23095,1125,1106,3474,3437,3827,3870,3242,3381,5940,6926,2701,5873,2589,792,True
4311908,Marcelino Ramos,RS,Rio Grande do Sul,4306,Passo Fundo,430026,Erechim,4320,2157,2163,99,89,227,202,255,225,251,286,963,1015,704,704,247,84,True
4311981,Mariana Pimentel,RS,Rio Grande do Sul,4301,Porto Alegre,430001,Porto Alegre,3916,2010,1906,103,97,221,214,255,239,245,240,853,802,756,431,93,32,True
4312005,Mariano Moro,RS,Rio Grande do Sul,4306,Passo Fundo,430026,Erechim,1858,926,932,44,43,88,84,95,96,129,126,437,439,269,290,129,66,True
4312054,Marques de Souza,RS,Rio Grande do Sul,4308,Santa Cruz do Sul - Lajeado,430041,Lajeado,3969,1982,1987,96,67,226,197,261,235,265,256,831,920,420,662,259,74,True
4312104,Mata,RS,Rio Grande do Sul,4303,Santa Maria,430011,Santa Maria,4698,2373,2325,96,109,278,225,289,281,343,326,977,1003,1088,542,132,35,True
4312138,Mato Castelhano,RS,Rio Grande do Sul,4306,Passo Fundo,430025,Passo Fundo,2420,1207,1213,66,48,119,114,162,179,173,151,438,442,344,297,97,46,True
4312153,Mato Leitão,RS,Rio Grande do Sul,4308,Santa Cruz do Sul - Lajeado,430040,Santa Cruz do Sul,4859,2395,2464,116,115,304,283,346,356,370,376,813,886,422,631,216,47,True
4312179,Mato Queimado,RS,Rio Grande do Sul,4305,Ijuí,430024,Cerro Largo,1795,911,884,49,43,94,86,124,99,120,127,372,373,286,232,74,23,True
4312203,Maximiliano de Almeida,RS,Rio Grande do Sul,4306,Passo Fundo,430032,Tapejara - Sananduva,4191,2073,2118,98,102,247,216,262,240,244,274,879,938,745,649,160,40,True
4312252,Minas do Leão,RS,Rio Grande do Sul,4301,Porto Alegre,430006,Charqueadas - Triunfo - São Jerônimo,7499,3676,3823,224,228,518,540,515,545,467,493,1169,1269,1152,956,237,51,True
4312302,Miraguaí,RS,Rio Grande do Sul,4305,Ijuí,430021,Três Passos,4423,2201,2222,113,101,242,260,251,286,268,293,897,844,876,515,152,37,True
4312351,Montauri,RS,Rio Grande do Sul,4307,Caxias do Sul,430038,Nova Prata - Guaporé,1499,751,748,34,23,84,85,114,85,84,88,334,366,78,179,145,66,True
4312377,Monte Alegre dos Campos,RS,Rio Grande do Sul,4307,Caxias do Sul,430039,Vacaria,3180,1684,1496,74,78,218,184,203,186,203,171,617,548,544,306,40,18,True
4312385,Monte Belo do Sul,RS,Rio Grande do Sul,4307,Caxias do Sul,430037,Bento Gonçalves,2557,1266,1291,47,39,111,100,178,170,164,132,596,668,170,340,235,56,True
4312401,Montenegro,RS,Rio Grande do Sul,4301,Porto Alegre,430007,Montenegro,64322,31925,32397,1597,1539,5055,4515,5428,4930,4593,4487,8799,10615,5915,8650,3500,1433,True
4312427,Mormaço,RS,Rio Grande do Sul,4306,Passo Fundo,430031,Soledade,2756,1359,1397,68,73,177,155,163,185,182,190,532,539,398,336,88,34,True
4312443,Morrinhos do Sul,RS,Rio Grande do Sul,4301,Porto Alegre,430008,Torres,3050,1587,1463,56,57,137,119,210,176,190,195,659,621,547,441,122,25,True
4312450,Morro Redondo,RS,Rio Grande do Sul,4302,Pelotas,430009,Pelotas,6034,2959,3075,150,135,285,288,370,389,423,412,1202,1328,1304,688,188,65,True
4312476,Morro Reuter,RS,Rio Grande do Sul,4301,Porto Alegre,430002,Novo Hamburgo - São Leopoldo,6020,3022,2998,142,120,386,338,441,453,462,461,1097,1167,410,1016,407,70,True
4312500,Mostardas,RS,Rio Grande do Sul,4301,Porto Alegre,430001,Porto Alegre,12078,6113,5965,344,318,749,750,772,767,729,724,2167,2137,2350,1193,312,124,True
4312609,Muçum,RS,Rio Grande do Sul,4308,Santa Cruz do Sul - Lajeado,430043,Encantado,4601,2211,2390,96,96,250,245,273,283,302,297,907,1085,383,849,345,88,True
4312617,Muitos Capões,RS,Rio Grande do Sul,4307,Caxias do Sul,430039,Vacaria,2872,1496,1376,72,73,186,174,183,182,217,171,506,444,467,391,80,31,True
4312625,Muliterno,RS,Rio Grande do Sul,4306,Passo Fundo,430030,Marau,1715,885,830,37,42,122,90,111,114,105,103,322,307,183,209,110,32,True
4312658,Não-Me-Toque,RS,Rio Grande do Sul,4306,Passo Fundo,430028,Carazinho,17898,8683,9215,396,382,1314,1245,1520,1481,1225,1263,2514,3103,1384,2649,1030,382,True
4312674,Nicolau Vergueiro,RS,Rio Grande do Sul,4306,Passo Fundo,430025,Passo Fundo,1932,980,952,56,44,97,104,129,133,124,114,390,380,230,226,108,39,True
4312708,Nonoai,RS,Rio Grande do Sul,4306,Passo Fundo,430035,Nonoai,13719,6792,6927,359,333,994,1004,990,982,840,867,2060,2243,1892,1319,464,161,True
4312757,Nova Alvorada,RS,Rio Grande do Sul,4306,Passo Fundo,430030,Marau,3157,1563,1594,84,83,219,209,211,219,234,202,546,574,322,417,170,55,True
4312807,Nova Araçá,RS,Rio Grande do Sul,4307,Caxias do Sul,430038,Nova Prata - Guaporé,4954,2515,2439,122,94,495,406,409,372,339,314,745,822,220,598,369,104,True
4312906,Nova Bassano,RS,Rio Grande do Sul,4307,Caxias do Sul,430038,Nova Prata - Guaporé,9649,4825,4824,212,199,695,694,738,715,692,648,1667,1786,388,1137,803,302,True
4312955,Nova Boa Vista,RS,Rio Grande do Sul,4306,Passo Fundo,430028,Carazinho,2042,1038,1004,34,26,143,115,116,132,132,120,439,473,170,304,146,41,True
4313003,Nova Bréscia,RS,Rio Grande do Sul,4308,Santa Cruz do Sul - Lajeado,430043,Encantado,3044,1518,1526,58,65,180,157,208,165,184,196,675,726,300,408,208,122,True
4313011,Nova Candelária,RS,Rio Grande do Sul,4305,Ijuí,430023,Três de Maio,3061,1555,1506,67,44,173,169,250,243,225,187,563,597,238,399,205,55,True
4313037,Nova Esperança do Sul,RS,Rio Grande do Sul,4303,Santa Maria,430014,Santiago,4865,2383,2482,113,120,318,336,368,357,314,391,871,861,606,750,171,54,True
4313060,Nova Hartz,RS,Rio Grande do Sul,4301,Porto Alegre,430002,Novo Hamburgo - São Leopoldo,20085,9898,10187,577,565,1445,1461,1483,1597,1533,1503,2656,2902,1525,3351,744,117,True
4313086,Nova Pádua,RS,Rio Grande do Sul,4307,Caxias do Sul,430036,Caxias do Sul,2343,1189,1154,45,42,130,118,163,153,148,139,526,524,114,321,236,55,True
4313102,Nova Palma,RS,Rio Grande do Sul,4303,Santa Maria,430011,Santa Maria,5586,2774,2812,112,120,372,381,373,416,364,334,1132,1123,676,693,305,145,True
4313201,Nova Petrópolis,RS,Rio Grande do Sul,4307,Caxias do Sul,430036,Caxias do Sul,23300,11322,11978,496,482,1299,1333,1759,1826,1831,1834,3806,4368,1337,3154,1548,523,True
4313300,Nova Prata,RS,Rio Grande do Sul,4307,Caxias do Sul,430038,Nova Prata - Guaporé,25603,12459,13144,596,522,1765,1780,2034,2063,1844,1947,3813,4542,1383,3649,1900,605,True
4313334,Nova Ramada,RS,Rio Grande do Sul,4305,Ijuí,430018,Ijuí,2163,1118,1045,58,44,99,58,129,137,148,156,500,456,366,280,122,68,True
4313359,Nova Roma do Sul,RS,Rio Grande do Sul,4307,Caxias do Sul,430036,Caxias do Sul,3466,1768,1698,90,80,218,186,253,209,202,230,766,747,189,472,281,88,True
4313375,Nova Santa Rita,RS,Rio Grande do Sul,4301,Porto Alegre,430001,Porto Alegre,29020,14432,14588,835,857,2152,2156,2164,2298,2104,2132,3701,3867,2455,3095,1151,311,True
4313490,Novo Barreiro,RS,Rio Grande do Sul,4306,Passo Fundo,430034,Palmeira das Missões,4272,2173,2099,111,87,275,210,260,294,289,272,810,825,661,509,97,25,True
4313391,Novo Cabrais,RS,Rio Grande do Sul,4303,Santa Maria,430013,Cachoeira do Sul,3568,1772,1796,84,70,185,188,245,243,236,246,727,750,695,493,114,31,True
4313409,Novo Hamburgo,RS,Rio Grande do Sul,4301,Porto Alegre,430002,Novo Hamburgo - São Leopoldo,227401,108580,118819,5743,5585,16457,16735,16656,17478,15403,16725,32759,41609,22517,34254,14273,7148,True
4313425,Novo Machado,RS,Rio Grande do Sul,4305,Ijuí,430019,Santa Rosa,3198,1590,1608,70,54,152,133,169,173,197,194,739,796,821,436,128,22,True
4313441,Novo Tiradentes,RS,Rio Grande do Sul,4306,Passo Fundo,430029,Frederico Westphalen,2146,1102,1044,45,49,136,121,140,133,133,134,444,426,353,260,81,11,True
4313466,Novo Xingu,RS,Rio Grande do Sul,4306,Passo Fundo,430028,Carazinho,1646,822,824,32,35,90,76,108,105,92,120,345,351,193,249,84,43,True
4313508,Osório,RS,Rio Grande do Sul,4301,Porto Alegre,430003,Tramandaí - Osório,46440,22143,24297,1191,1221,3246,3201,3273,3535,3039,3388,6640,8228,4099,5522,2518,1086,True
4313607,Paim Filho,RS,Rio Grande do Sul,4306,Passo Fundo,430032,Tapejara - Sananduva,3629,1819,1810,80,84,226,195,206,201,211,213,830,877,572,590,144,39,True
4313656,Palmares do Sul,RS,Rio Grande do Sul,4301,Porto Alegre,430001,Porto Alegre,12826,6309,6515,292,283,676,620,738,788,738,770,2605,2826,1835,1363,398,115,True
4313706,Palmeira das Missões,RS,Rio Grande do Sul,4306,Passo Fundo,430034,Palmeira das Missões,33191,16062,17129,892,879,2167,2307,2425,2416,2146,2283,4969,5825,5082,3883,1401,572,True
4313805,Palmitinho,RS,Rio Grande do Sul,4306,Passo Fundo,430029,Frederico Westphalen,7839,3919,3920,200,182,505,521,554,578,513,533,1354,1375,1087,817,244,82,True
4313904,Panambi,RS,Rio Grande do Sul,4305,Ijuí,430018,Ijuí,43515,21596,21919,1094,1027,3270,3157,3640,3492,3210,3265,5817,6741,3821,5995,2307,736,True
4313953,Pantano Grande,RS,Rio Grande do Sul,4308,Santa Cruz do Sul - Lajeado,430040,Santa Cruz do Sul,10212,5056,5156,299,274,662,722,686,694,659,696,1702,1768,1855,1104,249,68,True
4314001,Paraí,RS,Rio Grande do Sul,4307,Caxias do Sul,430038,Nova Prata - Guaporé,7194,3589,3605,156,139,481,407,558,563,470,515,1314,1362,386,1081,530,129,True
4314027,Paraíso do Sul,RS,Rio Grande do Sul,4303,Santa Maria,430013,Cachoeira do Sul,6519,3247,3272,171,154,355,314,411,432,480,446,1280,1423,1185,965,293,56,True
4314035,Pareci Novo,RS,Rio Grande do Sul,4301,Porto Alegre,430007,Montenegro,4319,2161,2158,106,107,261,223,342,380,326,292,704,783,324,545,234,47,True
4314050,Parobé,RS,Rio Grande do Sul,4301,Porto Alegre,430004,Taquara - Parobé - Igrejinha,52041,25572,26467,1462,1411,3942,3972,3832,4094,3636,3869,6910,7744,5341,8532,2223,405,True
4314068,Passa Sete,RS,Rio Grande do Sul,4308,Santa Cruz do Sul - Lajeado,430042,Sobradinho,3971,2027,1944,115,100,222,237,274,256,297,279,757,736,969,507,95,18,True
4314076,Passo do Sobrado,RS,Rio Grande do Sul,4308,Santa Cruz do Sul - Lajeado,430040,Santa Cruz do Sul,6025,2950,3075,138,133,352,335,404,456,407,400,1137,1211,826,764,267,66,True
4314100,Passo Fundo,RS,Rio Grande do Sul,4306,Passo Fundo,430025,Passo Fundo,205710,97467,108243,5138,5086,16116,16990,16125,17185,13677,15082,25589,33934,15567,26011,12524,6235,True
4314134,Paulo Bento,RS,Rio Grande do Sul,4306,Passo Fundo,430026,Erechim,2144,1099,1045,36,39,138,106,140,131,139,128,488,474,197,333,132,36,True
4314159,Paverama,RS,Rio Grande do Sul,4308,Santa Cruz do Sul - Lajeado,430041,Lajeado,7978,4006,3972,194,187,463,484,523,524,565,563,1460,1486,1162,1335,309,43,True
4314175,Pedras Altas,RS,Rio Grande do Sul,4302,Pelotas,430010,Bagé,2054,1077,977,55,37,126,101,134,154,157,132,367,314,460,194,46,16,True
4314209,Pedro Osório,RS,Rio Grande do Sul,4302,Pelotas,430009,Pelotas,7484,3565,3919,195,184,447,449,416,470,467,541,1333,1557,1666,825,204,54,True
4314308,Pejuçara,RS,Rio Grande do Sul,4305,Ijuí,430018,Ijuí,3738,1859,1879,88,86,233,223,299,267,244,240,669,741,466,482,198,92,True
4314407,Pelotas,RS,Rio Grande do Sul,4302,Pelotas,430009,Pelotas,324864,151366,173498,8183,7918,23605,25160,22346,24874,20787,23893,45894,62557,43414,42337,16160,8442,True
4314423,Picada Café,RS,Rio Grande do Sul,4307,Caxias do Sul,430036,Caxias do Sul,5351,2621,2730,106,111,324,308,366,398,427,399,950,1037,323,939,379,77,True
4314456,Pinhal,RS,Rio Grande do Sul,4306,Passo Fundo,430029,Frederico Westphalen,2959,1499,1460,69,65,224,202,212,215,175,183,502,503,337,339,97,19,True
4314464,Pinhal da Serra,RS,Rio Grande do Sul,4307,Caxias do Sul,430039,Vacaria,2248,1155,1093,48,43,144,107,154,152,133,149,461,421,470,181,48,13,True
4314472,Pinhal Grande,RS,Rio Grande do Sul,4303,Santa Maria,430011,Santa Maria,3805,1971,1834,92,90,232,205,231,237,258,259,830,752,693,427,135,41,True
4314498,Pinheirinho do Vale,RS,Rio Grande do Sul,4306,Passo Fundo,430029,Frederico Westphalen,4540,2297,2243,114,110,311,279,334,319,291,302,759,784,672,494,134,71,True
4314506,Pinheiro Machado,RS,Rio Grande do Sul,4302,Pelotas,430010,Bagé,11214,5522,5690,242,262,655,677,737,762,723,798,2152,2230,2476,1472,366,123,True
4314548,Pinto Bandeira,RS,Rio Grande do Sul,4307,Caxias do Sul,430037,Bento Gonçalves,2723,1373,1350,54,50,150,151,198,175,167,165,581,584,0,0,0,0,True
4314555,Pirapó,RS,Rio Grande do Sul,4305,Ijuí,430022,São Luiz Gonzaga,2260,1156,1104,48,36,92,88,137,122,130,133,557,560,542,301,66,22,True
4314605,Piratini,RS,Rio Grande do Sul,4302,Pelotas,430009,Pelotas,17497,8794,8703,460,394,1031,971,1008,1038,1132,1178,3600,3604,4496,1963,411,139,True
4314704,Planalto,RS,Rio Grande do Sul,4306,Passo Fundo,430035,Nonoai,10403,5123,5280,267,238,619,676,705,682,653,666,1787,1991,1835,1212,267,77,True
4314753,Poço das Antas,RS,Rio Grande do Sul,4308,Santa Cruz do Sul - Lajeado,430041,Lajeado,2171,1107,1064,51,35,126,109,157,150,145,131,437,451,204,325,134,22,True
4314779,Pontão,RS,Rio Grande do Sul,4306,Passo Fundo,430025,Passo Fundo,3296,1677,1619,77,79,185,196,232,235,213,184,608,624,646,445,121,36,True
4314787,Ponte Preta,RS,Rio Grande do Sul,4306,Passo Fundo,430026,Erechim,1575,798,777,28,25,83,69,93,85,106,95,365,370,165,244,109,27,True
4314803,Portão,RS,Rio Grande do Sul,4301,Porto Alegre,430002,Novo Hamburgo - São Leopoldo,34071,16722,17349,891,859,2349,2448,2695,2720,2415,2523,4845,5355,3309,4693,1464,396,True
4314902,Porto Alegre,RS,Rio Grande do Sul,4301,Porto Alegre,430001,Porto Alegre,1330054,610863,719191,30973,30302,92887,98200,93858,104285,89814,104168,186827,270108,109743,167702,112376,104482,True
4315008,Porto Lucena,RS,Rio Grande do Sul,4305,Ijuí,430019,Santa Rosa,4360,2185,2175,100,69,154,186,218,226,274,259,1115,1127,1022,705,199,37,True
4315057,Porto Mauá,RS,Rio Grande do Sul,4305,Ijuí,430019,Santa Rosa,2142,1049,1093,46,43,99,86,117,116,119,129,512,553,436,279,83,17,True
4315073,Porto Vera Cruz,RS,Rio Grande do Sul,4305,Ijuí,430019,Santa Rosa,1560,771,789,30,28,65,57,82,85,85,86,402,401,420,200,50,9,True
4315107,Porto Xavier,RS,Rio Grande do Sul,4305,Ijuí,430024,Cerro Largo,9938,4915,5023,237,253,616,604,598,660,722,729,1782,1859,1905,1161,350,108,True
4315131,Pouso Novo,RS,Rio Grande do Sul,4308,Santa Cruz do Sul - Lajeado,430041,Lajeado,1738,897,841,36,23,104,86,119,105,128,110,352,371,246,227,89,45,True
4315149,Presidente Lucena,RS,Rio Grande do Sul,4301,Porto Alegre,430002,Novo Hamburgo - São Leopoldo,3077,1589,1488,65,66,196,206,273,233,212,224,530,482,167,398,189,31,True
4315156,Progresso,RS,Rio Grande do Sul,4308,Santa Cruz do Sul - Lajeado,430041,Lajeado,5325,2717,2608,117,116,304,263,320,309,376,373,1152,1110,792,839,305,60,True
4315172,Protásio Alves,RS,Rio Grande do Sul,4307,Caxias do Sul,430038,Nova Prata - Guaporé,2025,1054,971,39,29,112,104,136,128,141,119,454,438,200,251,125,44,True
4315206,Putinga,RS,Rio Grande do Sul,4308,Santa Cruz do Sul - Lajeado,430043,Encantado,3745,1876,1869,87,72,192,192,273,235,244,223,797,844,483,538,197,83,True
4315305,Quaraí,RS,Rio Grande do Sul,4304,Uruguaiana,430016,Santana do Livramento,23500,11503,11997,659,634,1698,1639,1543,1635,1439,1455,3640,4093,4145,2220,666,249,True
4315313,Quatro Irmãos,RS,Rio Grande do Sul,4306,Passo Fundo,430026,Erechim,1552,779,773,32,38,104,92,102,94,111,101,290,285,257,245,47,13,True
4315321,Quevedos,RS,Rio Grande do Sul,4303,Santa Maria,430011,Santa Maria,2507,1318,1189,58,53,147,143,160,173,205,172,520,448,562,261,58,24,True
4315354,Quinze de Novembro,RS,Rio Grande do Sul,4306,Passo Fundo,430027,Cruz Alta,3872,1869,2003,91,95,212,190,283,275,250,289,684,788,390,496,242,137,True
4315404,Redentora,RS,Rio Grande do Sul,4305,Ijuí,430021,Três Passos,9732,4935,4797,411,369,903,822,602,616,492,525,1125,1158,1687,606,154,40,True
4315453,Relvado,RS,Rio Grande do Sul,4308,Santa Cruz do Sul - Lajeado,430043,Encantado,1796,884,912,36,32,88,75,95,99,110,105,425,484,260,295,133,26,True
4315503,Restinga Sêca,RS,Rio Grande do Sul,4303,Santa Maria,430011,Santa Maria,14931,7355,7576,399,363,966,963,982,953,858,946,2821,3072,2643,1834,537,189,True
4315552,Rio dos Índios,RS,Rio Grande do Sul,4306,Passo Fundo,430035,Nonoai,2822,1448,1374,61,55,140,113,154,186,162,164,661,596,719,331,68,25,True
4315602,Rio Grande,RS,Rio Grande do Sul,4302,Pelotas,430009,Pelotas,191281,91144,100137,5155,4963,13409,14066,13486,14801,12989,13975,26889,33917,24628,25374,10432,4507,True
4315701,Rio Pardo,RS,Rio Grande do Sul,4308,Santa Cruz do Sul - Lajeado,430040,Santa Cruz do Sul,34626,16824,17802,943,848,2244,2234,2253,2385,2161,2288,5978,6881,5987,4223,1367,429,True
4315750,Riozinho,RS,Rio Grande do Sul,4301,Porto Alegre,430004,Taquara - Parobé - Igrejinha,4470,2267,2203,111,101,277,285,302,294,337,315,800,798,497,718,172,29,True
4315800,Roca Sales,RS,Rio Grande do Sul,4308,Santa Cruz do Sul - Lajeado,430043,Encantado,10418,5080,5338,248,244,659,644,725,720,718,723,1774,2092,957,1801,635,136,True
4315909,Rodeio Bonito,RS,Rio Grande do Sul,4306,Passo Fundo,430029,Frederico Westphalen,6654,3306,3348,176,185,437,416,514,490,427,444,1053,1160,820,800,276,107,True
4315958,Rolador,RS,Rio Grande do Sul,4305,Ijuí,430022,São Luiz Gonzaga,2291,1186,1105,64,40,93,84,147,123,153,132,533,522,489,271,71,10,True
4316006,Rolante,RS,Rio Grande do Sul,4301,Porto Alegre,430004,Taquara - Parobé - Igrejinha,21253,10546,10707,539,514,1536,1453,1603,1566,1448,1557,3328,3613,2287,3351,812,179,True
4316105,Ronda Alta,RS,Rio Grande do Sul,4306,Passo Fundo,430025,Passo Fundo,9749,4764,4985,251,208,684,671,630,666,600,632,1638,1922,1206,1154,482,174,True
4316204,Rondinha,RS,Rio Grande do Sul,4306,Passo Fundo,430028,Carazinho,4991,2442,2549,109,91,284,263,253,266,326,332,1113,1194,427,703,364,163,True
4316303,Roque Gonzales,RS,Rio Grande do Sul,4305,Ijuí,430024,Cerro Largo,6576,3289,3287,160,142,359,317,404,418,419,439,1388,1427,1206,814,243,81,True
4316402,Rosário do Sul,RS,Rio Grande do Sul,4304,Uruguaiana,430016,Santana do Livramento,36525,17630,18895,978,992,2498,2465,2335,2451,2220,2444,6070,7083,6472,4424,1439,559,True
4316428,Sagrada Família,RS,Rio Grande do Sul,4306,Passo Fundo,430034,Palmeira das Missões,2480,1253,1227,65,61,155,133,130,159,185,169,479,465,518,245,52,10,True
4316436,Saldanha Marinho,RS,Rio Grande do Sul,4306,Passo Fundo,430028,Carazinho,2575,1233,1342,39,37,130,129,172,157,160,174,524,608,400,384,175,69,True
4316451,Salto do Jacuí,RS,Rio Grande do Sul,4306,Passo Fundo,430027,Cruz Alta,10171,4943,5228,294,283,640,664,630,662,691,803,1640,1817,1820,1286,450,175,True
4316477,Salvador das Missões,RS,Rio Grande do Sul,4305,Ijuí,430024,Cerro Largo,2877,1456,1421,61,55,167,147,202,205,187,167,601,641,304,424,127,34,True
4316501,Salvador do Sul,RS,Rio Grande do Sul,4301,Porto Alegre,430007,Montenegro,6879,3420,3459,159,137,529,512,534,532,486,480,1098,1216,473,1117,459,130,True
4316600,Sananduva,RS,Rio Grande do Sul,4306,Passo Fundo,430032,Tapejara - Sananduva,16399,8013,8386,346,333,1049,1010,1198,1211,1050,1066,3016,3436,1612,2430,972,298,True
4316709,Santa Bárbara do Sul,RS,Rio Grande do Sul,4306,Passo Fundo,430027,Cruz Alta,8103,3973,4130,201,165,525,524,554,550,519,573,1390,1599,1362,1121,376,141,True
4316733,Santa Cecília do Sul,RS,Rio Grande do Sul,4306,Passo Fundo,430032,Tapejara - Sananduva,1674,850,824,25,41,131,104,93,90,98,100,335,345,169,202,107,45,True
4316758,Santa Clara do Sul,RS,Rio Grande do Sul,4308,Santa Cruz do Sul - Lajeado,430041,Lajeado,6887,3420,3467,163,147,416,400,508,540,528,563,1139,1196,441,965,409,98,True
4316808,Santa Cruz do Sul,RS,Rio Grande do Sul,4308,Santa Cruz do Sul - Lajeado,430040,Santa Cruz do Sul,133041,63265,69776,3044,3128,9387,10188,10226,10938,9487,10046,19099,24056,10485,17445,8204,3671,True
4316972,Santa Margarida do Sul,RS,Rio Grande do Sul,4303,Santa Maria,430012,São Gabriel - Caçapava do Sul,2596,1377,1219,69,53,121,138,149,137,181,164,587,457,429,230,55,27,True
4316907,Santa Maria,RS,Rio Grande do Sul,4303,Santa Maria,430011,Santa Maria,270329,127744,142585,7120,7006,21592,22354,19580,20870,17205,19126,37483,49501,24391,32479,17629,11052,True
4316956,Santa Maria do Herval,RS,Rio Grande do Sul,4301,Porto Alegre,430002,Novo Hamburgo - São Leopoldo,6333,3244,3089,125,120,383,336,454,443,512,475,1257,1250,517,1160,293,43,True
4317202,Santa Rosa,RS,Rio Grande do Sul,4305,Ijuí,430019,Santa Rosa,76963,37456,39507,1847,1808,5650,5561,6130,6204,5516,5728,10749,13098,6992,10393,4184,1572,True
4317251,Santa Tereza,RS,Rio Grande do Sul,4307,Caxias do Sul,430037,Bento Gonçalves,1505,766,739,30,30,66,44,81,86,93,89,406,398,121,252,151,34,True
4317301,Santa Vitória do Palmar,RS,Rio Grande do Sul,4302,Pelotas,430009,Pelotas,30967,15304,15663,854,793,2032,1949,2007,2272,2069,2101,5171,5528,6089,3455,904,369,True
4317004,Santana da Boa Vista,RS,Rio Grande do Sul,4303,Santa Maria,430012,São Gabriel - Caçapava do Sul,7024,3544,3480,207,141,380,343,382,417,392,449,1545,1535,2021,634,131,33,True
4317103,Sant'Ana do Livramento,RS,Rio Grande do Sul,4304,Uruguaiana,430016,Santana do Livramento,84214,40357,43857,2263,2124,5734,5969,5484,5736,5015,5716,12900,15564,13158,9089,3067,1429,True
4317400,Santiago,RS,Rio Grande do Sul,4303,Santa Maria,430014,Santiago,48796,23412,25384,1197,1159,3422,3327,3333,3488,3106,3421,8037,9867,6950,6226,2666,1172,True
4317509,Santo Ângelo,RS,Rio Grande do Sul,4305,Ijuí,430020,Santo Ângelo,76917,36873,40044,1972,1937,5604,5648,5373,5547,5092,5515,11326,14066,9101,10012,4202,2143,True
4317608,Santo Antônio da Patrulha,RS,Rio Grande do Sul,4301,Porto Alegre,430001,Porto Alegre,42928,21221,21707,1081,1033,2969,2915,2940,3033,2763,2878,7315,7857,5845,5548,1601,501,True
4317707,Santo Antônio das Missões,RS,Rio Grande do Sul,4305,Ijuí,430022,São Luiz Gonzaga,10300,5152,5148,282,255,623,567,609,660,636,651,2026,2063,2299,1075,270,77,True
4317558,Santo Antônio do Palma,RS,Rio Grande do Sul,4306,Passo Fundo,430030,Marau,2091,1063,1028,42,35,123,121,143,118,124,141,429,399,143,278,153,65,True
4317756,Santo Antônio do Planalto,RS,Rio Grande do Sul,4306,Passo Fundo,430028,Carazinho,2079,1005,1074,61,43,109,95,134,153,141,135,372,429,318,269,83,18,True
4317806,Santo Augusto,RS,Rio Grande do Sul,4305,Ijuí,430018,Ijuí,13902,6818,7084,316,327,860,840,890,925,936,1024,2407,2671,2263,1559,615,299,True
4317905,Santo Cristo,RS,Rio Grande do Sul,4305,Ijuí,430019,Santa Rosa,15320,7609,7711,311,306,951,910,1083,1092,1068,993,2861,3155,1657,2155,751,270,True
4317954,Santo Expedito do Sul,RS,Rio Grande do Sul,4306,Passo Fundo,430032,Tapejara - Sananduva,2349,1170,1179,51,49,100,107,155,143,132,121,544,541,400,283,97,25,True
4318002,São Borja,RS,Rio Grande do Sul,4304,Uruguaiana,430017,São Borja,59335,28910,30425,1622,1509,4226,4251,4035,4213,3933,4254,9371,10668,9176,6634,2228,955,True
4318051,São Domingos do Sul,RS,Rio Grande do Sul,4306,Passo Fundo,430030,Marau,2754,1375,1379,61,54,172,134,180,178,167,170,572,626,225,433,208,77,True
4318101,São Francisco de Assis,RS,Rio Grande do Sul,4303,Santa Maria,430011,Santa Maria,17618,8706,8912,428,376,1029,967,1111,1202,1106,1156,3453,3739,3915,1917,508,180,True
4318200,São Francisco de Paula,RS,Rio Grande do Sul,4307,Caxias do Sul,430036,Caxias do Sul,21077,10391,10686,652,611,1417,1447,1389,1478,1382,1367,3304,3529,3026,2595,671,262,True
4318309,São Gabriel,RS,Rio Grande do Sul,4303,Santa Maria,430012,São Gabriel - Caçapava do Sul,58319,28026,30293,1545,1536,3970,3958,3746,4054,3664,4094,9012,10992,9690,6450,2234,1057,True
4318408,São Jerônimo,RS,Rio Grande do Sul,4301,Porto Alegre,430006,Charqueadas - Triunfo - São Jerônimo,21024,10348,10676,591,517,1338,1350,1381,1558,1556,1459,3397,3810,3136,2505,933,459,True
4318424,São João da Urtiga,RS,Rio Grande do Sul,4306,Passo Fundo,430032,Tapejara - Sananduva,4461,2237,2224,83,69,235,253,297,255,260,271,1024,1077,684,666,176,63,True
4318432,São João do Polêsine,RS,Rio Grande do Sul,4303,Santa Maria,430011,Santa Maria,2649,1278,1371,53,44,143,138,180,191,132,152,536,640,301,360,141,50,True
4318440,São Jorge,RS,Rio Grande do Sul,4307,Caxias do Sul,430038,Nova Prata - Guaporé,2912,1460,1452,59,61,170,174,175,183,174,169,640,644,226,423,192,60,True
4318457,São José das Missões,RS,Rio Grande do Sul,4306,Passo Fundo,430034,Palmeira das Missões,2362,1196,1166,68,60,129,101,138,124,152,166,502,499,526,294,62,16,True
4318465,São José do Herval,RS,Rio Grande do Sul,4306,Passo Fundo,430031,Soledade,1896,984,912,57,46,115,105,106,98,126,132,391,357,353,236,79,26,True
4318481,São José do Hortêncio,RS,Rio Grande do Sul,4301,Porto Alegre,430002,Novo Hamburgo - São Leopoldo,4447,2254,2193,100,97,285,257,336,338,316,319,833,834,273,794,259,20,True
4318499,São José do Inhacorá,RS,Rio Grande do Sul,4305,Ijuí,430023,Três de Maio,2406,1206,1200,47,31,130,108,160,173,175,150,502,547,247,333,137,29,True
4318507,São José do Norte,RS,Rio Grande do Sul,4302,Pelotas,430009,Pelotas,25437,12777,12660,634,628,1731,1747,1848,1746,1676,1655,4539,4561,5312,2647,442,120,True
4318606,São José do Ouro,RS,Rio Grande do Sul,4306,Passo Fundo,430033,Lagoa Vermelha,6834,3322,3512,148,147,439,432,426,441,412,467,1331,1481,924,906,323,129,True
4318614,São José do Sul,RS,Rio Grande do Sul,4301,Porto Alegre,430007,Montenegro,2380,1178,1202,48,53,116,142,156,175,167,139,477,488,151,337,157,50,True
4318622,São José dos Ausentes,RS,Rio Grande do Sul,4307,Caxias do Sul,430039,Vacaria,4161,2162,1999,107,112,335,324,329,302,268,248,575,491,570,350,76,26,True
4318705,São Leopoldo,RS,Rio Grande do Sul,4301,Porto Alegre,430002,Novo Hamburgo - São Leopoldo,217252,104339,112913,5847,5618,16328,16631,16433,17022,15068,16500,28092,35670,21007,29621,13042,5940,True
4318804,São Lourenço do Sul,RS,Rio Grande do Sul,4302,Pelotas,430009,Pelotas,41989,20920,21069,1055,911,2686,2592,3010,2849,2991,2945,7526,8374,5506,5047,1916,662,True
4318903,São Luiz Gonzaga,RS,Rio Grande do Sul,4305,Ijuí,430022,São Luiz Gonzaga,34752,16844,17908,902,870,2537,2471,2519,2545,2189,2345,5236,6289,5292,4167,1566,623,True
4319000,São Marcos,RS,Rio Grande do Sul,4307,Caxias do Sul,430036,Caxias do Sul,21084,10188,10896,510,484,1412,1437,1553,1616,1441,1517,3491,4114,1419,3128,1659,433,True
4319109,São Martinho,RS,Rio Grande do Sul,4305,Ijuí,430021,Três Passos,5481,2687,2794,152,116,275,303,337,337,367,365,1089,1228,863,808,271,98,True
4319125,São Martinho da Serra,RS,Rio Grande do Sul,4303,Santa Maria,430011,Santa Maria,2860,1484,1376,76,57,145,134,166,167,181,198,655,596,664,290,86,31,True
4319158,São Miguel das Missões,RS,Rio Grande do Sul,4305,Ijuí,430020,Santo Ângelo,7056,3656,3400,208,169,439,451,482,473,501,469,1302,1226,1418,776,189,78,True
4319208,São Nicolau,RS,Rio Grande do Sul,4305,Ijuí,430022,São Luiz Gonzaga,5118,2571,2547,157,125,289,262,308,299,305,351,978,1014,1306,534,102,24,True
4319307,São Paulo das Missões,RS,Rio Grande do Sul,4305,Ijuí,430024,Cerro Largo,5846,2934,2912,120,117,324,326,374,326,363,366,1288,1345,954,859,189,29,True
4319356,São Pedro da Serra,RS,Rio Grande do Sul,4301,Porto Alegre,430007,Montenegro,3548,1795,1753,74,74,276,220,297,301,264,255,551,580,260,497,242,48,True
4319364,São Pedro das Missões,RS,Rio Grande do Sul,4306,Passo Fundo,430034,Palmeira das Missões,1757,876,881,43,34,90,84,109,110,110,122,356,333,349,186,48,9,True
4319372,São Pedro do Butiá,RS,Rio Grande do Sul,4305,Ijuí,430024,Cerro Largo,3070,1569,1501,83,58,172,172,223,217,191,196,619,630,317,387,171,65,True
4319406,São Pedro do Sul,RS,Rio Grande do Sul,4303,Santa Maria,430011,Santa Maria,15574,7599,7975,368,353,882,863,997,996,1005,1028,2967,3384,3090,1881,583,163,True
4319505,São Sebastião do Caí,RS,Rio Grande do Sul,4301,Porto Alegre,430002,Novo Hamburgo - São Leopoldo,24424,11911,12513,605,605,1626,1629,1816,1790,1622,1720,3807,4369,2371,3368,1174,404,True
4319604,São Sepé,RS,Rio Grande do Sul,4303,Santa Maria,430011,Santa Maria,21157,10250,10907,500,527,1223,1258,1310,1381,1242,1371,4026,4490,4349,2697,805,338,True
4319703,São Valentim,RS,Rio Grande do Sul,4306,Passo Fundo,430026,Erechim,3264,1647,1617,61,74,188,157,204,186,198,185,734,766,493,467,168,59,True
4319711,São Valentim do Sul,RS,Rio Grande do Sul,4307,Caxias do Sul,430037,Bento Gonçalves,2207,1124,1083,50,32,118,89,127,134,158,139,500,514,200,301,166,60,True
4319737,São Valério do Sul,RS,Rio Grande do Sul,4305,Ijuí,430018,Ijuí,2521,1308,1213,110,89,212,181,171,160,137,158,369,337,414,193,57,34,True
4319752,São Vendelino,RS,Rio Grande do Sul,4301,Porto Alegre,430002,Novo Hamburgo - São Leopoldo,2251,1153,1098,49,45,172,152,175,167,167,152,378,411,101,317,183,32,True
4319802,São Vicente do Sul,RS,Rio Grande do Sul,4303,Santa Maria,430011,Santa Maria,8091,4007,4084,199,205,537,528,533,557,526,555,1433,1507,1515,873,264,138,True
4319901,Sapiranga,RS,Rio Grande do Sul,4301,Porto Alegre,430002,Novo Hamburgo - São Leopoldo,75604,36804,38800,2080,2088,5616,5619,5652,5901,5486,5744,9982,11746,6940,12503,3758,924,True
4320008,Sapucaia do Sul,RS,Rio Grande do Sul,4301,Porto Alegre,430001,Porto Alegre,132104,63468,68636,3676,3720,9920,9907,9765,10422,9364,9981,17347,21500,13466,19084,7262,1691,True
4320107,Sarandi,RS,Rio Grande do Sul,4306,Passo Fundo,430028,Carazinho,22851,11083,11768,505,516,1615,1661,1811,1830,1529,1605,3250,3913,1953,3182,1237,487,True
4320206,Seberi,RS,Rio Grande do Sul,4306,Passo Fundo,430029,Frederico Westphalen,11942,5842,6100,279,303,804,871,799,854,797,777,1927,2113,1965,1197,329,128,True
4320230,Sede Nova,RS,Rio Grande do Sul,4305,Ijuí,430021,Três Passos,2704,1372,1332,70,69,147,138,166,154,175,172,563,546,544,309,121,37,True
4320263,Segredo,RS,Rio Grande do Sul,4308,Santa Cruz do Sul - Lajeado,430042,Sobradinho,6009,3098,2911,162,145,362,354,399,379,451,409,1130,1101,1164,703,206,63,True
4320305,Selbach,RS,Rio Grande do Sul,4306,Passo Fundo,430027,Cruz Alta,5091,2509,2582,95,128,351,296,365,353,304,310,908,1072,448,668,333,194,True
4320321,Senador Salgado Filho,RS,Rio Grande do Sul,4305,Ijuí,430019,Santa Rosa,2673,1331,1342,57,55,159,134,173,175,189,166,525,581,480,335,86,31,True
4320354,Sentinela do Sul,RS,Rio Grande do Sul,4301,Porto Alegre,430005,Camaquã,5306,2762,2544,150,149,350,313,370,317,330,376,1097,977,1102,518,107,29,True
4320404,Serafina Corrêa,RS,Rio Grande do Sul,4307,Caxias do Sul,430038,Nova Prata - Guaporé,16948,8323,8625,437,403,1301,1240,1415,1363,1156,1169,2406,2822,815,2266,1109,326,True
4320453,Sério,RS,Rio Grande do Sul,4308,Santa Cruz do Sul - Lajeado,430041,Lajeado,1941,1000,941,43,30,96,78,131,109,142,135,432,447,333,298,92,21,True
4320503,Sertão,RS,Rio Grande do Sul,4306,Passo Fundo,430025,Passo Fundo,5541,2709,2832,135,125,319,302,338,359,363,355,1110,1237,813,789,358,158,True
4320552,Sertão Santana,RS,Rio Grande do Sul,4301,Porto Alegre,430001,Porto Alegre,5863,2981,2882,152,160,372,386,428,378,403,396,1148,1112,894,664,219,86,True
4320578,Sete de Setembro,RS,Rio Grande do Sul,4305,Ijuí,430020,Santo Ângelo,1830,920,910,35,42,94,83,98,109,146,111,416,431,389,221,57,13,True
4320602,Severiano de Almeida,RS,Rio Grande do Sul,4306,Passo Fundo,430026,Erechim,3406,1727,1679,79,63,165,135,209,212,245,228,742,784,494,513,186,53,True
4320651,Silveira Martins,RS,Rio Grande do Sul,4303,Santa Maria,430011,Santa Maria,2028,1022,1006,45,42,92,91,121,123,143,131,456,476,303,320,121,55,True
4320677,Sinimbu,RS,Rio Grande do Sul,4308,Santa Cruz do Sul - Lajeado,430040,Santa Cruz do Sul,8578,4492,4086,246,168,486,473,602,563,682,624,1750,1650,1365,1175,418,75,True
4320701,Sobradinho,RS,Rio Grande do Sul,4308,Santa Cruz do Sul - Lajeado,430042,Sobradinho,14213,6895,7318,335,303,1021,1044,1043,1064,953,987,2150,2618,2055,1823,634,241,True
4320800,Soledade,RS,Rio Grande do Sul,4306,Passo Fundo,430031,Soledade,29985,14597,15388,839,802,2228,2237,2146,2198,1999,2078,4343,5176,4500,3553,1216,501,True
4320859,Tabaí,RS,Rio Grande do Sul,4308,Santa Cruz do Sul - Lajeado,430041,Lajeado,4461,2217,2244,110,86,271,292,301,291,287,292,762,804,651,604,150,31,True
4320909,Tapejara,RS,Rio Grande do Sul,4306,Passo Fundo,430032,Tapejara - Sananduva,24557,11863,12694,539,568,1982,1988,2115,2142,1545,1683,3156,3933,1583,3060,1419,418,True
4321006,Tapera,RS,Rio Grande do Sul,4306,Passo Fundo,430025,Passo Fundo,10574,5177,5397,292,261,730,627,771,721,697,725,1642,2033,1187,1510,576,198,True
4321105,Tapes,RS,Rio Grande do Sul,4301,Porto Alegre,430005,Camaquã,14695,7098,7597,418,405,919,910,917,924,940,1027,2585,2979,2894,1922,558,224,True
4321204,Taquara,RS,Rio Grande do Sul,4301,Porto Alegre,430004,Taquara - Parobé - Igrejinha,52909,25578,27331,1431,1368,3500,3520,3521,3795,3594,3877,8257,9580,5998,8173,2806,1203,True
4321303,Taquari,RS,Rio Grande do Sul,4308,Santa Cruz do Sul - Lajeado,430041,Lajeado,25198,12209,12989,659,645,1634,1576,1695,1756,1632,1751,4045,4805,3784,3649,1175,403,True
4321329,Taquaruçu do Sul,RS,Rio Grande do Sul,4306,Passo Fundo,430029,Frederico Westphalen,3108,1566,1542,78,69,190,187,197,207,208,217,603,576,339,351,146,63,True
4321352,Tavares,RS,Rio Grande do Sul,4301,Porto Alegre,430001,Porto Alegre,5198,2623,2575,153,128,336,282,305,313,337,305,1041,1050,1022,688,160,62,True
4321402,Tenente Portela,RS,Rio Grande do Sul,4305,Ijuí,430021,Três Passos,14497,7026,7471,418,418,1016,1069,965,1081,891,877,2149,2449,2067,1426,475,176,True
4321436,Terra de Areia,RS,Rio Grande do Sul,4301,Porto Alegre,430003,Tramandaí - Osório,10327,5077,5250,270,271,629,665,743,687,649,714,1647,1841,1427,1301,384,112,True
4321451,Teutônia,RS,Rio Grande do Sul,4308,Santa Cruz do Sul - Lajeado,430041,Lajeado,32797,16018,16779,803,786,2240,2319,2614,2629,2431,2506,4686,5461,2018,4905,1878,472,True
4321469,Tio Hugo,RS,Rio Grande do Sul,4306,Passo Fundo,430025,Passo Fundo,3267,1622,1645,76,73,212,211,243,252,210,212,537,553,341,425,100,40,True
4321477,Tiradentes do Sul,RS,Rio Grande do Sul,4305,Ijuí,430021,Três Passos,5129,2602,2527,116,108,231,203,287,308,348,329,1100,1113,1178,723,185,64,True
4321493,Toropi,RS,Rio Grande do Sul,4303,Santa Maria,430011,Santa Maria,2554,1291,1263,71,47,121,99,130,160,199,186,592,555,590,342,73,17,True
4321501,Torres,RS,Rio Grande do Sul,4301,Porto Alegre,430008,Torres,41751,20027,21724,1044,1005,2663,2670,2855,3088,2845,3052,6624,8040,4210,4912,1959,859,True
4321600,Tramandaí,RS,Rio Grande do Sul,4301,Porto Alegre,430003,Tramandaí - Osório,54383,26040,28343,1415,1405,3514,3617,3514,3813,3376,3729,8204,10086,5129,5438,2036,782,True
4321626,Travesseiro,RS,Rio Grande do Sul,4308,Santa Cruz do Sul - Lajeado,430041,Lajeado,2152,1083,1069,46,47,117,106,115,98,144,131,512,554,214,344,170,44,True
4321634,Três Arroios,RS,Rio Grande do Sul,4306,Passo Fundo,430026,Erechim,2591,1295,1296,51,52,117,102,132,126,164,165,672,696,315,421,155,51,True
4321667,Três Cachoeiras,RS,Rio Grande do Sul,4301,Porto Alegre,430008,Torres,10959,5515,5444,294,241,756,697,782,802,728,694,1881,1975,1206,1571,491,124,True
4321709,Três Coroas,RS,Rio Grande do Sul,4301,Porto Alegre,430004,Taquara - Parobé - Igrejinha,24425,12014,12411,628,628,1643,1646,1867,1937,1913,1920,3391,3905,1876,4187,1423,306,True
4321808,Três de Maio,RS,Rio Grande do Sul,4305,Ijuí,430023,Três de Maio,24907,12039,12868,511,524,1725,1697,1762,1773,1648,1704,4068,4945,2966,3565,1238,462,True
4321832,Três Forquilhas,RS,Rio Grande do Sul,4301,Porto Alegre,430008,Torres,2746,1417,1329,86,50,165,153,160,157,177,179,560,535,597,320,56,11,True
4321857,Três Palmeiras,RS,Rio Grande do Sul,4306,Passo Fundo,430025,Passo Fundo,4716,2357,2359,114,119,306,266,314,345,333,298,750,819,674,522,133,73,True
4321907,Três Passos,RS,Rio Grande do Sul,4305,Ijuí,430021,Três Passos,25422,12433,12989,600,552,1654,1666,1813,1825,1765,1750,4230,4922,3225,3597,1279,403,True
4321956,Trindade do Sul,RS,Rio Grande do Sul,4306,Passo Fundo,430035,Nonoai,7556,3862,3694,211,172,564,543,566,532,495,500,1162,1200,1102,575,154,55,True
4322004,Triunfo,RS,Rio Grande do Sul,4301,Porto Alegre,430006,Charqueadas - Triunfo - São Jerônimo,27417,13669,13748,761,684,1902,1903,1990,2024,1788,1753,4280,4524,3385,3531,1133,337,True
4322103,Tucunduva,RS,Rio Grande do Sul,4305,Ijuí,430019,Santa Rosa,5542,2657,2885,115,102,289,278,345,350,334,352,1166,1347,788,851,305,103,True
4322152,Tunas,RS,Rio Grande do Sul,4308,Santa Cruz do Sul - Lajeado,430042,Sobradinho,3664,1897,1767,109,87,234,229,265,238,268,251,653,612,799,419,118,26,True
4322186,Tupanci do Sul,RS,Rio Grande do Sul,4306,Passo Fundo,430033,Lagoa Vermelha,1374,702,672,26,36,80,63,86,80,75,87,311,297,260,179,46,17,True
4322202,Tupanciretã,RS,Rio Grande do Sul,4306,Passo Fundo,430027,Cruz Alta,19982,9735,10247,589,571,1246,1218,1321,1457,1341,1390,3106,3610,3840,2333,735,351,True
4322251,Tupandi,RS,Rio Grande do Sul,4301,Porto Alegre,430002,Novo Hamburgo - São Leopoldo,5020,2549,2471,127,126,398,347,419,428,351,350,729,736,236,655,321,65,True
4322301,Tuparendi,RS,Rio Grande do Sul,4305,Ijuí,430019,Santa Rosa,8363,4047,4316,153,156,448,440,519,527,496,538,1757,2024,1233,1293,381,128,True
4322327,Turuçu,RS,Rio Grande do Sul,4302,Pelotas,430009,Pelotas,3419,1732,1687,96,95,225,192,238,250,267,254,598,601,529,348,98,34,True
4322343,Ubiretama,RS,Rio Grande do Sul,4305,Ijuí,430024,Cerro Largo,1994,1030,964,51,39,133,86,127,94,144,137,430,467,299,312,97,15,True
4322350,União da Serra,RS,Rio Grande do Sul,4307,Caxias do Sul,430038,Nova Prata - Guaporé,1170,623,547,25,23,41,30,65,50,81,56,327,309,80,186,133,55,True
4322376,Unistalda,RS,Rio Grande do Sul,4303,Santa Maria,430014,Santiago,1995,1023,972,42,45,95,95,118,125,124,133,464,420,520,215,51,11,True
4322400,Uruguaiana,RS,Rio Grande do Sul,4304,Uruguaiana,430015,Uruguaiana,116784,56061,60723,3617,3441,8233,8891,7566,8361,7592,8231,15959,18987,15706,13836,4755,2218,True
4322509,Vacaria,RS,Rio Grande do Sul,4307,Caxias do Sul,430039,Vacaria,64177,31442,32735,1875,1732,4831,4615,4575,4670,4178,4339,8739,10571,6972,8321,3054,1183,True
4322533,Vale do Sol,RS,Rio Grande do Sul,4308,Santa Cruz do Sul - Lajeado,430040,Santa Cruz do Sul,9897,4981,4916,217,245,684,616,708,662,778,703,1847,1906,1924,1215,308,57,True
4322541,Vale Real,RS,Rio Grande do Sul,4307,Caxias do Sul,430036,Caxias do Sul,6050,3049,3001,156,123,387,413,508,500,496,459,883,918,309,856,409,75,True
4322525,Vale Verde,RS,Rio Grande do Sul,4308,Santa Cruz do Sul - Lajeado,430040,Santa Cruz do Sul,3150,1605,1545,80,72,179,165,191,203,236,207,623,625,676,340,76,13,True
4322558,Vanini,RS,Rio Grande do Sul,4306,Passo Fundo,430030,Marau,2004,1000,1004,45,47,113,111,123,124,115,129,443,449,186,290,125,21,True
4322608,Venâncio Aires,RS,Rio Grande do Sul,4308,Santa Cruz do Sul - Lajeado,430040,Santa Cruz do Sul,68757,33791,34966,1634,1539,5020,4583,5233,5171,4865,5010,10995,12718,8334,10494,3031,861,True
4322707,Vera Cruz,RS,Rio Grande do Sul,4308,Santa Cruz do Sul - Lajeado,430040,Santa Cruz do Sul,26701,13005,13696,605,631,1896,1988,2105,2008,1913,1990,4023,4676,2966,3494,1110,273,True
4322806,Veranópolis,RS,Rio Grande do Sul,4307,Caxias do Sul,430037,Bento Gonçalves,24021,11684,12337,497,484,1547,1485,1846,1860,1713,1860,4170,4788,1469,3750,1799,614,True
4322855,Vespasiano Corrêa,RS,Rio Grande do Sul,4308,Santa Cruz do Sul - Lajeado,430043,Encantado,1818,938,880,44,28,88,98,113,105,112,106,446,427,127,301,155,36,True
4322905,Viadutos,RS,Rio Grande do Sul,4306,Passo Fundo,430026,Erechim,4769,2373,2396,104,89,257,211,301,286,308,305,1060,1140,753,662,240,61,True
4323002,Viamão,RS,Rio Grande do Sul,4301,Porto Alegre,430001,Porto Alegre,224095,107249,116846,6416,6136,15793,16231,14720,16289,14902,16630,31491,38784,27833,31722,10639,3333,True
4323101,Vicente Dutra,RS,Rio Grande do Sul,4306,Passo Fundo,430029,Frederico Westphalen,4662,2377,2285,136,111,257,233,287,278,314,314,834,825,1023,444,94,18,True
4323200,Victor Graeff,RS,Rio Grande do Sul,4306,Passo Fundo,430025,Passo Fundo,2774,1386,1388,85,59,151,134,165,196,179,174,540,582,319,415,191,108,True
4323309,Vila Flores,RS,Rio Grande do Sul,4307,Caxias do Sul,430037,Bento Gonçalves,3622,1791,1831,64,72,203,191,282,294,253,224,675,725,231,465,248,39,True
4323358,Vila Lângaro,RS,Rio Grande do Sul,4306,Passo Fundo,430032,Tapejara - Sananduva,2079,1063,1016,42,40,146,103,129,128,130,141,445,445,212,246,145,61,True
4323408,Vila Maria,RS,Rio Grande do Sul,4306,Passo Fundo,430030,Marau,4382,2211,2171,89,92,297,265,343,311,264,264,852,896,243,583,383,130,True
4323457,Vila Nova do Sul,RS,Rio Grande do Sul,4303,Santa Maria,430012,São Gabriel - Caçapava do Sul,3863,1902,1961,90,91,207,203,206,236,250,267,837,826,904,429,79,20,True
4323507,Vista Alegre,RS,Rio Grande do Sul,4306,Passo Fundo,430029,Frederico Westphalen,2646,1313,1333,62,74,156,166,179,160,156,171,517,550,333,345,141,60,True
4323606,Vista Alegre do Prata,RS,Rio Grande do Sul,4307,Caxias do Sul,430038,Nova Prata - Guaporé,1590,827,763,34,23,76,75,96,81,110,112,369,342,89,185,130,67,True
4323705,Vista Gaúcha,RS,Rio Grande do Sul,4305,Ijuí,430021,Três Passos,2783,1395,1388,51,56,169,157,172,178,178,178,569,569,363,404,105,58,True
4323754,Vitória das Missões,RS,Rio Grande do Sul,4305,Ijuí,430020,Santo Ângelo,3260,1644,1616,66,66,149,160,163,178,237,217,738,734,757,324,69,17,True
4323770,Westfália,RS,Rio Grande do Sul,4308,Santa Cruz do Sul - Lajeado,430041,Lajeado,3098,1560,1538,73,79,186,180,243,227,224,204,544,574,107,365,273,122,True
4323804,Xangri-lá,RS,Rio Grande do Sul,4301,Porto Alegre,430003,Tramandaí - Osório,16435,8073,8362,436,444,1090,1050,1121,1197,1138,1148,2351,2708,1008,1802,783,212,True
5000203,Água Clara,MS,Mato Grosso do Sul,5001,Campo Grande,500002,Três Lagoas,16736,8473,8263,507,491,1358,1392,1464,1424,1186,1108,1565,1510,1924,1750,498,165,True
5000252,Alcinópolis,MS,Mato Grosso do Sul,5001,Campo Grande,500004,Coxim,4537,2353,2184,114,125,268,289,355,347,338,345,700,577,750,578,167,66,True
5000609,Amambai,MS,Mato Grosso do Sul,5002,Dourados,500009,Amambai,39164,19140,20024,1394,1405,3115,3231,2703,2916,2439,2582,4224,4585,5379,3111,1032,377,True
5000708,Anastácio,MS,Mato Grosso do Sul,5003,Corumbá,500012,Aquidauana - Anastácio,24114,11963,12151,746,663,1624,1729,1610,1716,1633,1688,3369,3554,4128,2227,579,177,True
5000807,Anaurilândia,MS,Mato Grosso do Sul,5002,Dourados,500007,Nova Andradina,7653,3849,3804,210,210,496,511,498,524,616,578,1208,1158,1439,900,237,99,True
5000856,Angélica,MS,Mato Grosso do Sul,5002,Dourados,500007,Nova Andradina,10729,5479,5250,283,273,760,683,903,852,816,726,1382,1443,1239,1232,327,87,True
5000906,Antônio João,MS,Mato Grosso do Sul,5002,Dourados,500008,Ponta Porã,9303,4633,4670,333,333,727,763,668,717,565,554,1021,1049,1532,585,142,53,True
5001003,Aparecida do Taboado,MS,Mato Grosso do Sul,5001,Campo Grande,500003,Paranaíba - Chapadão do Sul - Cassilândia,27674,13790,13884,779,787,2340,2296,2108,2034,1924,2028,3422,3639,3157,2944,907,321,True
5001102,Aquidauana,MS,Mato Grosso do Sul,5003,Corumbá,500012,Aquidauana - Anastácio,46579,23098,23481,1573,1472,3300,3331,2990,3147,3011,3209,6338,6729,6934,3962,1439,657,True
5001243,Aral Moreira,MS,Mato Grosso do Sul,5002,Dourados,500008,Ponta Porã,10748,5385,5363,433,405,883,888,755,821,617,591,1063,1043,1617,672,193,58,True
5001508,Bandeirantes,MS,Mato Grosso do Sul,5001,Campo Grande,500001,Campo Grande,7940,4084,3856,205,218,605,551,550,588,545,560,1182,1003,1231,721,217,78,True
5001904,Bataguassu,MS,Mato Grosso do Sul,5001,Campo Grande,500002,Três Lagoas,22888,11343,11545,719,677,1712,1723,1739,1733,1660,1784,2825,2950,2663,2503,693,238,True
5002001,Batayporã,MS,Mato Grosso do Sul,5002,Dourados,500007,Nova Andradina,10712,5295,5417,303,294,791,756,743,796,743,758,1469,1598,1752,1234,310,97,True
5002100,Bela Vista,MS,Mato Grosso do Sul,5003,Corumbá,500011,Jardim,21613,10809,10804,704,637,1694,1589,1439,1522,1433,1506,2818,2936,3800,1794,630,268,True
5002159,Bodoquena,MS,Mato Grosso do Sul,5003,Corumbá,500012,Aquidauana - Anastácio,8567,4379,4188,243,219,559,599,634,665,654,569,1157,1115,1373,735,203,58,True
5002209,Bonito,MS,Mato Grosso do Sul,5003,Corumbá,500011,Jardim,23498,11696,11802,678,663,1713,1732,1776,1926,1711,1770,2837,2853,2863,2208,683,282,True
5002308,Brasilândia,MS,Mato Grosso do Sul,5001,Campo Grande,500002,Três Lagoas,11579,5807,5772,342,351,840,824,883,911,902,819,1490,1504,1748,1506,431,117,True
5002407,Caarapó,MS,Mato Grosso do Sul,5002,Dourados,500005,Dourados,30594,15253,15341,1057,996,2380,2426,2304,2347,2100,2079,3366,3565,3513,2678,816,266,True
5002605,Camapuã,MS,Mato Grosso do Sul,5001,Campo Grande,500001,Campo Grande,13583,6932,6651,357,337,843,812,955,916,1012,1093,2306,2046,2313,1606,500,192,True
5002704,Campo Grande,MS,Mato Grosso do Sul,5001,Campo Grande,500001,Campo Grande,892452,425568,466882,24885,23960,66680,69127,67558,73015,60847,69739,105093,134221,77410,94868,43807,27655,True
5002803,Caracol,MS,Mato Grosso do Sul,5003,Corumbá,500011,Jardim,5036,2523,2513,147,157,335,334,304,368,391,354,733,668,917,456,111,44,True
5002902,Cassilândia,MS,Mato Grosso do Sul,5001,Campo Grande,500003,Paranaíba - Chapadão do Sul - Cassilândia,20790,10258,10532,574,561,1446,1424,1417,1425,1472,1582,3170,3463,3241,2681,821,326,True
5002951,Chapadão do Sul,MS,Mato Grosso do Sul,5001,Campo Grande,500003,Paranaíba - Chapadão do Sul - Cassilândia,30984,15744,15240,923,932,2860,2713,3038,2870,2284,2176,2728,2676,1472,2611,1344,540,True
5003108,Corguinho,MS,Mato Grosso do Sul,5001,Campo Grande,500001,Campo Grande,4783,2476,2307,142,117,243,241,290,310,363,333,874,768,946,437,138,29,True
5003157,Coronel Sapucaia,MS,Mato Grosso do Sul,5002,Dourados,500009,Amambai,14230,6990,7240,581,552,1155,1228,886,1017,786,883,1232,1322,2172,831,190,60,True
5003207,Corumbá,MS,Mato Grosso do Sul,5003,Corumbá,500010,Corumbá,95590,47109,48481,3018,2936,7322,7430,6666,7189,6259,6550,11257,12409,11675,9526,3919,1886,True
5003256,Costa Rica,MS,Mato Grosso do Sul,5001,Campo Grande,500004,Coxim,26032,13210,12822,793,726,2045,1993,2172,2244,1916,1880,2882,2784,2503,2643,809,284,True
5003306,Coxim,MS,Mato Grosso do Sul,5001,Campo Grande,500004,Coxim,32017,15821,16196,885,889,2231,2237,2348,2476,2347,2380,4420,4615,4916,3530,1226,523,True
5003454,Deodápolis,MS,Mato Grosso do Sul,5002,Dourados,500005,Dourados,13663,6823,6840,367,348,926,947,1074,1053,949,945,1954,2033,1873,1523,370,128,True
5003488,Dois Irmãos do Buriti,MS,Mato Grosso do Sul,5001,Campo Grande,500001,Campo Grande,10676,5444,5232,315,300,776,837,731,721,642,706,1521,1341,1870,710,161,77,True
5003504,Douradina,MS,Mato Grosso do Sul,5002,Dourados,500005,Dourados,5578,2768,2810,167,158,357,383,387,384,394,397,793,819,872,522,137,57,True
5003702,Dourados,MS,Mato Grosso do Sul,5002,Dourados,500005,Dourados,241633,118019,123614,7133,6973,20162,20603,18818,19598,16226,17120,26721,31970,20158,24487,9905,4951,True
5003751,Eldorado,MS,Mato Grosso do Sul,5002,Dourados,500006,Naviraí - Mundo Novo,11384,5581,5803,342,318,825,865,831,850,759,783,1475,1623,1981,1212,293,106,True
5003801,Fátima do Sul,MS,Mato Grosso do Sul,5002,Dourados,500005,Dourados,20609,9894,10715,549,500,1347,1409,1419,1480,1304,1468,3292,3787,3228,2188,644,278,True
5003900,Figueirão,MS,Mato Grosso do Sul,5001,Campo Grande,500004,Coxim,3539,1853,1686,74,73,207,219,276,269,291,250,547,458,573,357,81,21,True
5004007,Glória de Dourados,MS,Mato Grosso do Sul,5002,Dourados,500005,Dourados,10444,5142,5302,263,238,624,665,785,740,724,761,1739,1847,1505,1269,345,139,True
5004106,Guia Lopes da Laguna,MS,Mato Grosso do Sul,5003,Corumbá,500011,Jardim,9940,5000,4940,313,274,685,683,665,681,671,687,1489,1531,1920,894,231,85,True
5004304,Iguatemi,MS,Mato Grosso do Sul,5002,Dourados,500006,Naviraí - Mundo Novo,13808,6812,6996,448,411,1014,1027,913,1023,949,981,1810,1914,2355,1596,415,150,True
5004403,Inocência,MS,Mato Grosso do Sul,5001,Campo Grande,500003,Paranaíba - Chapadão do Sul - Cassilândia,8404,4347,4057,221,228,694,660,640,586,621,630,1206,1027,1295,957,204,106,True
5004502,Itaporã,MS,Mato Grosso do Sul,5002,Dourados,500005,Dourados,24137,11901,12236,805,837,1940,1916,1637,1665,1508,1550,2911,3131,3290,1939,578,193,True
5004601,Itaquiraí,MS,Mato Grosso do Sul,5002,Dourados,500006,Naviraí - Mundo Novo,19422,9888,9534,622,557,1354,1487,1352,1383,1463,1402,2634,2406,2545,1446,332,104,True
5004700,Ivinhema,MS,Mato Grosso do Sul,5002,Dourados,500007,Nova Andradina,27747,13840,13907,723,730,2060,2014,2282,2200,1847,1952,3831,3984,3375,2658,811,277,True
5004809,Japorã,MS,Mato Grosso do Sul,5002,Dourados,500006,Naviraí - Mundo Novo,8135,4118,4017,349,332,656,674,495,515,434,418,775,712,1211,317,66,24,True
5004908,Jaraguari,MS,Mato Grosso do Sul,5001,Campo Grande,500001,Campo Grande,7131,3766,3365,184,167,351,371,451,415,531,480,1388,1194,1303,581,124,61,True
5005004,Jardim,MS,Mato Grosso do Sul,5003,Corumbá,500011,Jardim,23838,11737,12101,757,706,1636,1652,1597,1753,1623,1658,3166,3521,3516,2445,872,403,True
5005103,Jateí,MS,Mato Grosso do Sul,5002,Dourados,500005,Dourados,3582,1825,1757,100,98,233,211,253,288,245,251,537,521,684,411,103,58,True
5005152,Juti,MS,Mato Grosso do Sul,5002,Dourados,500005,Dourados,6729,3310,3419,199,191,448,481,467,484,448,456,845,866,918,514,136,33,True
5005202,Ladário,MS,Mato Grosso do Sul,5003,Corumbá,500010,Corumbá,21522,10650,10872,779,701,1761,1749,1539,1656,1347,1444,2122,2337,2272,1746,744,298,True
5005251,Laguna Carapã,MS,Mato Grosso do Sul,5002,Dourados,500005,Dourados,6784,3366,3418,216,204,498,542,493,512,429,434,775,779,945,614,193,80,True
5005400,Maracaju,MS,Mato Grosso do Sul,5002,Dourados,500005,Dourados,45047,22797,22250,1219,1254,3506,3592,4432,4348,3631,3108,4584,4617,3526,4235,1699,725,True
5005608,Miranda,MS,Mato Grosso do Sul,5003,Corumbá,500012,Aquidauana - Anastácio,25522,12914,12608,852,800,1798,1855,1773,1856,1845,1681,3014,2886,4014,2077,547,188,True
5005681,Mundo Novo,MS,Mato Grosso do Sul,5002,Dourados,500006,Naviraí - Mundo Novo,19134,9162,9972,520,556,1258,1380,1375,1488,1262,1386,2582,2928,2386,1983,590,252,True
5005707,Naviraí,MS,Mato Grosso do Sul,5002,Dourados,500006,Naviraí - Mundo Novo,49881,24302,25579,1439,1394,3447,3733,3827,4090,3640,3754,5956,6640,5712,6046,1904,682,True
5005806,Nioaque,MS,Mato Grosso do Sul,5003,Corumbá,500011,Jardim,13214,6823,6391,435,365,933,868,848,909,965,931,1937,1727,2520,1139,319,126,True
5006002,Nova Alvorada do Sul,MS,Mato Grosso do Sul,5001,Campo Grande,500001,Campo Grande,21822,10856,10966,630,611,1496,1694,1857,1842,1529,1544,2353,2247,1915,2085,638,228,True
5006200,Nova Andradina,MS,Mato Grosso do Sul,5002,Dourados,500007,Nova Andradina,48496,23857,24639,1454,1423,3322,3407,3575,3851,3595,3724,6187,6647,5998,5560,1892,731,True
5006259,Novo Horizonte do Sul,MS,Mato Grosso do Sul,5002,Dourados,500007,Nova Andradina,4721,2406,2315,124,138,312,328,360,343,304,304,719,667,826,612,118,22,True
5006275,Paraíso das Águas,MS,Mato Grosso do Sul,5001,Campo Grande,500003,Paranaíba - Chapadão do Sul - Cassilândia,5510,2878,2632,138,142,361,372,483,456,425,377,709,582,0,0,0,0,True
5006309,Paranaíba,MS,Mato Grosso do Sul,5001,Campo Grande,500003,Paranaíba - Chapadão do Sul - Cassilândia,40715,20032,20683,1049,1009,2843,2986,2888,2966,2948,3045,6064,6594,5984,5042,1629,722,True
5006358,Paranhos,MS,Mato Grosso do Sul,5002,Dourados,500009,Amambai,12921,6534,6387,533,545,1136,1057,732,841,637,694,1051,1040,2066,549,143,49,True
5006408,Pedro Gomes,MS,Mato Grosso do Sul,5001,Campo Grande,500004,Coxim,6941,3487,3454,189,187,430,434,478,484,470,448,1148,1134,1585,687,203,75,True
5006606,Ponta Porã,MS,Mato Grosso do Sul,5002,Dourados,500008,Ponta Porã,91599,44481,47118,3033,2858,7507,7969,6873,7537,5662,6238,9425,11024,11080,6830,2520,1241,True
5006903,Porto Murtinho,MS,Mato Grosso do Sul,5003,Corumbá,500011,Jardim,12839,6579,6260,416,373,1017,955,927,900,863,867,1424,1364,2102,1235,352,131,True
5007109,Ribas do Rio Pardo,MS,Mato Grosso do Sul,5001,Campo Grande,500001,Campo Grande,23150,11853,11297,690,707,1848,1866,1898,1884,1699,1617,2615,2261,3224,2323,539,193,True
5007208,Rio Brilhante,MS,Mato Grosso do Sul,5002,Dourados,500005,Dourados,37265,18671,18594,1132,1141,2816,2904,3014,3080,2710,2628,4045,4005,3551,3720,1246,455,True
5007307,Rio Negro,MS,Mato Grosso do Sul,5001,Campo Grande,500001,Campo Grande,4841,2449,2392,145,141,262,264,267,315,363,341,876,784,899,560,173,41,True
5007406,Rio Verde de Mato Grosso,MS,Mato Grosso do Sul,5001,Campo Grande,500004,Coxim,19818,9951,9867,610,565,1342,1233,1330,1409,1342,1430,2937,2916,3127,2088,616,227,True
5007505,Rochedo,MS,Mato Grosso do Sul,5001,Campo Grande,500001,Campo Grande,5199,2640,2559,142,131,364,367,335,384,367,361,795,706,956,515,129,39,True
5007554,Santa Rita do Pardo,MS,Mato Grosso do Sul,5001,Campo Grande,500002,Três Lagoas,7027,3622,3405,201,167,487,508,503,541,556,504,984,852,1313,788,145,51,True
5007695,São Gabriel do Oeste,MS,Mato Grosso do Sul,5001,Campo Grande,500001,Campo Grande,29541,14820,14721,891,772,2308,2236,2407,2602,2088,2143,3318,3377,2496,2915,1092,479,True
5007802,Selvíria,MS,Mato Grosso do Sul,5001,Campo Grande,500002,Três Lagoas,8142,4150,3992,207,227,578,591,590,585,648,567,1231,1123,913,755,187,46,True
5007703,Sete Quedas,MS,Mato Grosso do Sul,5002,Dourados,500009,Amambai,10994,5464,5530,345,289,795,867,771,783,721,761,1536,1569,1848,881,254,84,True
5007901,Sidrolândia,MS,Mato Grosso do Sul,5001,Campo Grande,500001,Campo Grande,47118,23718,23400,1420,1382,3502,3537,3469,3561,3219,3282,6175,5780,6589,4549,1005,415,True
5007935,Sonora,MS,Mato Grosso do Sul,5001,Campo Grande,500004,Coxim,14516,7441,7075,489,447,1189,1102,1204,1179,1135,1085,1578,1512,2103,1793,483,157,True
5007950,Tacuru,MS,Mato Grosso do Sul,5002,Dourados,500009,Amambai,10808,5600,5208,463,355,850,857,749,754,601,628,1148,1070,1727,593,127,34,True
5007976,Taquarussu,MS,Mato Grosso do Sul,5002,Dourados,500007,Nova Andradina,3625,1821,1804,107,113,247,187,223,248,292,275,573,573,632,401,78,17,True
5008008,Terenos,MS,Mato Grosso do Sul,5001,Campo Grande,500001,Campo Grande,17652,9099,8553,489,472,1087,1056,1161,1225,1331,1177,2997,2655,2978,1630,389,112,True
5008305,Três Lagoas,MS,Mato Grosso do Sul,5001,Campo Grande,500002,Três Lagoas,131226,63919,67307,3758,3759,9920,10457,10793,11446,9500,9818,14596,16615,10071,13267,5534,2318,True
5008404,Vicentina,MS,Mato Grosso do Sul,5002,Dourados,500005,Dourados,6336,3153,3183,183,153,382,400,381,411,423,459,1140,1169,1052,676,185,61,True
5100102,Acorizal,MT,Mato Grosso,5101,Cuiabá,510001,Cuiabá,4994,2622,2372,124,105,278,251,332,380,372,334,909,774,1112,360,91,19,True
5100201,Água Boa,MT,Mato Grosso,5104,Barra do Garças,510015,Água Boa,29217,15258,13959,898,864,2609,2408,2796,2445,2290,2033,3055,2798,2323,2568,979,345,True
5100250,Alta Floresta,MT,Mato Grosso,5103,Sinop,510010,Alta Floresta,58589,29424,29165,1704,1763,4841,4888,4755,4747,4106,4169,7307,7002,6143,5988,1941,730,True
5100300,Alto Araguaia,MT,Mato Grosso,5105,Rondonópolis,510016,Rondonópolis,17193,8752,8441,521,451,1181,1188,1312,1274,1289,1264,2365,2386,2155,1783,668,277,True
5100359,Alto Boa Vista,MT,Mato Grosso,5104,Barra do Garças,510014,Confresa - Vila Rica,5650,2890,2760,227,208,446,434,401,427,394,368,575,471,755,414,101,36,True
5100409,Alto Garças,MT,Mato Grosso,5105,Rondonópolis,510016,Rondonópolis,13052,6823,6229,376,352,1141,984,1226,1074,971,854,1522,1455,1471,1294,408,139,True
5100508,Alto Paraguai,MT,Mato Grosso,5101,Cuiabá,510003,Diamantino,8000,4235,3765,261,226,465,464,513,521,616,527,1479,1156,1780,826,178,69,True
5100607,Alto Taquari,MT,Mato Grosso,5105,Rondonópolis,510016,Rondonópolis,10898,5590,5308,347,333,971,913,1043,955,861,745,956,936,660,1048,477,162,True
5100805,Apiacás,MT,Mato Grosso,5103,Sinop,510010,Alta Floresta,8527,4477,4050,328,282,676,631,570,614,601,493,1113,839,1091,873,279,73,True
5101001,Araguaiana,MT,Mato Grosso,5104,Barra do Garças,510013,Barra do Garças,3777,1968,1809,95,78,235,227,275,274,289,275,571,508,570,355,73,27,True
5101209,Araguainha,MT,Mato Grosso,5105,Rondonópolis,510016,Rondonópolis,1010,536,474,30,29,40,34,59,64,74,76,207,168,204,117,29,14,True
5101258,Araputanga,MT,Mato Grosso,5102,Cáceres,510006,Mirassol D'oeste,14786,7272,7514,459,457,1063,1070,1055,1133,1095,1170,1877,2029,2146,1767,578,192,True
5101308,Arenápolis,MT,Mato Grosso,5101,Cuiabá,510003,Diamantino,10568,5311,5257,317,342,751,712,803,786,713,751,1420,1430,1673,1035,313,106,True
5101407,Aripuanã,MT,Mato Grosso,5103,Sinop,510009,Juína,24460,12848,11612,857,769,2174,2053,2119,1988,1879,1560,2310,1832,1974,1902,623,192,True
5101605,Barão de Melgaço,MT,Mato Grosso,5101,Cuiabá,510001,Cuiabá,7228,3851,3377,236,214,403,336,504,475,542,466,1223,1042,1339,547,90,18,True
5101704,Barra do Bugres,MT,Mato Grosso,5101,Cuiabá,510002,Tangará da Serra,29388,14931,14457,926,840,2149,2241,2236,2288,2220,2134,3592,3424,4363,3308,1023,353,True
5101803,Barra do Garças,MT,Mato Grosso,5104,Barra do Garças,510013,Barra do Garças,69011,33866,35145,2097,2019,5451,5672,5131,5321,4835,5211,8368,9251,6815,6066,2485,1086,True
5101852,Bom Jesus do Araguaia,MT,Mato Grosso,5104,Barra do Garças,510014,Confresa - Vila Rica,7280,3795,3485,239,204,574,547,587,580,606,531,828,642,810,503,147,37,True
5101902,Brasnorte,MT,Mato Grosso,5101,Cuiabá,510002,Tangará da Serra,16884,8678,8206,515,536,1348,1394,1287,1224,1256,1112,1820,1516,1758,1723,509,161,True
5102504,Cáceres,MT,Mato Grosso,5102,Cáceres,510004,Cáceres,89446,44174,45272,2931,2802,6476,6770,6284,6885,6209,6539,11181,11876,11767,7953,3020,1334,True
5102603,Campinápolis,MT,Mato Grosso,5104,Barra do Garças,510015,Água Boa,14622,7483,7139,660,562,1053,978,867,860,777,815,1092,977,1370,680,189,52,True
5102637,Campo Novo do Parecis,MT,Mato Grosso,5101,Cuiabá,510002,Tangará da Serra,45899,23784,22115,1450,1393,4628,4484,4617,4137,3320,2998,3316,3040,2006,3898,1693,606,True
5102678,Campo Verde,MT,Mato Grosso,5101,Cuiabá,510001,Cuiabá,44585,22511,22074,1462,1471,4002,3795,3844,3784,3196,3246,4281,4215,2914,4074,1594,601,True
5102686,Campos de Júlio,MT,Mato Grosso,5102,Cáceres,510005,Pontes e Lacerda - Comodoro,8806,4526,4280,288,293,825,749,829,780,642,549,685,617,391,664,267,128,True
5102694,Canabrava do Norte,MT,Mato Grosso,5104,Barra do Garças,510014,Confresa - Vila Rica,4477,2348,2129,133,132,309,291,335,325,320,305,630,492,838,381,72,23,True
5102702,Canarana,MT,Mato Grosso,5104,Barra do Garças,510015,Água Boa,25857,13331,12526,788,751,2107,2163,2333,2098,1822,1647,2629,2387,1917,2269,845,311,True
5102793,Carlinda,MT,Mato Grosso,5103,Sinop,510010,Alta Floresta,10332,5337,4995,300,283,656,675,646,690,748,717,1798,1484,1978,1038,208,54,True
5102850,Castanheira,MT,Mato Grosso,5103,Sinop,510009,Juína,7506,3869,3637,249,213,518,480,530,558,595,549,1143,984,1507,653,154,65,True
5103007,Chapada dos Guimarães,MT,Mato Grosso,5101,Cuiabá,510001,Cuiabá,18967,9610,9357,536,488,1193,1115,1301,1356,1351,1331,2961,2834,2740,1609,501,249,True
5103056,Cláudia,MT,Mato Grosso,5103,Sinop,510007,Sinop,9593,4959,4634,270,257,739,686,621,636,749,715,1358,1243,1351,1362,376,108,True
5103106,Cocalinho,MT,Mato Grosso,5104,Barra do Garças,510015,Água Boa,6203,3246,2957,178,158,387,374,457,453,526,500,893,678,861,554,135,48,True
5103205,Colíder,MT,Mato Grosso,5103,Sinop,510007,Sinop,31370,15769,15601,818,862,2315,2372,2439,2467,2215,2270,4346,4304,4259,3753,1158,428,True
5103254,Colniza,MT,Mato Grosso,5103,Sinop,510009,Juína,25730,13441,12289,910,898,1960,1941,2041,2116,2064,1836,2874,2117,3942,2010,517,177,True
5103304,Comodoro,MT,Mato Grosso,5102,Cáceres,510005,Pontes e Lacerda - Comodoro,18155,9264,8891,603,581,1322,1279,1373,1362,1285,1244,2020,1802,2646,1852,595,174,True
5103353,Confresa,MT,Mato Grosso,5104,Barra do Garças,510014,Confresa - Vila Rica,35075,18044,17031,1169,1134,3149,3237,3020,2915,2566,2417,3540,2751,4198,1879,480,178,True
5103361,Conquista D'Oeste,MT,Mato Grosso,5102,Cáceres,510005,Pontes e Lacerda - Comodoro,3743,1879,1864,112,116,275,272,265,285,251,259,448,424,372,416,153,34,True
5103379,Cotriguaçu,MT,Mato Grosso,5103,Sinop,510009,Juína,10980,5743,5237,353,344,799,764,866,854,893,769,1412,1069,2569,1101,291,72,True
5103403,Cuiabá,MT,Mato Grosso,5101,Cuiabá,510001,Cuiabá,648033,313358,334675,18537,17937,49448,50650,53153,56627,47668,51460,71573,87132,45976,59745,32067,22475,True
5103437,Curvelândia,MT,Mato Grosso,5102,Cáceres,510004,Cáceres,4902,2444,2458,150,156,301,301,329,339,367,350,747,768,862,491,104,32,True
5103452,Denise,MT,Mato Grosso,5101,Cuiabá,510002,Tangará da Serra,6999,3547,3452,231,231,520,485,479,507,576,544,879,826,1123,1031,294,76,True
5103502,Diamantino,MT,Mato Grosso,5101,Cuiabá,510003,Diamantino,21926,11107,10819,663,597,1674,1694,1797,1756,1520,1529,2572,2466,2027,2355,1009,359,True
5103601,Dom Aquino,MT,Mato Grosso,5105,Rondonópolis,510018,Jaciara,7872,4002,3870,199,208,427,392,506,536,585,561,1365,1315,1439,835,227,77,True
5103700,Feliz Natal,MT,Mato Grosso,5103,Sinop,510007,Sinop,10362,5372,4990,348,395,876,756,775,766,669,612,1002,780,1146,1249,379,88,True
5103809,Figueirópolis D'Oeste,MT,Mato Grosso,5102,Cáceres,510006,Mirassol D'oeste,3187,1612,1575,89,71,186,204,227,215,235,268,533,503,592,432,117,26,True
5103858,Gaúcha do Norte,MT,Mato Grosso,5104,Barra do Garças,510015,Água Boa,8508,4373,4135,281,295,651,604,695,713,572,474,703,626,489,521,173,63,True
5103908,General Carneiro,MT,Mato Grosso,5104,Barra do Garças,510013,Barra do Garças,5747,3015,2732,233,199,386,331,360,343,375,358,757,591,785,391,114,35,True
5103957,Glória D'Oeste,MT,Mato Grosso,5102,Cáceres,510006,Mirassol D'oeste,2905,1463,1442,78,56,151,169,188,185,214,234,503,480,556,332,87,31,True
5104104,Guarantã do Norte,MT,Mato Grosso,5103,Sinop,510011,Peixoto de Azevedo - Guarantã do Norte,31024,15641,15383,1020,987,2454,2452,2360,2511,2042,2098,3865,3624,4256,3553,1017,287,True
5104203,Guiratinga,MT,Mato Grosso,5105,Rondonópolis,510016,Rondonópolis,10953,5626,5327,300,268,662,629,686,622,800,783,2103,1976,2465,1338,373,156,True
5104500,Indiavaí,MT,Mato Grosso,5102,Cáceres,510006,Mirassol D'oeste,2213,1075,1138,71,72,123,120,153,165,146,178,350,344,377,210,54,12,True
5104526,Ipiranga do Norte,MT,Mato Grosso,5103,Sinop,510008,Sorriso,7815,4111,3704,240,236,778,641,724,660,602,538,685,590,420,729,274,68,True
5104542,Itanhangá,MT,Mato Grosso,5103,Sinop,510008,Sorriso,7539,4008,3531,269,230,596,542,656,599,575,508,878,686,614,672,180,36,True
5104559,Itaúba,MT,Mato Grosso,5103,Sinop,510007,Sinop,5020,2584,2436,146,141,367,371,390,385,367,345,575,559,646,499,151,61,True
5104609,Itiquira,MT,Mato Grosso,5105,Rondonópolis,510016,Rondonópolis,12235,6244,5991,375,360,848,818,918,945,945,929,1514,1320,1520,1391,346,132,True
5104807,Jaciara,MT,Mato Grosso,5105,Rondonópolis,510018,Jaciara,28556,14159,14397,817,859,2098,2067,2103,2153,2056,2169,3655,3847,3235,3137,1064,352,True
5104906,Jangada,MT,Mato Grosso,5101,Cuiabá,510001,Cuiabá,7426,3877,3549,243,197,482,512,547,534,534,485,1116,1000,1127,562,131,30,True
5105002,Jauru,MT,Mato Grosso,5102,Cáceres,510006,Mirassol D'oeste,8367,4136,4231,267,257,484,531,537,565,592,653,1278,1309,1721,923,292,95,True
5105101,Juara,MT,Mato Grosso,5103,Sinop,510012,Juara,34783,17786,16997,1037,989,2606,2501,2869,2825,2539,2379,4135,3989,3997,3861,1184,404,True
5105150,Juína,MT,Mato Grosso,5103,Sinop,510009,Juína,45822,23218,22604,1399,1376,3594,3527,3570,3532,3225,3373,5760,5324,5395,4143,1261,507,True
5105176,Juruena,MT,Mato Grosso,5103,Sinop,510009,Juína,10213,5278,4935,346,326,777,755,845,829,748,691,1217,1031,1682,1059,212,43,True
5105200,Juscimeira,MT,Mato Grosso,5105,Rondonópolis,510018,Jaciara,11480,5834,5646,274,281,599,609,723,753,935,878,1988,1877,1849,1249,322,88,True
5105234,Lambari D'Oeste,MT,Mato Grosso,5102,Cáceres,510004,Cáceres,4790,2454,2336,136,136,348,344,369,340,358,328,638,590,889,611,113,30,True
5105259,Lucas do Rio Verde,MT,Mato Grosso,5103,Sinop,510008,Sorriso,83634,41995,41639,2555,2581,8220,8385,8749,8351,5682,5680,5742,5949,2564,6141,3434,1245,True
5105309,Luciara,MT,Mato Grosso,5104,Barra do Garças,510014,Confresa - Vila Rica,2488,1259,1229,88,87,153,158,208,161,160,165,305,292,369,181,39,10,True
5105580,Marcelândia,MT,Mato Grosso,5103,Sinop,510007,Sinop,11364,5865,5499,402,342,842,810,819,821,817,745,1352,1190,1819,1297,338,115,True
5105606,Matupá,MT,Mato Grosso,5103,Sinop,510011,Peixoto de Azevedo - Guarantã do Norte,20067,10223,9844,614,617,1684,1704,1659,1650,1375,1307,2243,2031,1917,1449,527,189,True
5105622,Mirassol d'Oeste,MT,Mato Grosso,5102,Cáceres,510006,Mirassol D'oeste,26785,13375,13410,761,769,1967,1952,2070,2098,2016,2083,3464,3568,3563,2878,903,307,True
5105903,Nobres,MT,Mato Grosso,5101,Cuiabá,510001,Cuiabá,15479,7897,7582,502,458,1092,1056,1238,1203,1102,1066,1943,1836,2062,1559,495,155,True
5106000,Nortelândia,MT,Mato Grosso,5101,Cuiabá,510003,Diamantino,5938,3012,2926,167,147,401,383,421,430,393,413,922,902,1075,629,179,36,True
5106109,Nossa Senhora do Livramento,MT,Mato Grosso,5101,Cuiabá,510001,Cuiabá,12940,6795,6145,341,304,654,697,856,822,949,864,2491,2048,2191,698,138,66,True
5106158,Nova Bandeirantes,MT,Mato Grosso,5103,Sinop,510010,Alta Floresta,13635,7401,6232,391,344,1027,924,1158,997,1115,963,2068,1346,1701,991,320,119,True
5106208,Nova Brasilândia,MT,Mato Grosso,5101,Cuiabá,510001,Cuiabá,3932,2054,1878,120,117,212,165,240,287,362,299,669,566,849,367,102,23,True
5106216,Nova Canaã do Norte,MT,Mato Grosso,5103,Sinop,510007,Sinop,11707,6081,5626,352,318,819,780,861,885,897,804,1710,1499,2029,1258,317,87,True
5108808,Nova Guarita,MT,Mato Grosso,5103,Sinop,510007,Sinop,4590,2363,2227,126,111,325,347,337,314,334,333,724,614,819,503,126,38,True
5106182,Nova Lacerda,MT,Mato Grosso,5102,Cáceres,510005,Pontes e Lacerda - Comodoro,6639,3499,3140,252,179,454,416,508,524,506,485,878,637,750,494,148,35,True
5108857,Nova Marilândia,MT,Mato Grosso,5101,Cuiabá,510003,Diamantino,3529,1828,1701,115,102,277,258,271,281,260,226,421,370,416,342,110,27,True
5108907,Nova Maringá,MT,Mato Grosso,5101,Cuiabá,510003,Diamantino,5831,3081,2750,202,170,488,446,479,411,409,390,651,462,722,797,223,88,True
5108956,Nova Monte Verde,MT,Mato Grosso,5103,Sinop,510010,Alta Floresta,8313,4359,3954,226,218,638,606,705,668,628,542,1139,892,1169,929,240,92,True
5106224,Nova Mutum,MT,Mato Grosso,5103,Sinop,510008,Sorriso,55808,28371,27437,1780,1761,5623,5381,5636,5409,3893,3624,3934,3860,2035,4211,2202,783,True
5106174,Nova Nazaré,MT,Mato Grosso,5104,Barra do Garças,510015,Água Boa,3917,1998,1919,160,155,238,217,264,245,217,214,360,297,383,247,59,22,True
5106232,Nova Olímpia,MT,Mato Grosso,5101,Cuiabá,510002,Tangará da Serra,16344,8411,7933,554,500,1311,1222,1165,1207,1205,1243,2002,1773,2157,1929,510,114,True
5106190,Nova Santa Helena,MT,Mato Grosso,5103,Sinop,510007,Sinop,4239,2189,2050,134,117,302,316,320,314,311,243,575,497,558,379,101,26,True
5106240,Nova Ubiratã,MT,Mato Grosso,5103,Sinop,510008,Sorriso,11520,6051,5469,380,372,980,924,1026,917,823,744,1056,850,1108,1067,325,66,True
5106257,Nova Xavantina,MT,Mato Grosso,5104,Barra do Garças,510013,Barra do Garças,24345,12555,11790,653,611,1903,1846,2032,1909,1935,1890,3347,3053,3162,2053,663,235,True
5106273,Novo Horizonte do Norte,MT,Mato Grosso,5103,Sinop,510012,Juara,3349,1741,1608,80,72,189,187,216,227,237,224,667,577,604,419,105,25,True
5106265,Novo Mundo,MT,Mato Grosso,5103,Sinop,510011,Peixoto de Azevedo - Guarantã do Norte,6516,3401,3115,181,173,490,468,462,497,445,387,983,704,1301,641,155,43,True
5106315,Novo Santo Antônio,MT,Mato Grosso,5104,Barra do Garças,510014,Confresa - Vila Rica,2003,1040,963,69,65,142,107,137,158,155,136,284,234,353,165,38,15,True
5106281,Novo São Joaquim,MT,Mato Grosso,5104,Barra do Garças,510013,Barra do Garças,6889,3573,3316,173,169,437,425,520,528,575,482,995,816,1200,624,115,52,True
5106299,Paranaíta,MT,Mato Grosso,5103,Sinop,510010,Alta Floresta,11671,6068,5603,397,342,826,767,835,845,838,826,1789,1516,1653,1048,294,106,True
5106307,Paranatinga,MT,Mato Grosso,5105,Rondonópolis,510017,Primavera do Leste,26147,13884,12263,829,785,2080,1918,2201,1999,2141,1709,3001,2330,2767,1973,569,177,True
5106372,Pedra Preta,MT,Mato Grosso,5105,Rondonópolis,510016,Rondonópolis,18054,9204,8850,548,526,1325,1259,1316,1360,1385,1344,2462,2260,2574,1696,410,122,True
5106422,Peixoto de Azevedo,MT,Mato Grosso,5103,Sinop,510011,Peixoto de Azevedo - Guarantã do Norte,32522,16612,15910,1061,966,2581,2493,2483,2678,2136,2066,3965,3403,5058,2443,569,180,True
5106455,Planalto da Serra,MT,Mato Grosso,5101,Cuiabá,510001,Cuiabá,3147,1624,1523,111,89,192,191,232,210,229,232,441,372,515,221,42,10,True
5106505,Poconé,MT,Mato Grosso,5101,Cuiabá,510001,Cuiabá,31185,16135,15050,917,881,2062,1917,2432,2375,2313,2115,4467,4063,4920,2506,633,171,True
5106653,Pontal do Araguaia,MT,Mato Grosso,5104,Barra do Garças,510013,Barra do Garças,6932,3468,3464,204,182,501,534,472,503,545,587,968,907,797,623,169,62,True
5106703,Ponte Branca,MT,Mato Grosso,5104,Barra do Garças,510013,Barra do Garças,2008,1043,965,46,43,106,111,115,118,159,144,398,344,383,175,43,24,True
5106752,Pontes e Lacerda,MT,Mato Grosso,5102,Cáceres,510005,Pontes e Lacerda - Comodoro,51839,26071,25766,1647,1577,4231,4370,4406,4400,3751,3752,5556,5383,5534,4716,1540,605,True
5106778,Porto Alegre do Norte,MT,Mato Grosso,5104,Barra do Garças,510014,Confresa - Vila Rica,12102,6262,5840,391,390,855,817,895,944,934,807,1496,1252,1636,842,267,75,True
5106802,Porto dos Gaúchos,MT,Mato Grosso,5103,Sinop,510012,Juara,5585,2862,2723,156,156,391,388,452,456,441,361,728,673,785,671,166,57,True
5106828,Porto Esperidião,MT,Mato Grosso,5102,Cáceres,510006,Mirassol D'oeste,10188,5244,4944,337,318,757,726,725,701,762,721,1382,1197,1768,881,242,78,True
5106851,Porto Estrela,MT,Mato Grosso,5101,Cuiabá,510002,Tangará da Serra,3215,1701,1514,105,99,153,135,203,216,246,246,586,464,710,224,37,6,True
5107008,Poxoréu,MT,Mato Grosso,5105,Rondonópolis,510017,Primavera do Leste,23206,12071,11135,641,580,1391,1314,1656,1505,1530,1512,3761,3284,3244,1525,409,104,True
5107040,Primavera do Leste,MT,Mato Grosso,5105,Rondonópolis,510017,Primavera do Leste,85143,42851,42290,2561,2541,8145,8001,8080,7802,6062,6105,7174,7264,3916,6493,3100,1293,True
5107065,Querência,MT,Mato Grosso,5104,Barra do Garças,510015,Água Boa,26673,13981,12692,929,898,2826,2487,2600,2368,1832,1574,1986,1626,1286,1423,557,174,True
5107156,Reserva do Cabaçal,MT,Mato Grosso,5102,Cáceres,510006,Mirassol D'oeste,2113,1050,1063,52,63,120,119,145,141,150,162,328,296,466,254,70,10,True
5107180,Ribeirão Cascalheira,MT,Mato Grosso,5104,Barra do Garças,510015,Água Boa,10078,5122,4956,307,307,708,704,783,756,764,705,1219,1073,1261,805,235,87,True
5107198,Ribeirãozinho,MT,Mato Grosso,5104,Barra do Garças,510013,Barra do Garças,2593,1351,1242,79,51,187,166,165,172,213,231,375,324,370,242,80,30,True
5107206,Rio Branco,MT,Mato Grosso,5102,Cáceres,510004,Cáceres,4535,2222,2313,110,127,281,284,311,368,333,345,669,673,838,569,172,43,True
5107578,Rondolândia,MT,Mato Grosso,5103,Sinop,510009,Juína,3392,1762,1630,130,122,212,209,256,244,199,187,309,239,574,284,62,23,True
5107602,Rondonópolis,MT,Mato Grosso,5105,Rondonópolis,510016,Rondonópolis,244659,121638,123021,7129,6709,20097,19672,20255,20383,17846,18553,26370,29314,21416,23878,9904,4473,True
5107701,Rosário Oeste,MT,Mato Grosso,5101,Cuiabá,510001,Cuiabá,15453,8052,7401,447,394,945,852,1066,948,1149,1084,2620,2378,2806,1387,415,150,True
5107750,Salto do Céu,MT,Mato Grosso,5102,Cáceres,510004,Cáceres,3679,1860,1819,114,81,197,219,266,258,288,289,584,541,764,373,86,30,True
5107248,Santa Carmem,MT,Mato Grosso,5103,Sinop,510007,Sinop,5351,2778,2573,164,183,444,397,432,412,357,349,605,512,422,512,152,57,True
5107743,Santa Cruz do Xingu,MT,Mato Grosso,5104,Barra do Garças,510014,Confresa - Vila Rica,2646,1400,1246,83,80,201,184,223,205,194,163,294,206,240,231,58,26,True
5107768,Santa Rita do Trivelato,MT,Mato Grosso,5103,Sinop,510008,Sorriso,3276,1698,1578,86,71,236,241,312,318,242,191,291,229,206,295,129,51,True
5107776,Santa Terezinha,MT,Mato Grosso,5104,Barra do Garças,510014,Confresa - Vila Rica,7584,4004,3580,256,224,514,533,529,505,547,483,922,677,1184,455,113,31,True
5107263,Santo Afonso,MT,Mato Grosso,5101,Cuiabá,510003,Diamantino,2506,1291,1215,71,56,161,149,182,174,165,170,408,349,550,288,72,18,True
5107800,Santo Antônio de Leverger,MT,Mato Grosso,5101,Cuiabá,510001,Cuiabá,15224,7781,7443,442,429,928,874,1054,989,1084,1081,2347,2060,3040,1609,480,139,True
5107792,Santo Antônio do Leste,MT,Mato Grosso,5105,Rondonópolis,510017,Primavera do Leste,4099,2147,1952,126,141,341,291,322,313,286,263,355,305,409,396,111,31,True
5107859,São Félix do Araguaia,MT,Mato Grosso,5104,Barra do Garças,510014,Confresa - Vila Rica,13527,7282,6245,423,368,1172,980,1165,986,1099,872,1697,1386,1657,850,278,110,True
5107297,São José do Povo,MT,Mato Grosso,5105,Rondonópolis,510016,Rondonópolis,2875,1478,1397,55,54,119,103,132,149,231,228,643,589,690,313,70,22,True
5107305,São José do Rio Claro,MT,Mato Grosso,5101,Cuiabá,510003,Diamantino,14911,7568,7343,478,431,1085,1090,1144,1116,1155,1111,1904,1691,2071,1807,556,175,True
5107354,São José do Xingu,MT,Mato Grosso,5104,Barra do Garças,510014,Confresa - Vila Rica,5916,3139,2777,231,189,506,420,479,488,411,386,509,399,706,524,154,48,True
5107107,São José dos Quatro Marcos,MT,Mato Grosso,5102,Cáceres,510006,Mirassol D'oeste,17849,8845,9004,461,459,1077,1142,1203,1319,1370,1397,2848,2872,2911,2218,596,168,True
5107404,São Pedro da Cipa,MT,Mato Grosso,5105,Rondonópolis,510018,Jaciara,4179,2096,2083,128,134,269,268,268,287,319,316,555,545,578,521,129,18,True
5107875,Sapezal,MT,Mato Grosso,5101,Cuiabá,510002,Tangará da Serra,28873,15237,13636,940,833,3332,2806,3065,2706,2179,1871,1787,1537,1098,2352,1262,505,True
5107883,Serra Nova Dourada,MT,Mato Grosso,5104,Barra do Garças,510014,Confresa - Vila Rica,1800,960,840,46,50,104,100,143,123,152,149,283,188,247,122,34,7,True
5107909,Sinop,MT,Mato Grosso,5103,Sinop,510007,Sinop,195728,98502,97226,5874,5905,19095,19207,17788,17169,13782,13623,17663,18005,9285,14924,6433,2711,True
5107925,Sorriso,MT,Mato Grosso,5103,Sinop,510008,Sorriso,110631,56132,54499,3464,3538,10841,10456,10325,9992,7548,7276,9122,9055,5063,8222,4223,1837,True
5107941,Tabaporã,MT,Mato Grosso,5103,Sinop,510012,Juara,9818,5052,4766,276,261,726,758,819,775,689,670,1130,921,1363,1158,287,74,True
5107958,Tangará da Serra,MT,Mato Grosso,5101,Cuiabá,510002,Tangará da Serra,105930,52438,53492,3264,3247,9105,9209,8730,8658,7261,7723,11611,12301,8802,9984,4064,1702,True
5108006,Tapurah,MT,Mato Grosso,5103,Sinop,510008,Sorriso,14370,7480,6890,439,466,1385,1217,1406,1228,982,902,1352,1200,613,1100,466,189,True
5108055,Terra Nova do Norte,MT,Mato Grosso,5103,Sinop,510007,Sinop,10616,5359,5257,295,282,761,769,701,732,690,678,1681,1568,1842,1189,312,90,True
5108105,Tesouro,MT,Mato Grosso,5105,Rondonópolis,510016,Rondonópolis,3012,1602,1410,66,79,154,146,189,181,219,188,617,455,604,292,74,25,True
5108204,Torixoréu,MT,Mato Grosso,5104,Barra do Garças,510013,Barra do Garças,4164,2121,2043,110,101,249,235,271,288,306,288,801,761,843,353,100,37,True
5108303,União do Sul,MT,Mato Grosso,5103,Sinop,510007,Sinop,3838,2011,1827,120,135,280,268,287,248,271,245,483,365,492,422,125,25,True
5108352,Vale de São Domingos,MT,Mato Grosso,5102,Cáceres,510005,Pontes e Lacerda - Comodoro,2902,1507,1395,72,62,165,146,185,209,249,237,469,430,537,303,78,16,True
5108402,Várzea Grande,MT,Mato Grosso,5101,Cuiabá,510001,Cuiabá,299547,147253,152294,9183,8920,23712,23987,24256,25421,21805,23076,30772,34863,26694,30371,10968,3481,True
5108501,Vera,MT,Mato Grosso,5103,Sinop,510008,Sorriso,12790,6592,6198,403,388,1117,999,1000,943,902,823,1435,1340,1272,1183,322,80,True
5105507,Vila Bela da Santíssima Trindade,MT,Mato Grosso,5102,Cáceres,510005,Pontes e Lacerda - Comodoro,16774,8724,8050,558,560,1205,1164,1325,1323,1251,1120,1921,1572,2232,1124,312,98,True
5108600,Vila Rica,MT,Mato Grosso,5104,Barra do Garças,510014,Confresa - Vila Rica,19882,10377,9505,700,637,1668,1602,1557,1481,1555,1362,2368,1869,2963,1992,637,274,True
5200050,Abadia de Goiás,GO,Goiás,5201,Goiânia,520001,Goiânia,19052,9655,9397,581,528,1491,1447,1656,1628,1364,1346,1887,1950,884,832,259,84,True
5200100,Abadiânia,GO,Goiás,5201,Goiânia,520002,Anápolis,17223,8804,8419,478,465,1249,1199,1228,1114,1297,1195,2566,2483,2320,1582,414,144,True
5200134,Acreúna,GO,Goiás,5204,São Luís de Montes Belos - Iporá,520015,Palmeiras de Goiás,21429,10869,10560,704,627,1572,1520,1558,1635,1665,1602,2935,2973,2980,2306,659,264,True
5200159,Adelândia,GO,Goiás,5201,Goiânia,520003,Inhumas - Itaberaí - Anicuns,2297,1158,1139,53,49,117,116,141,160,168,149,461,456,469,284,57,18,True
5200175,Água Fria de Goiás,GO,Goiás,5206,Luziânia - Águas Lindas de Goiás,520022,Flores de Goiás,4954,2593,2361,143,135,352,354,395,347,344,347,758,636,912,420,79,32,True
5200209,Água Limpa,GO,Goiás,5202,Itumbiara,520008,Caldas Novas-Morrinhos,1858,927,931,50,39,108,117,111,105,119,133,371,359,387,241,57,24,True
5200258,Águas Lindas de Goiás,GO,Goiás,5206,Luziânia - Águas Lindas de Goiás,520020,Águas Lindas de Goiás,225504,111443,114061,8129,7767,20001,20254,18477,19573,16225,17637,17530,18744,20734,17504,3397,569,True
5200308,Alexânia,GO,Goiás,5201,Goiânia,520002,Anápolis,26927,13407,13520,866,842,2119,2004,1814,1878,1969,2041,3414,3669,4008,2164,587,236,True
5200506,Aloândia,GO,Goiás,5202,Itumbiara,520007,Itumbiara,1973,985,988,46,45,122,118,111,108,132,154,391,413,441,256,54,24,True
5200555,Alto Horizonte,GO,Goiás,5205,Porangatu - Uruaçu,520017,Uruaçu - Niquelândia,6072,3048,3024,186,197,450,449,513,551,464,456,684,665,640,532,192,55,True
5200605,Alto Paraíso de Goiás,GO,Goiás,5206,Luziânia - Águas Lindas de Goiás,520022,Flores de Goiás,10294,5116,5178,295,298,790,820,937,993,790,736,1028,1071,1026,679,222,86,True
5200803,Alvorada do Norte,GO,Goiás,5206,Luziânia - Águas Lindas de Goiás,520021,Posse-Campos Belos,8446,4201,4245,292,276,612,591,634,700,635,626,991,1071,1393,623,194,43,True
5200829,Amaralina,GO,Goiás,5205,Porangatu - Uruaçu,520017,Uruaçu - Niquelândia,3268,1710,1558,88,93,170,164,221,205,258,230,658,548,729,170,44,10,True
5200852,Americano do Brasil,GO,Goiás,5201,Goiânia,520003,Inhumas - Itaberaí - Anicuns,5259,2577,2682,143,143,329,344,336,346,405,437,908,945,960,613,140,41,True
5200902,Amorinópolis,GO,Goiás,5204,São Luís de Montes Belos - Iporá,520014,Iporá,3007,1516,1491,55,68,160,139,161,153,198,226,678,672,701,406,101,20,True
5201108,Anápolis,GO,Goiás,5201,Goiânia,520002,Anápolis,397698,192357,205341,11760,11395,32431,32508,30625,32279,28058,30285,45874,57002,38438,40147,15489,7095,True
5201207,Anhanguera,GO,Goiás,5201,Goiânia,520004,Catalão,924,471,453,27,17,45,45,56,63,76,75,169,180,131,151,50,18,True
5201306,Anicuns,GO,Goiás,5201,Goiânia,520003,Inhumas - Itaberaí - Anicuns,18498,9192,9306,482,469,1171,1154,1280,1338,1418,1446,3099,3194,3109,2423,691,231,True
5201405,Aparecida de Goiânia,GO,Goiás,5201,Goiânia,520001,Goiânia,524811,256028,268783,16079,15743,44756,45507,45068,47290,39197,41550,50690,61061,48112,59076,20007,5476,True
5201454,Aparecida do Rio Doce,GO,Goiás,5203,Rio Verde,520010,Rio Verde,2907,1447,1460,96,92,202,206,214,209,223,239,425,397,361,285,81,32,True
5201504,Aporé,GO,Goiás,5203,Rio Verde,520011,Jataí-Mineiros,4325,2226,2099,131,117,304,305,342,333,308,293,581,545,526,516,125,49,True
5201603,Araçu,GO,Goiás,5201,Goiânia,520003,Inhumas - Itaberaí - Anicuns,3799,1849,1950,85,86,251,233,230,257,280,297,672,742,714,432,74,18,True
5201702,Aragarças,GO,Goiás,5204,São Luís de Montes Belos - Iporá,520014,Iporá,18246,9054,9192,553,513,1363,1329,1223,1330,1392,1407,2551,2769,2611,2058,685,193,True
5201801,Aragoiânia,GO,Goiás,5201,Goiânia,520001,Goiânia,11890,5922,5968,337,319,841,821,876,947,892,901,1726,1719,1184,994,282,91,True
5202155,Araguapaz,GO,Goiás,5201,Goiânia,520005,Goiás - Itapuranga,7153,3563,3590,206,199,426,432,481,520,606,577,1134,1155,1407,788,200,69,True
5202353,Arenópolis,GO,Goiás,5204,São Luís de Montes Belos - Iporá,520014,Iporá,2946,1509,1437,65,62,162,126,162,178,213,231,626,588,689,350,72,19,True
5202502,Aruanã,GO,Goiás,5201,Goiânia,520005,Goiás - Itapuranga,8300,4332,3968,300,228,531,544,616,643,659,625,1174,1039,1152,810,251,112,True
5202601,Aurilândia,GO,Goiás,5204,São Luís de Montes Belos - Iporá,520013,São Luís de Montes Belos,3284,1653,1631,76,71,164,145,205,191,246,233,683,747,833,370,93,23,True
5202809,Avelinópolis,GO,Goiás,5201,Goiânia,520003,Inhumas - Itaberaí - Anicuns,2868,1434,1434,76,68,155,149,214,216,230,209,507,527,482,242,50,24,True
5203104,Baliza,GO,Goiás,5204,São Luís de Montes Belos - Iporá,520014,Iporá,3351,1780,1571,89,73,162,152,223,210,263,257,668,553,780,215,48,14,True
5203203,Barro Alto,GO,Goiás,5205,Porangatu - Uruaçu,520018,Ceres - Rialma - Goianésia,10371,5253,5118,345,337,793,765,785,865,770,753,1284,1229,970,1019,354,96,True
5203302,Bela Vista de Goiás,GO,Goiás,5201,Goiânia,520001,Goiânia,34443,17304,17139,955,933,2520,2490,2575,2752,2521,2501,5114,5050,3587,3070,921,309,True
5203401,Bom Jardim de Goiás,GO,Goiás,5204,São Luís de Montes Belos - Iporá,520014,Iporá,7826,3966,3860,184,199,454,480,527,489,569,620,1480,1422,1585,834,192,69,True
5203500,Bom Jesus de Goiás,GO,Goiás,5202,Itumbiara,520007,Itumbiara,23958,12008,11950,713,726,1902,1916,2020,1861,1736,1820,2940,2976,2551,2574,836,280,True
5203559,Bonfinópolis,GO,Goiás,5201,Goiânia,520001,Goiânia,10296,5171,5125,296,324,786,756,766,752,793,809,1366,1421,1143,877,209,60,True
5203575,Bonópolis,GO,Goiás,5205,Porangatu - Uruaçu,520016,Porangatu,3299,1683,1616,101,95,223,200,242,255,282,249,470,431,616,314,54,6,True
5203609,Brazabrantes,GO,Goiás,5201,Goiânia,520001,Goiânia,3992,1984,2008,106,94,241,226,344,344,292,280,611,646,506,409,103,31,True
5203807,Britânia,GO,Goiás,5201,Goiânia,520005,Goiás - Itapuranga,5695,2867,2828,179,155,354,363,388,402,465,450,854,890,976,606,139,61,True
5203906,Buriti Alegre,GO,Goiás,5202,Itumbiara,520007,Itumbiara,10495,5261,5234,264,259,757,650,743,751,774,796,1657,1777,1520,1095,291,111,True
5203939,Buriti de Goiás,GO,Goiás,5204,São Luís de Montes Belos - Iporá,520013,São Luís de Montes Belos,2732,1372,1360,60,56,172,153,182,190,191,203,501,519,529,298,77,16,True
5203962,Buritinópolis,GO,Goiás,5206,Luziânia - Águas Lindas de Goiás,520021,Posse-Campos Belos,3145,1588,1557,85,95,220,182,262,234,226,232,445,448,604,235,45,9,True
5204003,Cabeceiras,GO,Goiás,5206,Luziânia - Águas Lindas de Goiás,520020,Águas Lindas de Goiás,7560,3853,3707,253,240,614,553,558,579,573,521,976,962,1475,574,128,48,True
5204102,Cachoeira Alta,GO,Goiás,5203,Rio Verde,520010,Rio Verde,11432,5821,5611,335,307,812,815,919,842,853,773,1665,1627,1276,1336,472,195,True
5204201,Cachoeira de Goiás,GO,Goiás,5204,São Luís de Montes Belos - Iporá,520013,São Luís de Montes Belos,1405,707,698,37,29,73,71,93,86,110,113,262,271,282,156,37,13,True
5204250,Cachoeira Dourada,GO,Goiás,5202,Itumbiara,520007,Itumbiara,7782,3884,3898,203,172,447,440,553,541,580,582,1339,1404,1241,953,322,103,True
5204300,Caçu,GO,Goiás,5203,Rio Verde,520010,Rio Verde,13774,6856,6918,394,370,928,904,978,1059,983,1050,2137,2208,1564,1702,671,333,True
5204409,Caiapônia,GO,Goiás,5203,Rio Verde,520011,Jataí-Mineiros,16513,8311,8202,431,387,1069,1073,1129,1162,1237,1229,2784,2776,2956,1794,515,176,True
5204508,Caldas Novas,GO,Goiás,5202,Itumbiara,520008,Caldas Novas-Morrinhos,98443,48091,50352,3015,2881,7755,7789,7666,8275,6991,7709,11527,12871,8051,9468,3437,1406,True
5204557,Caldazinha,GO,Goiás,5201,Goiânia,520001,Goiânia,4507,2341,2166,150,132,279,267,316,282,374,353,726,674,453,360,99,34,True
5204607,Campestre de Goiás,GO,Goiás,5204,São Luís de Montes Belos - Iporá,520015,Palmeiras de Goiás,3755,1929,1826,109,85,265,251,263,255,285,273,593,568,566,343,72,17,True
5204656,Campinaçu,GO,Goiás,5205,Porangatu - Uruaçu,520016,Porangatu,3708,1922,1786,99,86,229,209,230,272,306,273,643,549,701,316,73,15,True
5204706,Campinorte,GO,Goiás,5205,Porangatu - Uruaçu,520017,Uruaçu - Niquelândia,12510,6266,6244,365,342,929,917,975,973,986,939,1621,1680,1724,1165,345,100,True
5204805,Campo Alegre de Goiás,GO,Goiás,5201,Goiânia,520004,Catalão,7422,3835,3587,227,200,519,498,598,596,608,566,951,881,776,781,228,69,True
5204854,Campo Limpo de Goiás,GO,Goiás,5201,Goiânia,520002,Anápolis,8081,4084,3997,243,257,650,639,592,597,547,561,946,951,964,715,131,56,True
5204904,Campos Belos,GO,Goiás,5206,Luziânia - Águas Lindas de Goiás,520021,Posse-Campos Belos,18108,8790,9318,589,634,1254,1355,1357,1491,1364,1474,2047,2217,3012,1472,426,181,True
5204953,Campos Verdes,GO,Goiás,5205,Porangatu - Uruaçu,520018,Ceres - Rialma - Goianésia,4005,1997,2008,103,105,226,237,228,255,302,294,697,710,1062,335,69,20,True
5205000,Carmo do Rio Verde,GO,Goiás,5205,Porangatu - Uruaçu,520018,Ceres - Rialma - Goianésia,9710,4906,4804,260,248,686,678,687,644,747,758,1575,1563,1539,966,227,61,True
5205059,Castelândia,GO,Goiás,5203,Rio Verde,520010,Rio Verde,2985,1501,1484,92,74,180,197,198,188,248,233,491,498,621,379,100,30,True
5205109,Catalão,GO,Goiás,5201,Goiânia,520004,Catalão,114105,56861,57244,3276,3161,9109,9085,9785,9633,8997,8954,13633,15057,8372,11420,5310,2314,True
5205208,Caturaí,GO,Goiás,5201,Goiânia,520001,Goiânia,5184,2609,2575,140,142,346,319,348,368,416,401,845,813,778,522,141,36,True
5205307,Cavalcante,GO,Goiás,5206,Luziânia - Águas Lindas de Goiás,520022,Flores de Goiás,9578,4925,4653,331,300,641,634,657,704,691,608,1278,1124,1751,474,145,64,True
5205406,Ceres,GO,Goiás,5205,Porangatu - Uruaçu,520018,Ceres - Rialma - Goianésia,22000,10653,11347,589,562,1534,1580,1559,1639,1595,1725,3265,3837,2773,2489,985,488,True
5205455,Cezarina,GO,Goiás,5204,São Luís de Montes Belos - Iporá,520015,Palmeiras de Goiás,8090,4104,3986,170,176,503,535,562,575,677,625,1322,1284,1172,842,227,67,True
5205471,Chapadão do Céu,GO,Goiás,5203,Rio Verde,520011,Jataí-Mineiros,12870,6590,6280,384,393,1138,1118,1347,1233,992,899,978,882,377,1005,521,156,True
5205497,Cidade Ocidental,GO,Goiás,5206,Luziânia - Águas Lindas de Goiás,520019,Luziânia,91686,44430,47256,3097,3077,7907,7972,7600,8438,6453,7397,7197,8739,6082,6164,2255,777,True
5205513,Cocalzinho de Goiás,GO,Goiás,5206,Luziânia - Águas Lindas de Goiás,520020,Águas Lindas de Goiás,25016,12835,12181,774,749,1868,1829,1983,1928,2040,1859,3229,3067,2843,1624,357,105,True
5205521,Colinas do Sul,GO,Goiás,5205,Porangatu - Uruaçu,520017,Uruaçu - Niquelândia,4030,2083,1947,108,104,280,271,276,293,271,292,625,499,650,272,73,20,True
5205703,Córrego do Ouro,GO,Goiás,5204,São Luís de Montes Belos - Iporá,520013,São Luís de Montes Belos,2454,1237,1217,63,58,125,105,134,142,170,181,521,509,548,286,75,11,True
5205802,Corumbá de Goiás,GO,Goiás,5201,Goiânia,520002,Anápolis,10428,5299,5129,343,308,748,657,681,727,818,741,1597,1579,2020,815,198,94,True
5205901,Corumbaíba,GO,Goiás,5202,Itumbiara,520008,Caldas Novas-Morrinhos,9164,4665,4499,259,224,663,645,655,656,660,665,1461,1392,1105,984,349,94,True
5206206,Cristalina,GO,Goiás,5206,Luziânia - Águas Lindas de Goiás,520019,Luziânia,62337,31626,30711,2032,1992,5417,5204,5121,5049,4605,4357,6360,6169,5997,4536,1561,639,True
5206305,Cristianópolis,GO,Goiás,5202,Itumbiara,520009,Piracanjuba,3504,1761,1743,99,84,203,207,256,262,272,276,596,591,540,366,72,35,True
5206404,Crixás,GO,Goiás,5205,Porangatu - Uruaçu,520018,Ceres - Rialma - Goianésia,17065,8749,8316,460,425,1181,1216,1355,1272,1377,1306,2513,2308,2288,1569,560,191,True
5206503,Cromínia,GO,Goiás,5202,Itumbiara,520009,Piracanjuba,3883,1937,1946,101,101,227,220,239,242,277,278,729,735,598,415,123,45,True
5206602,Cumari,GO,Goiás,5201,Goiânia,520004,Catalão,2923,1481,1442,59,72,175,147,170,186,229,211,559,557,511,371,90,45,True
5206701,Damianópolis,GO,Goiás,5206,Luziânia - Águas Lindas de Goiás,520021,Posse-Campos Belos,3770,1902,1868,117,104,254,243,287,288,319,308,509,512,730,225,40,6,True
5206800,Damolândia,GO,Goiás,5201,Goiânia,520003,Inhumas - Itaberaí - Anicuns,2724,1344,1380,74,50,148,191,217,185,198,185,491,542,532,313,74,17,True
5206909,Davinópolis,GO,Goiás,5201,Goiânia,520004,Catalão,1902,960,942,41,49,103,93,115,122,135,145,357,343,343,300,82,24,True
5207105,Diorama,GO,Goiás,5204,São Luís de Montes Belos - Iporá,520014,Iporá,2062,1038,1024,47,52,104,96,104,104,155,162,436,411,478,280,60,22,True
5208301,Divinópolis de Goiás,GO,Goiás,5206,Luziânia - Águas Lindas de Goiás,520021,Posse-Campos Belos,4457,2218,2239,147,146,287,283,310,305,339,334,673,649,957,298,71,24,True
5207253,Doverlândia,GO,Goiás,5203,Rio Verde,520011,Jataí-Mineiros,6956,3597,3359,195,154,472,422,458,471,557,563,1200,1063,1432,787,212,73,True
5207352,Edealina,GO,Goiás,5202,Itumbiara,520009,Piracanjuba,4001,2007,1994,114,100,238,244,249,281,315,290,711,689,729,423,126,57,True
5207402,Edéia,GO,Goiás,5204,São Luís de Montes Belos - Iporá,520015,Palmeiras de Goiás,11696,5832,5864,288,320,894,870,827,817,868,960,1712,1716,1549,1509,443,220,True
5207501,Estrela do Norte,GO,Goiás,5205,Porangatu - Uruaçu,520016,Porangatu,3205,1580,1625,78,84,227,234,226,202,192,240,524,542,550,371,101,33,True
5207535,Faina,GO,Goiás,5201,Goiânia,520005,Goiás - Itapuranga,7070,3667,3403,185,164,398,363,430,470,586,556,1396,1216,1423,641,124,37,True
5207600,Fazenda Nova,GO,Goiás,5204,São Luís de Montes Belos - Iporá,520013,São Luís de Montes Belos,5857,2958,2899,145,143,330,307,323,343,434,449,1219,1153,1276,673,143,40,True
5207808,Firminópolis,GO,Goiás,5204,São Luís de Montes Belos - Iporá,520015,Palmeiras de Goiás,10419,5065,5354,268,252,624,630,654,705,688,779,1848,2048,2021,1303,363,123,True
5207907,Flores de Goiás,GO,Goiás,5206,Luziânia - Águas Lindas de Goiás,520022,Flores de Goiás,13744,7226,6518,534,462,996,981,1003,1050,1083,919,1992,1544,1956,548,91,37,True
5208004,Formosa,GO,Goiás,5206,Luziânia - Águas Lindas de Goiás,520020,Águas Lindas de Goiás,115208,56644,58564,3830,3726,9442,9860,9106,9631,8425,8867,12213,13340,13895,9397,3767,2118,True
5208103,Formoso,GO,Goiás,5205,Porangatu - Uruaçu,520016,Porangatu,4660,2353,2307,121,127,272,266,273,282,343,366,852,832,1039,406,130,36,True
5208152,Gameleira de Goiás,GO,Goiás,5201,Goiânia,520002,Anápolis,3456,1789,1667,103,86,209,204,221,228,298,268,590,519,560,352,70,44,True
5208400,Goianápolis,GO,Goiás,5201,Goiânia,520002,Anápolis,13967,7007,6960,390,379,1070,1086,1092,1160,1073,994,1788,1768,1740,997,283,69,True
5208509,Goiandira,GO,Goiás,5201,Goiânia,520004,Catalão,4973,2457,2516,142,116,304,284,297,300,386,397,879,954,748,671,241,73,True
5208608,Goianésia,GO,Goiás,5205,Porangatu - Uruaçu,520018,Ceres - Rialma - Goianésia,73375,36226,37149,2226,2118,5931,6075,5768,5763,5397,5630,8898,9789,6766,7463,2479,975,True
5208707,Goiânia,GO,Goiás,5201,Goiânia,520001,Goiânia,1436947,680621,756326,38449,38285,114595,118918,115493,125508,104567,117413,166974,219565,108993,152677,84690,63891,True
5208806,Goianira,GO,Goiás,5201,Goiânia,520001,Goiânia,71916,36001,35915,2242,2071,5421,5642,6602,6923,5844,5568,6435,6822,4407,4422,978,204,True
5208905,Goiás,GO,Goiás,5201,Goiânia,520005,Goiás - Itapuranga,23964,11858,12106,611,569,1435,1447,1613,1656,1800,1883,4258,4493,4164,2685,936,380,True
5209101,Goiatuba,GO,Goiás,5202,Itumbiara,520007,Itumbiara,35664,17560,18104,1031,989,2630,2595,2639,2741,2684,2681,5027,5695,4495,4081,1434,540,True
5209150,Gouvelândia,GO,Goiás,5203,Rio Verde,520012,Quirinópolis,4390,2233,2157,112,121,245,258,325,290,318,344,706,667,851,601,144,40,True
5209200,Guapó,GO,Goiás,5201,Goiânia,520001,Goiânia,19545,9679,9866,564,531,1468,1501,1398,1453,1476,1517,2410,2591,2318,1531,431,109,True
5209291,Guaraíta,GO,Goiás,5201,Goiânia,520005,Goiás - Itapuranga,2188,1090,1098,55,49,104,83,124,141,156,173,482,467,549,235,43,9,True
5209408,Guarani de Goiás,GO,Goiás,5206,Luziânia - Águas Lindas de Goiás,520021,Posse-Campos Belos,4085,2119,1966,128,127,247,223,261,288,334,275,691,604,821,237,58,10,True
5209457,Guarinos,GO,Goiás,5205,Porangatu - Uruaçu,520018,Ceres - Rialma - Goianésia,2161,1131,1030,55,53,102,110,134,138,175,144,466,399,533,166,29,3,True
5209606,Heitoraí,GO,Goiás,5201,Goiânia,520003,Inhumas - Itaberaí - Anicuns,3354,1711,1643,92,89,187,158,211,221,246,248,639,645,752,325,58,16,True
5209705,Hidrolândia,GO,Goiás,5201,Goiânia,520001,Goiânia,27742,14021,13721,827,807,2076,2025,2269,2232,2004,2064,3644,3507,2401,2018,672,281,True
5209804,Hidrolina,GO,Goiás,5205,Porangatu - Uruaçu,520017,Uruaçu - Niquelândia,3542,1794,1748,83,79,199,192,214,218,277,269,680,666,842,372,95,26,True
5209903,Iaciara,GO,Goiás,5206,Luziânia - Águas Lindas de Goiás,520021,Posse-Campos Belos,10579,5350,5229,441,406,734,720,721,754,782,763,1309,1295,2066,729,156,68,True
5209937,Inaciolândia,GO,Goiás,5203,Rio Verde,520012,Quirinópolis,5954,2993,2961,174,175,392,384,440,429,471,454,886,880,885,697,159,51,True
5209952,Indiara,GO,Goiás,5204,São Luís de Montes Belos - Iporá,520015,Palmeiras de Goiás,17061,8771,8290,476,444,1277,1292,1481,1350,1324,1224,2328,2259,1951,1647,437,120,True
5210000,Inhumas,GO,Goiás,5201,Goiânia,520003,Inhumas - Itaberaí - Anicuns,51923,25119,26804,1422,1414,3714,3881,3874,4012,3789,4056,7207,8493,6324,6105,1887,683,True
5210109,Ipameri,GO,Goiás,5201,Goiânia,520004,Catalão,25548,12724,12824,771,722,1937,1726,1820,1790,1835,1840,3800,4164,3708,2817,876,357,True
5210158,Ipiranga de Goiás,GO,Goiás,5205,Porangatu - Uruaçu,520018,Ceres - Rialma - Goianésia,2919,1501,1418,55,58,187,159,171,184,214,192,598,585,622,290,68,12,True
5210208,Iporá,GO,Goiás,5204,São Luís de Montes Belos - Iporá,520014,Iporá,35513,17269,18244,923,884,2361,2420,2474,2617,2419,2725,5654,6287,5489,3639,1197,478,True
5210307,Israelândia,GO,Goiás,5204,São Luís de Montes Belos - Iporá,520014,Iporá,2508,1269,1239,65,45,148,108,130,159,191,203,524,509,590,296,84,27,True
5210406,Itaberaí,GO,Goiás,5201,Goiânia,520003,Inhumas - Itaberaí - Anicuns,44734,22318,22416,1292,1262,3765,3628,3594,3654,3226,3288,5545,5818,4741,4358,1309,528,True
5210562,Itaguari,GO,Goiás,5201,Goiânia,520003,Inhumas - Itaberaí - Anicuns,4963,2502,2461,142,128,356,383,359,389,371,364,780,772,841,588,106,32,True
5210604,Itaguaru,GO,Goiás,5201,Goiânia,520003,Inhumas - Itaberaí - Anicuns,4904,2459,2445,124,108,265,235,264,342,419,361,995,1021,1048,573,153,51,True
5210802,Itajá,GO,Goiás,5203,Rio Verde,520010,Rio Verde,4380,2158,2222,112,120,260,292,284,328,318,301,738,757,832,595,162,60,True
5210901,Itapaci,GO,Goiás,5205,Porangatu - Uruaçu,520018,Ceres - Rialma - Goianésia,21087,10582,10505,605,612,1560,1570,1571,1608,1622,1569,2859,2925,2873,2149,550,212,True
5211008,Itapirapuã,GO,Goiás,5201,Goiânia,520005,Goiás - Itapuranga,8007,4005,4002,222,177,533,505,475,549,590,594,1414,1431,1617,808,195,61,True
5211206,Itapuranga,GO,Goiás,5201,Goiânia,520005,Goiás - Itapuranga,26040,12881,13159,676,594,1591,1643,1765,1882,2036,2022,4432,4779,5043,2841,740,223,True
5211305,Itarumã,GO,Goiás,5203,Rio Verde,520010,Rio Verde,6101,3137,2964,191,156,354,373,447,456,429,442,1032,908,876,792,222,118,True
5211404,Itauçu,GO,Goiás,5201,Goiânia,520003,Inhumas - Itaberaí - Anicuns,7685,3755,3930,179,179,497,453,514,523,559,574,1338,1508,1491,999,262,90,True
5211503,Itumbiara,GO,Goiás,5202,Itumbiara,520007,Itumbiara,107655,52204,55451,2878,2801,7849,8039,8119,8356,7909,8524,14117,16734,11126,12160,4742,1948,True
5211602,Ivolândia,GO,Goiás,5204,São Luís de Montes Belos - Iporá,520013,São Luís de Montes Belos,2693,1357,1336,66,54,124,142,158,168,196,196,551,517,604,264,61,18,True
5211701,Jandaia,GO,Goiás,5204,São Luís de Montes Belos - Iporá,520015,Palmeiras de Goiás,6272,3181,3091,167,137,368,338,361,391,446,528,1221,1157,1153,760,208,58,True
5211800,Jaraguá,GO,Goiás,5201,Goiânia,520002,Anápolis,45223,22548,22675,1425,1359,3397,3322,3355,3503,3383,3464,6065,6359,5855,5232,1244,357,True
5211909,Jataí,GO,Goiás,5203,Rio Verde,520011,Jataí-Mineiros,105257,51728,53529,3181,3089,8660,8757,8436,8463,7491,7967,12346,13888,9223,10823,4525,2272,True
5212006,Jaupaci,GO,Goiás,5204,São Luís de Montes Belos - Iporá,520014,Iporá,2924,1461,1463,78,62,185,166,151,168,216,237,587,558,624,299,75,20,True
5212055,Jesúpolis,GO,Goiás,5201,Goiânia,520002,Anápolis,2123,1087,1036,58,45,109,96,114,124,158,167,401,363,462,207,52,10,True
5212105,Joviânia,GO,Goiás,5202,Itumbiara,520007,Itumbiara,7159,3626,3533,206,170,566,521,543,502,511,525,1081,1113,1090,905,230,118,True
5212204,Jussara,GO,Goiás,5201,Goiânia,520005,Goiás - Itapuranga,19569,9708,9861,511,478,1253,1269,1350,1397,1521,1604,3078,3216,3145,2206,628,249,True
5212253,Lagoa Santa,GO,Goiás,5203,Rio Verde,520010,Rio Verde,1390,686,704,40,34,100,92,101,111,83,107,204,192,183,158,55,30,True
5212303,Leopoldo de Bulhões,GO,Goiás,5201,Goiânia,520002,Anápolis,8745,4436,4309,234,215,532,586,635,618,659,633,1453,1329,1301,834,209,72,True
5212501,Luziânia,GO,Goiás,5206,Luziânia - Águas Lindas de Goiás,520019,Luziânia,208268,102943,105325,7337,6970,17261,17381,16126,16933,15063,15967,20496,22435,22547,17798,5444,2080,True
5212600,Mairipotaba,GO,Goiás,5202,Itumbiara,520009,Piracanjuba,2561,1306,1255,70,59,128,131,160,162,174,178,543,502,416,258,76,39,True
5212709,Mambaí,GO,Goiás,5206,Luziânia - Águas Lindas de Goiás,520021,Posse-Campos Belos,8124,4138,3986,246,247,697,635,671,657,555,537,888,818,1155,396,75,31,True
5212808,Mara Rosa,GO,Goiás,5205,Porangatu - Uruaçu,520017,Uruaçu - Niquelândia,10700,5437,5263,298,273,713,702,733,715,796,823,1770,1694,1952,1061,259,117,True
5212907,Marzagão,GO,Goiás,5202,Itumbiara,520008,Caldas Novas-Morrinhos,2758,1403,1355,97,93,228,224,204,201,182,208,360,351,322,254,72,30,True
5212956,Matrinchã,GO,Goiás,5201,Goiânia,520005,Goiás - Itapuranga,4032,2032,2000,111,130,235,240,276,302,312,318,682,653,862,463,83,24,True
5213004,Maurilândia,GO,Goiás,5203,Rio Verde,520010,Rio Verde,10304,5226,5078,318,298,773,758,841,798,748,775,1312,1262,1391,1553,388,97,True
5213053,Mimoso de Goiás,GO,Goiás,5206,Luziânia - Águas Lindas de Goiás,520020,Águas Lindas de Goiás,2614,1348,1266,78,80,125,134,166,188,217,188,455,385,523,193,44,21,True
5213087,Minaçu,GO,Goiás,5205,Porangatu - Uruaçu,520016,Porangatu,27002,13496,13506,813,769,1675,1710,1714,1901,2147,2246,4216,4141,4633,3148,1063,314,True
5213103,Mineiros,GO,Goiás,5203,Rio Verde,520011,Jataí-Mineiros,69996,34824,35172,2069,2108,5933,6200,6237,6176,4874,4861,7316,7706,5351,6375,2549,1069,True
5213400,Moiporá,GO,Goiás,5204,São Luís de Montes Belos - Iporá,520013,São Luís de Montes Belos,1685,843,842,41,31,84,81,96,100,121,117,354,372,387,173,37,13,True
5213509,Monte Alegre de Goiás,GO,Goiás,5206,Luziânia - Águas Lindas de Goiás,520021,Posse-Campos Belos,6692,3470,3222,226,221,405,375,421,470,456,397,994,878,1432,381,122,28,True
5213707,Montes Claros de Goiás,GO,Goiás,5204,São Luís de Montes Belos - Iporá,520014,Iporá,8755,4470,4285,235,188,581,586,675,561,679,708,1384,1336,1415,918,254,79,True
5213756,Montividiu,GO,Goiás,5203,Rio Verde,520010,Rio Verde,12521,6371,6150,412,392,1081,1041,1060,1053,906,891,1446,1354,1183,1355,437,188,True
5213772,Montividiu do Norte,GO,Goiás,5205,Porangatu - Uruaçu,520016,Porangatu,3779,1976,1803,110,92,244,218,215,251,296,300,736,545,693,205,43,11,True
5213806,Morrinhos,GO,Goiás,5202,Itumbiara,520008,Caldas Novas-Morrinhos,51123,25368,25755,1440,1385,3947,3818,3957,3855,3721,3859,7134,7727,5924,5586,1761,654,True
5213855,Morro Agudo de Goiás,GO,Goiás,5205,Porangatu - Uruaçu,520018,Ceres - Rialma - Goianésia,2456,1210,1246,60,64,135,125,145,152,187,194,447,454,498,254,55,12,True
5213905,Mossâmedes,GO,Goiás,5201,Goiânia,520005,Goiás - Itapuranga,4654,2334,2320,105,128,297,264,298,304,325,370,893,850,994,520,129,65,True
5214002,Mozarlândia,GO,Goiás,5201,Goiânia,520005,Goiás - Itapuranga,14670,7278,7392,468,422,1190,1149,1080,1206,1102,1120,1756,1763,1941,1624,427,132,True
5214051,Mundo Novo,GO,Goiás,5205,Porangatu - Uruaçu,520016,Porangatu,6189,3186,3003,185,173,455,381,388,449,500,497,1020,905,1327,562,133,32,True
5214101,Mutunópolis,GO,Goiás,5205,Porangatu - Uruaçu,520016,Porangatu,3564,1818,1746,90,94,210,207,233,221,298,292,639,585,828,331,83,22,True
5214408,Nazário,GO,Goiás,5204,São Luís de Montes Belos - Iporá,520015,Palmeiras de Goiás,8189,4074,4115,220,225,567,529,552,612,630,627,1251,1275,1369,976,228,72,True
5214507,Nerópolis,GO,Goiás,5201,Goiânia,520001,Goiânia,31932,15580,16352,998,978,2485,2589,2478,2668,2313,2452,3568,4050,3323,2766,782,230,True
5214606,Niquelândia,GO,Goiás,5205,Porangatu - Uruaçu,520017,Uruaçu - Niquelândia,34813,17440,17373,1009,949,2119,2157,2392,2525,2673,2755,5708,5509,6080,4155,1351,554,True
5214705,Nova América,GO,Goiás,5205,Porangatu - Uruaçu,520018,Ceres - Rialma - Goianésia,2319,1177,1142,65,57,147,126,110,154,185,174,431,404,446,265,49,10,True
5214804,Nova Aurora,GO,Goiás,5201,Goiânia,520004,Catalão,2101,1075,1026,59,55,115,108,133,122,160,142,392,374,307,302,87,24,True
5214838,Nova Crixás,GO,Goiás,5201,Goiânia,520005,Goiás - Itapuranga,12815,6606,6209,323,371,974,910,1051,958,1033,985,1732,1529,2049,1299,260,90,True
5214861,Nova Glória,GO,Goiás,5205,Porangatu - Uruaçu,520018,Ceres - Rialma - Goianésia,8310,4188,4122,232,217,514,497,473,510,615,592,1579,1588,1882,765,144,50,True
5214879,Nova Iguaçu de Goiás,GO,Goiás,5205,Porangatu - Uruaçu,520017,Uruaçu - Niquelândia,3010,1543,1467,77,66,182,184,214,219,207,232,502,433,529,290,54,10,True
5214903,Nova Roma,GO,Goiás,5206,Luziânia - Águas Lindas de Goiás,520021,Posse-Campos Belos,3063,1593,1470,89,95,156,146,205,189,212,211,552,476,731,263,43,19,True
5215009,Nova Veneza,GO,Goiás,5201,Goiânia,520001,Goiânia,9470,4730,4740,289,271,703,644,745,723,686,659,1373,1527,1175,915,232,89,True
5215207,Novo Brasil,GO,Goiás,5201,Goiânia,520005,Goiás - Itapuranga,3527,1794,1733,86,74,184,182,243,253,269,255,677,677,715,463,82,37,True
5215231,Novo Gama,GO,Goiás,5206,Luziânia - Águas Lindas de Goiás,520019,Luziânia,103652,50913,52739,3716,3650,8979,9100,7750,8291,7202,7766,9559,10809,11606,9879,3055,692,True
5215256,Novo Planalto,GO,Goiás,5205,Porangatu - Uruaçu,520016,Porangatu,3716,1894,1822,98,85,225,193,244,271,316,310,614,575,826,312,67,20,True
5215306,Orizona,GO,Goiás,5201,Goiânia,520006,Pires do Rio,16346,8292,8054,415,413,1175,1050,1197,1173,1189,1214,2763,2681,2261,1625,559,240,True
5215405,Ouro Verde de Goiás,GO,Goiás,5201,Goiânia,520002,Anápolis,4048,2045,2003,125,99,235,250,251,265,311,279,734,712,724,386,108,36,True
5215504,Ouvidor,GO,Goiás,5201,Goiânia,520004,Catalão,7200,3643,3557,206,188,502,486,544,548,574,561,1081,1075,717,737,246,70,True
5215603,Padre Bernardo,GO,Goiás,5206,Luziânia - Águas Lindas de Goiás,520020,Águas Lindas de Goiás,34858,17465,17393,1193,1192,2592,2542,2410,2543,2460,2499,4389,4310,4704,2212,565,200,True
5215652,Palestina de Goiás,GO,Goiás,5204,São Luís de Montes Belos - Iporá,520014,Iporá,3132,1586,1546,84,73,184,190,194,207,208,244,615,526,599,401,77,22,True
5215702,Palmeiras de Goiás,GO,Goiás,5204,São Luís de Montes Belos - Iporá,520015,Palmeiras de Goiás,31858,15817,16041,901,911,2710,2562,2589,2583,2270,2464,3854,4017,3631,2835,836,270,True
5215801,Palmelo,GO,Goiás,5201,Goiânia,520006,Pires do Rio,2259,1082,1177,61,64,149,140,125,131,150,178,406,470,366,282,73,35,True
5215900,Palminópolis,GO,Goiás,5204,São Luís de Montes Belos - Iporá,520015,Palmeiras de Goiás,3851,1904,1947,83,93,259,246,249,267,256,298,708,674,641,453,102,50,True
5216007,Panamá,GO,Goiás,5202,Itumbiara,520007,Itumbiara,2455,1229,1226,67,54,120,125,170,151,163,180,468,481,502,348,84,15,True
5216304,Paranaiguara,GO,Goiás,5203,Rio Verde,520012,Quirinópolis,7607,3630,3977,187,172,409,455,512,567,545,620,1273,1447,1328,1142,343,133,True
5216403,Paraúna,GO,Goiás,5204,São Luís de Montes Belos - Iporá,520015,Palmeiras de Goiás,10639,5213,5426,297,263,786,799,707,783,817,925,1474,1556,1664,1251,340,141,True
5216452,Perolândia,GO,Goiás,5203,Rio Verde,520011,Jataí-Mineiros,2964,1576,1388,103,85,210,209,210,192,230,239,450,372,446,327,91,31,True
5216809,Petrolina de Goiás,GO,Goiás,5201,Goiânia,520002,Anápolis,9573,4789,4784,248,231,609,616,640,620,761,721,1708,1758,1707,1039,320,138,True
5216908,Pilar de Goiás,GO,Goiás,5205,Porangatu - Uruaçu,520018,Ceres - Rialma - Goianésia,2328,1225,1103,62,48,109,120,142,152,194,168,471,399,555,247,47,16,True
5217104,Piracanjuba,GO,Goiás,5202,Itumbiara,520009,Piracanjuba,24813,12441,12372,628,580,1626,1610,1691,1602,1813,1882,4383,4509,3941,2958,937,390,True
5217203,Piranhas,GO,Goiás,5204,São Luís de Montes Belos - Iporá,520014,Iporá,11645,5843,5802,296,261,781,807,739,765,896,872,2008,2032,2314,1110,321,141,True
5217302,Pirenópolis,GO,Goiás,5201,Goiânia,520002,Anápolis,26690,13423,13267,753,762,1851,1832,1911,1850,2030,1995,4107,4212,3643,2531,690,233,True
5217401,Pires do Rio,GO,Goiás,5201,Goiânia,520006,Pires do Rio,32279,15961,16318,910,870,2618,2516,2405,2403,2304,2391,4673,5108,3708,3658,1272,449,True
5217609,Planaltina,GO,Goiás,5206,Luziânia - Águas Lindas de Goiás,520020,Águas Lindas de Goiás,104448,51352,53094,3587,3488,8934,9016,8348,8767,7357,7988,9392,10685,10921,8184,2249,581,True
5217708,Pontalina,GO,Goiás,5202,Itumbiara,520009,Piracanjuba,18257,8929,9328,459,480,1278,1277,1196,1264,1324,1454,3027,3189,3012,1998,547,217,True
5218003,Porangatu,GO,Goiás,5205,Porangatu - Uruaçu,520016,Porangatu,44200,21866,22334,1348,1305,3190,3162,3136,3341,3258,3366,6048,6506,6912,4202,1391,509,True
5218052,Porteirão,GO,Goiás,5203,Rio Verde,520010,Rio Verde,4070,2098,1972,135,121,309,296,331,349,334,308,492,412,355,503,147,39,True
5218102,Portelândia,GO,Goiás,5203,Rio Verde,520011,Jataí-Mineiros,3280,1668,1612,92,89,202,192,252,226,218,228,549,531,560,464,128,32,True
5218300,Posse,GO,Goiás,5206,Luziânia - Águas Lindas de Goiás,520021,Posse-Campos Belos,34851,17329,17522,1174,1146,2608,2750,2805,2971,2538,2626,3817,3805,4970,2418,782,314,True
5218391,Professor Jamil,GO,Goiás,5202,Itumbiara,520009,Piracanjuba,3649,1877,1772,107,91,223,231,229,223,278,275,668,631,558,370,101,32,True
5218508,Quirinópolis,GO,Goiás,5203,Rio Verde,520012,Quirinópolis,48295,23885,24410,1294,1294,3421,3469,3794,3765,3672,3697,6498,7189,5611,5717,1931,653,True
5218607,Rialma,GO,Goiás,5205,Porangatu - Uruaçu,520018,Ceres - Rialma - Goianésia,12113,5959,6154,344,337,901,861,881,872,878,969,1698,1958,1519,1281,385,118,True
5218706,Rianápolis,GO,Goiás,5205,Porangatu - Uruaçu,520018,Ceres - Rialma - Goianésia,3980,1962,2018,100,99,275,278,276,276,291,304,649,724,732,515,125,48,True
5218789,Rio Quente,GO,Goiás,5202,Itumbiara,520008,Caldas Novas-Morrinhos,3856,1932,1924,148,114,267,274,268,272,315,327,477,510,382,460,142,34,True
5218805,Rio Verde,GO,Goiás,5203,Rio Verde,520010,Rio Verde,224987,112464,112523,6735,6508,20231,20020,21296,20744,16180,16384,21946,24178,18090,22576,8835,4124,True
5218904,Rubiataba,GO,Goiás,5205,Porangatu - Uruaçu,520018,Ceres - Rialma - Goianésia,19719,9730,9989,542,514,1500,1394,1322,1379,1416,1473,3037,3368,3266,2198,574,185,True
5219001,Sanclerlândia,GO,Goiás,5204,São Luís de Montes Belos - Iporá,520013,São Luís de Montes Belos,7918,3949,3969,219,185,567,509,534,540,542,623,1331,1411,1391,918,235,83,True
5219100,Santa Bárbara de Goiás,GO,Goiás,5204,São Luís de Montes Belos - Iporá,520015,Palmeiras de Goiás,6144,3024,3120,174,161,463,421,451,445,407,472,880,946,891,698,164,31,True
5219209,Santa Cruz de Goiás,GO,Goiás,5201,Goiânia,520006,Pires do Rio,3002,1598,1404,65,47,135,118,188,203,234,220,682,543,582,352,88,41,True
5219258,Santa Fé de Goiás,GO,Goiás,5201,Goiânia,520005,Goiás - Itapuranga,4951,2580,2371,153,142,393,351,323,355,394,373,735,650,720,661,113,33,True
5219308,Santa Helena de Goiás,GO,Goiás,5203,Rio Verde,520010,Rio Verde,38449,18865,19584,1026,970,2724,2693,2929,2979,2847,3003,5501,6077,5180,4556,1334,529,True
5219357,Santa Isabel,GO,Goiás,5205,Porangatu - Uruaçu,520018,Ceres - Rialma - Goianésia,3538,1798,1740,84,75,179,185,208,205,263,244,742,707,757,386,90,18,True
5219407,Santa Rita do Araguaia,GO,Goiás,5203,Rio Verde,520011,Jataí-Mineiros,5924,2935,2989,181,171,404,375,420,448,458,451,836,886,971,857,257,96,True
5219456,Santa Rita do Novo Destino,GO,Goiás,5205,Porangatu - Uruaçu,520018,Ceres - Rialma - Goianésia,2680,1390,1290,74,59,124,133,160,163,193,179,555,480,524,318,72,18,True
5219506,Santa Rosa de Goiás,GO,Goiás,5201,Goiânia,520002,Anápolis,2811,1425,1386,74,65,156,137,199,169,225,203,530,560,623,260,53,26,True
5219605,Santa Tereza de Goiás,GO,Goiás,5205,Porangatu - Uruaçu,520016,Porangatu,3293,1661,1632,94,90,188,173,195,202,245,253,609,605,878,294,91,26,True
5219704,Santa Terezinha de Goiás,GO,Goiás,5205,Porangatu - Uruaçu,520018,Ceres - Rialma - Goianésia,10645,5379,5266,295,269,649,682,731,728,777,764,1830,1799,2052,806,174,53,True
5219712,Santo Antônio da Barra,GO,Goiás,5203,Rio Verde,520010,Rio Verde,4267,2223,2044,153,131,290,277,342,279,341,325,620,610,682,543,127,28,True
5219738,Santo Antônio de Goiás,GO,Goiás,5201,Goiânia,520001,Goiânia,7386,3595,3791,207,217,513,557,559,608,562,593,918,967,559,570,203,51,True
5219753,Santo Antônio do Descoberto,GO,Goiás,5206,Luziânia - Águas Lindas de Goiás,520019,Luziânia,71963,35474,36489,2674,2555,6123,6093,5462,5759,4983,5399,6596,7310,9072,6227,1371,351,True
5219803,São Domingos,GO,Goiás,5206,Luziânia - Águas Lindas de Goiás,520021,Posse-Campos Belos,9703,5117,4586,312,305,621,537,717,678,812,681,1459,1277,1840,630,168,56,True
5219902,São Francisco de Goiás,GO,Goiás,5201,Goiânia,520002,Anápolis,6378,3236,3142,176,151,439,408,440,443,455,441,1056,1042,1156,627,143,34,True
5220058,São João da Paraúna,GO,Goiás,5204,São Luís de Montes Belos - Iporá,520015,Palmeiras de Goiás,1774,875,899,58,39,97,98,103,123,131,147,325,327,318,195,52,16,True
5220009,São João d'Aliança,GO,Goiás,5206,Luziânia - Águas Lindas de Goiás,520022,Flores de Goiás,13955,7394,6561,479,479,1433,1196,1214,1014,1008,873,1500,1310,1545,855,171,63,True
5220108,São Luís de Montes Belos,GO,Goiás,5204,São Luís de Montes Belos - Iporá,520013,São Luís de Montes Belos,33710,16192,17518,886,837,2384,2627,2303,2468,2324,2622,5018,5767,5074,3623,1153,443,True
5220157,São Luiz do Norte,GO,Goiás,5205,Porangatu - Uruaçu,520017,Uruaçu - Niquelândia,4837,2465,2372,140,131,302,315,373,340,357,379,720,667,848,497,93,19,True
5220207,São Miguel do Araguaia,GO,Goiás,5205,Porangatu - Uruaçu,520016,Porangatu,21820,10991,10829,674,613,1437,1374,1581,1629,1651,1705,3399,3331,3948,2112,540,213,True
5220264,São Miguel do Passa Quatro,GO,Goiás,5201,Goiânia,520002,Anápolis,4367,2198,2169,116,118,260,253,303,310,339,340,762,669,587,460,124,43,True
5220280,São Patrício,GO,Goiás,5205,Porangatu - Uruaçu,520018,Ceres - Rialma - Goianésia,2143,1060,1083,58,58,121,128,126,158,156,168,396,380,396,241,45,8,True
5220405,São Simão,GO,Goiás,5203,Rio Verde,520012,Quirinópolis,17008,8328,8680,465,420,1123,1194,1240,1257,1284,1411,2537,2702,2145,2163,774,297,True
5220454,Senador Canedo,GO,Goiás,5201,Goiânia,520001,Goiânia,155524,77157,78367,5059,4774,13326,13234,14210,15069,11507,11621,12704,14370,10003,10417,2572,502,True
5220504,Serranópolis,GO,Goiás,5203,Rio Verde,520011,Jataí-Mineiros,8008,4156,3852,260,226,589,524,645,642,662,608,1054,991,990,941,307,96,True
5220603,Silvânia,GO,Goiás,5201,Goiânia,520002,Anápolis,22150,11196,10954,675,588,1619,1568,1580,1593,1760,1804,3236,3108,2757,2257,720,314,True
5220686,Simolândia,GO,Goiás,5206,Luziânia - Águas Lindas de Goiás,520021,Posse-Campos Belos,5742,2886,2856,203,202,402,407,427,427,449,437,726,759,1167,458,82,18,True
5220702,Sítio d'Abadia,GO,Goiás,5206,Luziânia - Águas Lindas de Goiás,520021,Posse-Campos Belos,2927,1568,1359,98,77,223,189,222,208,198,192,452,391,547,134,37,8,True
5221007,Taquaral de Goiás,GO,Goiás,5201,Goiânia,520003,Inhumas - Itaberaí - Anicuns,4026,1973,2053,89,89,264,243,294,297,274,324,698,737,701,441,91,30,True
5221080,Teresina de Goiás,GO,Goiás,5206,Luziânia - Águas Lindas de Goiás,520022,Flores de Goiás,2693,1351,1342,98,94,178,182,159,190,176,175,323,306,472,219,59,17,True
5221197,Terezópolis de Goiás,GO,Goiás,5201,Goiânia,520001,Goiânia,7942,3938,4004,265,253,571,600,608,579,590,595,1050,1075,953,738,147,32,True
5221304,Três Ranchos,GO,Goiás,5201,Goiânia,520004,Catalão,2921,1521,1400,60,61,157,143,181,183,211,215,623,536,420,356,106,29,True
5221403,Trindade,GO,Goiás,5201,Goiânia,520001,Goiânia,141762,69032,72730,4305,4099,11022,11657,11736,12271,10349,10828,14701,17632,13662,12849,3502,850,True
5221452,Trombas,GO,Goiás,5205,Porangatu - Uruaçu,520016,Porangatu,3120,1576,1544,97,90,171,147,169,194,203,220,640,582,785,251,42,12,True
5221502,Turvânia,GO,Goiás,5204,São Luís de Montes Belos - Iporá,520015,Palmeiras de Goiás,4480,2244,2236,95,106,277,262,260,271,328,332,850,863,957,512,125,40,True
5221551,Turvelândia,GO,Goiás,5203,Rio Verde,520010,Rio Verde,4985,2567,2418,176,164,357,319,377,396,373,372,674,581,657,530,115,48,True
5221577,Uirapuru,GO,Goiás,5205,Porangatu - Uruaçu,520018,Ceres - Rialma - Goianésia,2798,1420,1378,84,64,145,171,156,170,224,221,517,461,622,269,44,19,True
5221601,Uruaçu,GO,Goiás,5205,Porangatu - Uruaçu,520017,Uruaçu - Niquelândia,42414,20772,21642,1176,1256,3141,3132,3100,3282,3150,3282,5623,6166,5474,3933,1330,583,True
5221700,Uruana,GO,Goiás,5205,Porangatu - Uruaçu,520018,Ceres - Rialma - Goianésia,13678,6770,6908,353,363,902,901,924,922,1052,1017,2297,2423,2947,1270,306,84,True
5221809,Urutaí,GO,Goiás,5201,Goiânia,520006,Pires do Rio,3553,1770,1783,106,95,233,244,244,263,272,249,585,584,455,382,123,41,True
5221858,Valparaíso de Goiás,GO,Goiás,5206,Luziânia - Águas Lindas de Goiás,520019,Luziânia,198778,95671,103107,6131,6003,16683,17899,18214,20132,15047,16584,14643,18570,12979,15268,6676,3062,True
5221908,Varjão,GO,Goiás,5201,Goiânia,520001,Goiânia,3716,1870,1846,97,94,200,196,228,231,272,310,711,689,640,426,112,47,True
5222005,Vianópolis,GO,Goiás,5201,Goiânia,520002,Anápolis,14956,7422,7534,406,431,1125,1072,1089,1106,1206,1180,2019,2044,1681,1474,522,205,True
5222054,Vicentinópolis,GO,Goiás,5202,Itumbiara,520009,Piracanjuba,8768,4497,4271,285,273,762,696,735,672,697,635,1038,1016,904,971,274,97,True
5222203,Vila Boa,GO,Goiás,5206,Luziânia - Águas Lindas de Goiás,520022,Flores de Goiás,4215,2194,2021,177,152,290,284,338,339,317,288,498,430,840,366,88,35,True
5222302,Vila Propício,GO,Goiás,5205,Porangatu - Uruaçu,520018,Ceres - Rialma - Goianésia,5815,3042,2773,183,170,400,364,375,388,448,401,962,799,870,334,77,21,True
5300108,Brasília,DF,Distrito Federal,5301,Distrito Federal,530001,Distrito Federal,2800136,1326750,1473382,85133,83653,219732,225675,214925,242178,211983,248459,302299,390603,185671,225158,144005,198110,True
